filename,tau,delta_p,dP_L,v,mu,rho,d,phi,f,Re_p,f_ergun,steps,converged,stalled,source
r5_phi0.45_seed0.npy,0.9,1e-06,5.24e-09,1.4e-08,0.133333135,0.99999851,10,0.45853961,265818755.1,1.05e-06,433353181.2,2500,True,False,lbm
r5_phi0.45_seed0.npy,0.9,5e-06,2.62e-08,7.02e-08,0.13333234,0.999992548,10,0.45853961,53163436.93,5.26e-06,86670129.72,2500,True,False,lbm
r5_phi0.45_seed0.npy,0.9,1e-05,5.24e-08,1.4e-07,0.133331346,0.999985095,10,0.45853961,26581522.1,1.05e-05,43334748.24,2500,True,False,lbm
r5_phi0.45_seed0.npy,0.9,3e-05,1.57e-07,4.21e-07,0.133327371,0.999955286,10,0.45853961,8860245.522,3.16e-05,14444493.9,2500,True,False,lbm
r5_phi0.45_seed0.npy,0.9,5e-05,2.62e-07,7.02e-07,0.133323397,0.999925477,10,0.45853961,5315990.198,5.26e-05,8666443.02,2500,True,False,lbm
r5_phi0.45_seed0.npy,0.9,7e-05,3.66e-07,9.83e-07,0.133319422,0.999895668,10,0.45853961,3797023.625,7.37e-05,6190135.498,2500,True,False,lbm
r5_phi0.45_seed0.npy,0.9,0.0001,5.24e-07,1.4e-06,0.133313461,0.999850954,10,0.45853961,2657798.689,0.000105273,4332904.85,2500,True,False,lbm
r5_phi0.45_seed0.npy,0.9,0.0003,1.57e-06,4.21e-06,0.133273715,0.999552862,10,0.45853961,885670.941,0.000315912,1443879.343,2500,True,False,lbm
r5_phi0.45_seed0.npy,1.0,1e-06,5.24e-09,1.2e-08,0.166666418,0.999998508,10,0.45853961,364305164.3,7.19e-07,634149789.5,2500,True,False,lbm
r5_phi0.45_seed0.npy,1.0,5e-06,2.62e-08,5.99e-08,0.166665423,0.999992541,10,0.45853961,72860602.44,3.6e-06,126829212.7,2500,True,False,lbm
r5_phi0.45_seed0.npy,1.0,1e-05,5.24e-08,1.2e-07,0.16666418,0.999985081,10,0.45853961,36430032.26,7.19e-06,63414140.66,2500,True,False,lbm
r5_phi0.45_seed0.npy,1.0,3e-05,1.57e-07,3.6e-07,0.166659207,0.999955243,10,0.45853961,12142985.37,2.16e-05,21137425.87,2500,True,False,lbm
r5_phi0.45_seed0.npy,1.0,5e-05,2.62e-07,5.99e-07,0.166654234,0.999925406,10,0.45853961,7285575.985,3.6e-05,12682082.9,2500,True,False,lbm
r5_phi0.45_seed0.npy,1.0,7e-05,3.66e-07,8.39e-07,0.166649261,0.999895568,10,0.45853961,5203829.097,5.04e-05,9058364.482,2500,True,False,lbm
r5_phi0.45_seed0.npy,1.0,0.0001,5.24e-07,1.2e-06,0.166641802,0.999850812,10,0.45853961,3642518.921,7.19e-05,6340575.658,2500,True,False,lbm
r5_phi0.45_seed0.npy,1.0,0.0003,1.57e-06,3.6e-06,0.166592072,0.999552435,10,0.45853961,1213814.108,0.000215882,2112904.071,2500,True,False,lbm
r5_phi0.45_seed0.npy,1.1,1e-06,5.24e-09,1.06e-08,0.199999701,0.999998507,10,0.45853961,464499562.2,5.31e-07,859276802.1,2500,True,False,lbm
r5_phi0.45_seed0.npy,1.1,5e-06,2.62e-08,5.31e-08,0.199998507,0.999992535,10,0.45853961,92899363.8,2.65e-06,171854347.7,2500,True,False,lbm
r5_phi0.45_seed0.npy,1.1,1e-05,5.24e-08,1.06e-07,0.199997014,0.99998507,10,0.45853961,46449339.09,5.31e-06,85926540.95,2500,True,False,lbm
r5_phi0.45_seed0.npy,1.1,3e-05,1.57e-07,3.19e-07,0.199991042,0.999955211,10,0.45853961,15482655.82,1.59e-05,28641336.35,2500,True,False,lbm
r5_phi0.45_seed0.npy,1.1,5e-05,2.62e-07,5.31e-07,0.19998507,0.999925352,10,0.45853961,9289319.154,2.65e-05,17184295.42,2500,True,False,lbm
r5_phi0.45_seed0.npy,1.1,7e-05,3.66e-07,7.43e-07,0.199979098,0.999895492,10,0.45853961,6635032.002,3.72e-05,12274135.01,2500,True,False,lbm
r5_phi0.45_seed0.npy,1.1,0.0001,5.24e-07,1.06e-06,0.199970141,0.999850703,10,0.45853961,4644316.624,5.31e-05,8591514.69,2500,True,False,lbm
r5_phi0.45_seed0.npy,1.1,0.0003,1.57e-06,3.19e-06,0.199910422,0.99955211,10,0.45853961,1547648.137,0.000159322,2862994.082,2500,True,False,lbm
r5_phi0.50_seed0.npy,0.9,1e-06,5.24e-09,2.07e-08,0.133333134,0.999998507,10,0.501895622,122023922.8,1.55e-06,189482609.8,2000,True,False,lbm
r5_phi0.50_seed0.npy,0.9,5e-06,2.62e-08,1.04e-07,0.133332338,0.999992533,10,0.501895622,24404640.01,7.77e-06,37896302.05,2000,True,False,lbm
r5_phi0.50_seed0.npy,0.9,1e-05,5.24e-08,2.07e-07,0.133331342,0.999985065,10,0.501895622,12202229.65,1.55e-05,18948013.57,2000,True,False,lbm
r5_phi0.50_seed0.npy,0.9,3e-05,1.57e-07,6.21e-07,0.133327359,0.999955196,10,0.501895622,4067289.397,4.66e-05,6315821.245,2000,True,False,lbm
r5_phi0.50_seed0.npy,0.9,5e-05,2.62e-07,1.04e-06,0.133323377,0.999925326,10,0.501895622,2440301.344,7.77e-05,3789382.777,2000,True,False,lbm
r5_phi0.50_seed0.npy,0.9,7e-05,3.66e-07,1.45e-06,0.133319394,0.999895457,10,0.501895622,1743020.748,0.000108759,2706623.432,2000,True,False,lbm
r5_phi0.50_seed0.npy,0.9,0.0001,5.24e-07,2.07e-06,0.13331342,0.999850653,10,0.501895622,1220060.297,0.000155377,1894553.921,2000,True,False,lbm
r5_phi0.50_seed0.npy,0.9,0.0003,1.57e-06,6.22e-06,0.133273594,0.999551959,10,0.501895622,406566.2328,0.000466269,631334.6573,2000,True,False,lbm
r5_phi0.50_seed0.npy,1.0,1e-06,5.24e-09,1.76e-08,0.166666418,0.999998505,10,0.501895622,169768019.9,1.05e-06,279373247.3,2000,True,False,lbm
r5_phi0.50_seed0.npy,1.0,5e-06,2.62e-08,8.78e-08,0.166665421,0.999992526,10,0.501895622,33953402.86,5.27e-06,55874322.45,2000,True,False,lbm
r5_phi0.50_seed0.npy,1.0,1e-05,5.24e-08,1.76e-07,0.166664175,0.999985052,10,0.501895622,16976575.73,1.05e-05,27936956.85,2000,True,False,lbm
r5_phi0.50_seed0.npy,1.0,3e-05,1.57e-07,5.27e-07,0.166659193,0.999955157,10,0.501895622,5658690.956,3.16e-05,9312046.425,2000,True,False,lbm
r5_phi0.50_seed0.npy,1.0,5e-05,2.62e-07,8.78e-07,0.16665421,0.999925261,10,0.501895622,3395113.996,5.27e-05,5587064.337,2000,True,False,lbm
r5_phi0.50_seed0.npy,1.0,7e-05,3.66e-07,1.23e-06,0.166649228,0.999895366,10,0.501895622,2425009.581,7.38e-05,3990643.439,2000,True,False,lbm
r5_phi0.50_seed0.npy,1.0,0.0001,5.24e-07,1.76e-06,0.166641754,0.999850522,10,0.501895622,1697431.266,0.000105383,2793327.762,2000,True,False,lbm
r5_phi0.50_seed0.npy,1.0,0.0003,1.57e-06,5.27e-06,0.166591928,0.999551567,10,0.501895622,565642.7321,0.000316243,930836.6733,2000,True,False,lbm
r5_phi0.50_seed0.npy,1.1,1e-06,5.24e-09,1.55e-08,0.199999701,0.999998504,10,0.501895622,219213227.5,7.73e-07,380953085.4,2000,True,False,lbm
r5_phi0.50_seed0.npy,1.1,5e-06,2.62e-08,7.73e-08,0.199998504,0.999992521,10,0.501895622,43842385.8,3.86e-06,76190169.01,2000,True,False,lbm
r5_phi0.50_seed0.npy,1.1,1e-05,5.24e-08,1.55e-07,0.199997008,0.999985042,10,0.501895622,21921030.6,7.73e-06,38094804.48,2000,True,False,lbm
r5_phi0.50_seed0.npy,1.1,3e-05,1.57e-07,4.64e-07,0.199991025,0.999955127,10,0.501895622,7306793.774,2.32e-05,12697894.76,2000,True,False,lbm
r5_phi0.50_seed0.npy,1.1,5e-05,2.62e-07,7.73e-07,0.199985042,0.999925211,10,0.501895622,4383946.402,3.86e-05,7618512.81,2000,True,False,lbm
r5_phi0.50_seed0.npy,1.1,7e-05,3.66e-07,1.08e-06,0.199979059,0.999895296,10,0.501895622,3131297.524,5.41e-05,5441634.829,2000,True,False,lbm
r5_phi0.50_seed0.npy,1.1,0.0001,5.24e-07,1.55e-06,0.199970084,0.999850422,10,0.501895622,2191810.86,7.73e-05,3808976.337,2000,True,False,lbm
r5_phi0.50_seed0.npy,1.1,0.0003,1.57e-06,4.64e-06,0.199910253,0.999551267,10,0.501895622,730387.1035,0.000231918,1269285.302,2000,True,False,lbm
r5_phi0.55_seed0.npy,0.9,1e-06,5.24e-09,3.02e-08,0.133333134,0.999998504,10,0.550527502,57325506.67,2.27e-06,80128962.6,1500,True,False,lbm
r5_phi0.55_seed0.npy,0.9,5e-06,2.62e-08,1.51e-07,0.133332336,0.999992519,10,0.550527502,11465033.25,1.13e-05,16025700.75,1500,True,False,lbm
r5_phi0.55_seed0.npy,0.9,1e-05,5.24e-08,3.02e-07,0.133331338,0.999985039,10,0.550527502,5732474.066,2.27e-05,8012793.018,1500,True,False,lbm
r5_phi0.55_seed0.npy,0.9,3e-05,1.57e-07,9.07e-07,0.133327349,0.999955116,10,0.550527502,1910767.941,6.8e-05,2670854.527,1500,True,False,lbm
r5_phi0.55_seed0.npy,0.9,5e-05,2.62e-07,1.51e-06,0.133323359,0.999925194,10,0.550527502,1146426.715,0.000113337,1602466.828,1500,True,False,lbm
r5_phi0.55_seed0.npy,0.9,7e-05,3.66e-07,2.12e-06,0.133319369,0.999895271,10,0.550527502,818851.9026,0.000158677,1144586.385,1500,True,False,lbm
r5_phi0.55_seed0.npy,0.9,0.0001,5.24e-07,3.02e-06,0.133313385,0.999850387,10,0.550527502,573170.792,0.000226691,801176.0517,1500,True,False,lbm
r5_phi0.55_seed0.npy,0.9,0.0003,1.57e-06,9.07e-06,0.133273488,0.999551162,10,0.550527502,191000.1625,0.000680277,266982.1906,1500,True,False,lbm
r5_phi0.55_seed0.npy,1.0,1e-06,5.24e-09,2.55e-08,0.166666417,0.999998503,10,0.550527502,80705271.52,1.53e-06,118843798.7,1500,True,False,lbm
r5_phi0.55_seed0.npy,1.0,5e-06,2.62e-08,1.27e-07,0.166665419,0.999992513,10,0.550527502,16140958.47,7.64e-06,23768621.77,1500,True,False,lbm
r5_phi0.55_seed0.npy,1.0,1e-05,5.24e-08,2.55e-07,0.166664171,0.999985027,10,0.550527502,8070419.339,1.53e-05,11884224.65,1500,True,False,lbm
r5_phi0.55_seed0.npy,1.0,3e-05,1.57e-07,7.64e-07,0.16665918,0.99995508,10,0.550527502,2690059.912,4.58e-05,3961293.239,1500,True,False,lbm
r5_phi0.55_seed0.npy,1.0,5e-05,2.62e-07,1.27e-06,0.166654189,0.999925133,10,0.550527502,1613988.024,7.64e-05,2376706.954,1500,True,False,lbm
r5_phi0.55_seed0.npy,1.0,7e-05,3.66e-07,1.78e-06,0.166649198,0.999895186,10,0.550527502,1152814.357,0.000106986,1697598.545,1500,True,False,lbm
r5_phi0.55_seed0.npy,1.0,0.0001,5.24e-07,2.55e-06,0.166641711,0.999850266,10,0.550527502,806934.1039,0.000152844,1188267.237,1500,True,False,lbm
r5_phi0.55_seed0.npy,1.0,0.0003,1.57e-06,7.64e-06,0.166591799,0.999550797,10,0.550527502,268898.1358,0.000458668,395974.0769,1500,True,False,lbm
r5_phi0.55_seed0.npy,1.1,1e-06,5.24e-09,2.23e-08,0.1999997,0.999998502,10,0.550527502,105277275.7,1.12e-06,162882390.2,1500,True,False,lbm
r5_phi0.55_seed0.npy,1.1,5e-06,2.62e-08,1.12e-07,0.199998502,0.999992509,10,0.550527502,21055330.15,5.58e-06,32576287.51,1500,True,False,lbm
r5_phi0.55_seed0.npy,1.1,1e-05,5.24e-08,2.23e-07,0.199997003,0.999985017,10,0.550527502,10527586.96,1.12e-05,16288024.67,1500,True,False,lbm
r5_phi0.55_seed0.npy,1.1,3e-05,1.57e-07,6.69e-07,0.19999101,0.999955051,10,0.550527502,3509091.487,3.35e-05,5429182.769,1500,True,False,lbm
r5_phi0.55_seed0.npy,1.1,5e-05,2.62e-07,1.12e-06,0.199985017,0.999925085,10,0.550527502,2105392.39,5.58e-05,3257414.387,1500,True,False,lbm
r5_phi0.55_seed0.npy,1.1,7e-05,3.66e-07,1.56e-06,0.199979024,0.99989512,10,0.550527502,1503807.061,7.81e-05,2326656.508,1500,True,False,lbm
r5_phi0.55_seed0.npy,1.1,0.0001,5.24e-07,2.23e-06,0.199970034,0.999850171,10,0.550527502,1052618.062,0.000111519,1628588.096,1500,True,False,lbm
r5_phi0.55_seed0.npy,1.1,0.0003,1.57e-06,6.69e-06,0.199910102,0.999550512,10,0.550527502,350768.4807,0.000334658,542703.8799,1500,True,False,lbm
r5_phi0.60_seed0.npy,0.9,1e-06,5.24e-09,4.8e-08,0.133333135,0.999998514,10,0.609453131,22735976.08,3.6e-06,28082035.89,1500,True,False,lbm
r5_phi0.60_seed0.npy,0.9,5e-06,2.62e-08,2.4e-07,0.133332343,0.999992572,10,0.609453131,4547168.357,1.8e-05,5616376.319,1500,True,False,lbm
r5_phi0.60_seed0.npy,0.9,1e-05,5.24e-08,4.8e-07,0.133331353,0.999985145,10,0.609453131,2273567.387,3.6e-05,2808168.871,1500,True,False,lbm
r5_phi0.60_seed0.npy,0.9,3e-05,1.57e-07,1.44e-06,0.133327391,0.999955435,10,0.609453131,757833.4069,0.000107976,936030.571,1500,True,False,lbm
r5_phi0.60_seed0.npy,0.9,5e-05,2.62e-07,2.4e-06,0.13332343,0.999925725,10,0.609453131,454686.6103,0.000179966,561602.9107,1500,True,False,lbm
r5_phi0.60_seed0.npy,0.9,7e-05,3.66e-07,3.36e-06,0.133319469,0.999896015,10,0.609453131,324766.5542,0.000251959,401133.9133,1500,True,False,lbm
r5_phi0.60_seed0.npy,0.9,0.0001,5.24e-07,4.8e-06,0.133313527,0.99985145,10,0.609453131,227326.5118,0.000359958,280782.1649,1500,True,False,lbm
r5_phi0.60_seed0.npy,0.9,0.0003,1.57e-06,1.44e-05,0.133273913,0.999554349,10,0.609453131,75753.10782,0.001080194,93568.33132,1500,True,False,lbm
r5_phi0.60_seed0.npy,1.0,1e-06,5.24e-09,4.02e-08,0.166666419,0.999998513,10,0.609453131,32438037.1,2.41e-06,41928475.17,1500,True,False,lbm
r5_phi0.60_seed0.npy,1.0,5e-06,2.62e-08,2.01e-07,0.166665428,0.999992565,10,0.609453131,6487569.068,1.21e-05,8385647.725,1500,True,False,lbm
r5_phi0.60_seed0.npy,1.0,1e-05,5.24e-08,4.02e-07,0.166664188,0.99998513,10,0.609453131,3243760.56,2.41e-05,4192794.291,1500,True,False,lbm
r5_phi0.60_seed0.npy,1.0,3e-05,1.57e-07,1.21e-06,0.166659232,0.99995539,10,0.609453131,1081221.553,7.23e-05,1397558.668,1500,True,False,lbm
r5_phi0.60_seed0.npy,1.0,5e-05,2.62e-07,2.01e-06,0.166654275,0.999925651,10,0.609453131,648713.7507,0.000120534,838511.5424,1500,True,False,lbm
r5_phi0.60_seed0.npy,1.0,7e-05,3.66e-07,2.81e-06,0.166649318,0.999895911,10,0.609453131,463353.2635,0.000168752,598919.9169,1500,True,False,lbm
r5_phi0.60_seed0.npy,1.0,0.0001,5.24e-07,4.02e-06,0.166641884,0.999851301,10,0.609453131,324332.8973,0.000241086,419226.1973,1500,True,False,lbm
r5_phi0.60_seed0.npy,1.0,0.0003,1.57e-06,1.21e-05,0.166592317,0.999553904,10,0.609453131,108078.9871,0.000723472,139702.6288,1500,True,False,lbm
r5_phi0.60_seed0.npy,1.1,1e-06,5.24e-09,3.5e-08,0.199999702,0.999998512,10,0.609453131,42808471.73,1.75e-06,57800006.14,1500,True,False,lbm
r5_phi0.60_seed0.npy,1.1,5e-06,2.62e-08,1.75e-07,0.199998512,0.999992559,10,0.609453131,8561643.714,8.74e-06,11559935.05,1500,True,False,lbm
r5_phi0.60_seed0.npy,1.1,1e-05,5.24e-08,3.5e-07,0.199997024,0.999985118,10,0.609453131,4280790.207,1.75e-05,5779926.164,1500,True,False,lbm
r5_phi0.60_seed0.npy,1.1,3e-05,1.57e-07,1.05e-06,0.199991071,0.999955353,10,0.609453131,1426887.867,5.25e-05,1926586.904,1500,True,False,lbm
r5_phi0.60_seed0.npy,1.1,5e-05,2.62e-07,1.75e-06,0.199985118,0.999925589,10,0.609453131,856107.3976,8.74e-05,1155919.051,1500,True,False,lbm
r5_phi0.60_seed0.npy,1.1,7e-05,3.66e-07,2.45e-06,0.199979165,0.999895824,10,0.609453131,611487.1958,0.000122414,825632.8276,1500,True,False,lbm
r5_phi0.60_seed0.npy,1.1,0.0001,5.24e-07,3.5e-06,0.199970235,0.999851177,10,0.609453131,428022.0434,0.000174885,577918.1595,1500,True,False,lbm
r5_phi0.60_seed0.npy,1.1,0.0003,1.57e-06,1.05e-05,0.199910706,0.999553532,10,0.609453131,142631.7962,0.000524811,192584.2245,1500,True,False,lbm
r3_phi0.55_seed0.npy,0.9,1e-06,5.24e-09,1.06e-08,0.133333132,0.999998494,6,0.543103536,279887029.9,4.77e-07,410013892.0,1500,True,False,lbm
r3_phi0.55_seed0.npy,0.9,5e-06,2.62e-08,5.3e-08,0.133332329,0.999992468,6,0.543103536,55977073.08,2.38e-06,82002291.48,1500,True,False,lbm
r3_phi0.55_seed0.npy,0.9,1e-05,5.24e-08,1.06e-07,0.133331325,0.999984935,6,0.543103536,27988328.5,4.77e-06,41000841.44,1500,True,False,lbm
r3_phi0.55_seed0.npy,0.9,3e-05,1.57e-07,3.18e-07,0.133327307,0.999954806,6,0.543103536,9329165.436,1.43e-05,13666541.4,1500,True,False,lbm
r3_phi0.55_seed0.npy,0.9,5e-05,2.62e-07,5.3e-07,0.13332329,0.999924676,6,0.543103536,5597332.815,2.38e-05,8199681.382,1500,True,False,lbm
r3_phi0.55_seed0.npy,0.9,7e-05,3.66e-07,7.42e-07,0.133319273,0.999894546,6,0.543103536,3997975.973,3.34e-05,5856741.373,1500,True,False,lbm
r3_phi0.55_seed0.npy,0.9,0.0001,5.24e-07,1.06e-06,0.133313247,0.999849352,6,0.543103536,2798458.334,4.77e-05,4099536.36,1500,True,False,lbm
r3_phi0.55_seed0.npy,0.9,0.0003,1.57e-06,3.18e-06,0.133273074,0.999548056,6,0.543103536,932541.9377,0.000143086,1366106.291,1500,True,False,lbm
r3_phi0.55_seed0.npy,1.0,1e-06,5.24e-09,9.37e-09,0.166666416,0.999998494,6,0.543103536,358010111.8,3.37e-07,579648669.0,2000,True,False,lbm
r3_phi0.55_seed0.npy,1.0,5e-06,2.62e-08,4.68e-08,0.166665412,0.999992469,6,0.543103536,71601596.25,1.69e-06,115929043.6,2000,True,False,lbm
r3_phi0.55_seed0.npy,1.0,1e-05,5.24e-08,9.37e-08,0.166664156,0.999984938,6,0.543103536,35800531.91,3.37e-06,57964090.54,2000,True,False,lbm
r3_phi0.55_seed0.npy,1.0,3e-05,1.57e-07,2.81e-07,0.166659136,0.999954815,6,0.543103536,11933155.63,1.01e-05,19320788.43,2000,True,False,lbm
r3_phi0.55_seed0.npy,1.0,5e-05,2.62e-07,4.68e-07,0.166654115,0.999924692,6,0.543103536,7159680.363,1.69e-05,11592128.0,2000,True,False,lbm
r3_phi0.55_seed0.npy,1.0,7e-05,3.66e-07,6.56e-07,0.166649095,0.999894569,6,0.543103536,5113905.243,2.36e-05,8279844.958,2000,True,False,lbm
r3_phi0.55_seed0.npy,1.0,0.0001,5.24e-07,9.37e-07,0.166641564,0.999849385,6,0.543103536,3579573.894,3.37e-05,5795632.666,2000,True,False,lbm
r3_phi0.55_seed0.npy,1.0,0.0003,1.57e-06,2.81e-06,0.166591359,0.999548154,6,0.543103536,1192836.151,0.000101211,1931302.363,2000,True,False,lbm
r3_phi0.55_seed0.npy,1.1,1e-06,5.24e-09,8.52e-09,0.199999699,0.999998494,6,0.543103536,432644337.8,2.56e-07,764652219.8,2000,True,False,lbm
r3_phi0.55_seed0.npy,1.1,5e-06,2.62e-08,4.26e-08,0.199998494,0.999992468,6,0.543103536,86528352.5,1.28e-06,152929532.1,2000,True,False,lbm
r3_phi0.55_seed0.npy,1.1,1e-05,5.24e-08,8.52e-08,0.199996987,0.999984936,6,0.543103536,43263854.5,2.56e-06,76464196.24,2000,True,False,lbm
r3_phi0.55_seed0.npy,1.1,3e-05,1.57e-07,2.56e-07,0.199990962,0.999954809,6,0.543103536,14420855.76,7.67e-06,25487305.62,2000,True,False,lbm
r3_phi0.55_seed0.npy,1.1,5e-05,2.62e-07,4.26e-07,0.199984936,0.999924682,6,0.543103536,8652255.994,1.28e-05,15291927.48,2000,True,False,lbm
r3_phi0.55_seed0.npy,1.1,7e-05,3.66e-07,5.97e-07,0.199978911,0.999894555,6,0.543103536,6179998.945,1.79e-05,10922479.7,2000,True,False,lbm
r3_phi0.55_seed0.npy,1.1,0.0001,5.24e-07,8.52e-07,0.199969873,0.999849364,6,0.543103536,4325806.148,2.56e-05,7645393.861,2000,True,False,lbm
r3_phi0.55_seed0.npy,1.1,0.0003,1.57e-06,2.56e-06,0.199909619,0.999548093,6,0.543103536,1441506.134,7.67e-05,2547704.676,2000,True,False,lbm
r3_phi0.60_seed0.npy,0.9,1e-06,5.24e-09,1.7e-08,0.133333134,0.999998501,6,0.603103496,108758702.7,7.65e-07,140841455.6,1500,True,False,lbm
r3_phi0.60_seed0.npy,0.9,5e-06,2.62e-08,8.5e-08,0.133332334,0.999992507,6,0.603103496,21751612.38,3.82e-06,28168126.23,1500,True,False,lbm
r3_phi0.60_seed0.npy,0.9,1e-05,5.24e-08,1.7e-07,0.133331335,0.999985013,6,0.603103496,10875726.08,7.65e-06,14083960.06,1500,True,False,lbm
r3_phi0.60_seed0.npy,0.9,3e-05,1.57e-07,5.1e-07,0.133327339,0.99995504,6,0.603103496,3625135.202,2.29e-05,4694515.937,1500,True,False,lbm
r3_phi0.60_seed0.npy,0.9,5e-05,2.62e-07,8.5e-07,0.133323342,0.999925067,6,0.603103496,2175017.024,3.82e-05,2816627.111,1500,True,False,lbm
r3_phi0.60_seed0.npy,0.9,7e-05,3.66e-07,1.19e-06,0.133319346,0.999895093,6,0.603103496,1553537.803,5.35e-05,2011817.613,1500,True,False,lbm
r3_phi0.60_seed0.npy,0.9,0.0001,5.24e-07,1.7e-06,0.133313351,0.999850133,6,0.603103496,1087428.384,7.65e-05,1408210.488,1500,True,False,lbm
r3_phi0.60_seed0.npy,0.9,0.0003,1.57e-06,5.1e-06,0.133273387,0.9995504,6,0.603103496,362369.2624,0.000229538,469266.0534,1500,True,False,lbm
r3_phi0.60_seed0.npy,1.0,1e-06,5.24e-09,1.49e-08,0.166666417,0.9999985,6,0.603103496,142008227.3,5.35e-07,201170946.1,1500,True,False,lbm
r3_phi0.60_seed0.npy,1.0,5e-06,2.62e-08,7.44e-08,0.166665417,0.999992502,6,0.603103496,28401478.08,2.68e-06,40233952.52,1500,True,False,lbm
r3_phi0.60_seed0.npy,1.0,1e-05,5.24e-08,1.49e-07,0.166664167,0.999985004,6,0.603103496,14200634.43,5.35e-06,20116828.33,1500,True,False,lbm
r3_phi0.60_seed0.npy,1.0,3e-05,1.57e-07,4.46e-07,0.166659169,0.999955012,6,0.603103496,4733405.316,1.61e-05,6705412.19,1500,True,False,lbm
r3_phi0.60_seed0.npy,1.0,5e-05,2.62e-07,7.44e-07,0.16665417,0.999925019,6,0.603103496,2839959.49,2.68e-05,4023128.96,1500,True,False,lbm
r3_phi0.60_seed0.npy,1.0,7e-05,3.66e-07,1.04e-06,0.166649171,0.999895027,6,0.603103496,2028482.705,3.75e-05,2873579.002,1500,True,False,lbm
r3_phi0.60_seed0.npy,1.0,0.0001,5.24e-07,1.49e-06,0.166641673,0.999850039,6,0.603103496,1419875.112,5.36e-05,2011416.531,1500,True,False,lbm
r3_phi0.60_seed0.npy,1.0,0.0003,1.57e-06,4.46e-06,0.166591686,0.999550117,6,0.603103496,473152.156,0.000160701,670274.8853,1500,True,False,lbm
r3_phi0.60_seed0.npy,1.1,1e-06,5.24e-09,1.34e-08,0.1999997,0.9999985,6,0.603103496,174390085.8,4.03e-07,267516544.0,1500,True,False,lbm
r3_phi0.60_seed0.npy,1.1,5e-06,2.62e-08,6.71e-08,0.1999985,0.999992499,6,0.603103496,34877811.58,2.01e-06,53502993.11,1500,True,False,lbm
r3_phi0.60_seed0.npy,1.1,1e-05,5.24e-08,1.34e-07,0.199996999,0.999984997,6,0.603103496,17438777.3,4.03e-06,26751299.25,1500,True,False,lbm
r3_phi0.60_seed0.npy,1.1,3e-05,1.57e-07,4.03e-07,0.199990998,0.999954992,6,0.603103496,5812754.438,1.21e-05,8916836.667,1500,True,False,lbm
r3_phi0.60_seed0.npy,1.1,5e-05,2.62e-07,6.71e-07,0.199984997,0.999924986,6,0.603103496,3487549.86,2.01e-05,5349944.146,1500,True,False,lbm
r3_phi0.60_seed0.npy,1.1,7e-05,3.66e-07,9.4e-07,0.199978996,0.999894981,6,0.603103496,2491033.609,2.82e-05,3821275.921,1500,True,False,lbm
r3_phi0.60_seed0.npy,1.1,0.0001,5.24e-07,1.34e-06,0.199969995,0.999849973,6,0.603103496,1743646.416,4.03e-05,2674774.748,1500,True,False,lbm
r3_phi0.60_seed0.npy,1.1,0.0003,1.57e-06,4.03e-06,0.199909984,0.999549918,6,0.603103496,581044.0741,0.000120846,891328.4473,1500,True,False,lbm
synthetic_ergun_phi0.459_d6_Re1.0e-03,,,5.848750037865984e-05,2.788108434343947e-05,0.1666567055,1.0,6,0.45854,451434.7545100424,0.0010037790292250605,454426.46043191635,0,TRUE,FALSE,synthetic
synthetic_ergun_phi0.459_d6_Re2.0e-03,,,0.00012282034907511324,5.7857588757484584e-05,0.1666567055,1.0,6,0.45854,220140.99102814225,0.002082997689792371,218989.37300242708,0,TRUE,FALSE,synthetic
synthetic_ergun_phi0.459_d6_Re4.2e-03,,,0.0002454059348616007,0.00011412533084948878,0.1666567055,1.0,6,0.45854,113050.42846814706,0.004108757478689825,111024.87064147771,0,TRUE,FALSE,synthetic
synthetic_ergun_phi0.459_d6_Re8.5e-03,,,0.0005457036631466053,0.0002464311623298668,0.1666567055,1.0,6,0.45854,53915.90116868711,0.008872052099813055,51422.27265066545,0,TRUE,FALSE,synthetic
synthetic_ergun_phi0.459_d6_Re1.7e-02,,,0.0009401043222030343,0.00047411315148355543,0.1666567055,1.0,6,0.45854,25093.618719942755,0.017069093621926497,26732.62295516351,0,TRUE,FALSE,synthetic
synthetic_ergun_phi0.459_d6_Re3.6e-02,,,0.0020564217751068213,0.0009711250126559339,0.1666567055,1.0,6,0.45854,13083.175406870214,0.03496259006473402,13056.169565716684,0,TRUE,FALSE,synthetic
synthetic_ergun_phi0.459_d6_Re7.3e-02,,,0.003944068737491064,0.0018855934739603782,0.1666567055,1.0,6,0.45854,6655.789722820988,0.06788542237061243,6729.001008583385,0,TRUE,FALSE,synthetic
synthetic_ergun_phi0.459_d6_Re1.5e-01,,,0.00812648786091183,0.003979720458034277,0.1666567055,1.0,6,0.45854,3078.5698099146543,0.14327849981533244,3193.375505196623,0,TRUE,FALSE,synthetic
synthetic_ergun_phi0.459_d6_Re3.0e-01,,,0.017372898685706708,0.008304989782441628,0.1666567055,1.0,6,0.45854,1511.2813828181947,0.29899750235162165,1535.3723066558116,0,TRUE,FALSE,synthetic
synthetic_ergun_phi0.459_d6_Re6.2e-01,,,0.039376083595637115,0.017463772145039268,0.1666567055,1.0,6,0.45854,774.6538007100178,0.628733374729021,735.3088038831988,0,TRUE,FALSE,synthetic
synthetic_ergun_phi0.459_d6_Re1.3e+00,,,0.08154562800684713,0.035111158633920884,0.1666567055,1.0,6,0.45854,396.8821896544305,1.2640772609268056,370.6715318756535,0,TRUE,FALSE,synthetic
synthetic_ergun_phi0.459_d6_Re2.6e+00,,,0.16002926474385068,0.07059889996313197,0.1666567055,1.0,6,0.45854,192.64369159752235,2.5417123091923344,189.28746182876705,0,TRUE,FALSE,synthetic
synthetic_ergun_phi0.459_d6_Re5.3e+00,,,0.3584293971645076,0.1512100428433086,0.1666567055,1.0,6,0.45854,94.05753639833151,5.443886907147889,93.6164456534527,0,TRUE,FALSE,synthetic
synthetic_ergun_phi0.459_d6_Re1.1e+01,,,0.7282964353174729,0.294081274560577,0.1666567055,1.0,6,0.45854,50.527137008663416,10.587558670799849,52.91023652710179,0,TRUE,FALSE,synthetic
synthetic_ergun_phi0.459_d6_Re2.2e+01,,,1.9023647101583245,0.6060877330600515,0.1666567055,1.0,6,0.45854,31.07234590980149,21.82046253374611,30.732123278363552,0,TRUE,FALSE,synthetic
synthetic_ergun_phi0.459_d6_Re4.5e+01,,,4.950667450744695,1.2181192532736398,0.1666567055,1.0,6,0.45854,20.018677806603012,43.85491419450769,20.229147437639682,0,TRUE,FALSE,synthetic
synthetic_ergun_phi0.459_d6_Re9.2e+01,,,16.511724070209414,2.5533730313333485,0.1666567055,1.0,6,0.45854,15.195505032274355,91.92692332442688,14.79009031689111,0,TRUE,FALSE,synthetic
synthetic_ergun_phi0.459_d6_Re1.9e+02,,,57.7605712326874,5.27631079345563,0.1666567055,1.0,6,0.45854,12.44864240561377,189.9585418165714,12.229400599006949,0,TRUE,FALSE,synthetic
synthetic_ergun_phi0.459_d6_Re3.9e+02,,,201.60430681002495,10.504123368871733,0.1666567055,1.0,6,0.45854,10.963050845442035,378.17104342813496,11.034329606272816,0,TRUE,FALSE,synthetic
synthetic_ergun_phi0.459_d6_Re7.9e+02,,,937.3818173709639,22.40977792098043,0.1666567055,1.0,6,0.45854,11.199346201864063,806.8002251843542,10.393533610026234,0,TRUE,FALSE,synthetic
synthetic_ergun_phi0.459_d6_Re1.6e+03,,,3375.453368490305,43.06891561883966,0.1666567055,1.0,6,0.45854,10.918311696106235,1550.5736354126952,10.122343042937663,0,TRUE,FALSE,synthetic
synthetic_ergun_phi0.459_d6_Re3.3e+03,,,15632.468730529587,95.15861433758697,0.1666567055,1.0,6,0.45854,10.358159644047403,3425.9148728073337,9.961314197978595,0,TRUE,FALSE,synthetic
synthetic_ergun_phi0.459_d6_Re6.7e+03,,,57527.489328927244,188.2362652421609,0.1666567055,1.0,6,0.45854,9.741370823883303,6776.910584332686,9.895479039383837,0,TRUE,FALSE,synthetic
synthetic_ergun_phi0.459_d6_Re1.4e+04,,,288063.2307253073,398.656533987963,0.1666567055,1.0,6,0.45854,10.87530146135853,14352.49302901753,9.859952797711534,0,TRUE,FALSE,synthetic
synthetic_ergun_phi0.459_d6_Re2.8e+04,,,1186860.0786635352,823.039363140001,0.1666567055,1.0,6,0.45854,10.512585947270084,29631.188040255634,9.84356569448036,0,TRUE,FALSE,synthetic
synthetic_ergun_phi0.459_d6_Re5.7e+04,,,4002466.0240710624,1610.4545837662674,0.1666567055,1.0,6,0.45854,9.25938070384395,57979.83029610293,9.83603909864209,0,TRUE,FALSE,synthetic
synthetic_ergun_phi0.459_d6_Re1.2e+05,,,17943480.07570089,3255.2101203594216,0.1666567055,1.0,6,0.45854,10.160144229161876,117194.56870072673,9.832064093204625,0,TRUE,FALSE,synthetic
synthetic_ergun_phi0.459_d6_Re2.4e+05,,,68451190.57741086,6400.236740930082,0.1666567055,1.0,6,0.45854,10.026288095778444,230422.29432274774,9.83015154170129,0,TRUE,FALSE,synthetic
synthetic_ergun_phi0.459_d6_Re4.9e+05,,,321611229.207014,13769.790644662464,0.1666567055,1.0,6,0.45854,10.177187590384936,495742.0922254748,9.82909208868225,0,TRUE,FALSE,synthetic
synthetic_ergun_phi0.459_d6_Re1.0e+06,,,1138836617.9039495,26806.73153716755,0.1666567055,1.0,6,0.45854,9.508783148765737,965100.0164707162,9.828644614098057,0,TRUE,FALSE,synthetic
synthetic_ergun_phi0.459_d10_Re1.0e-03,,,1.1793942042399715e-05,1.6448888237149145e-05,0.1666567055,1.0,10,0.45854,435899.01705491845,0.0009869922837967744,462155.1696116704,0,TRUE,FALSE,synthetic
synthetic_ergun_phi0.459_d10_Re2.0e-03,,,2.6607021804296593e-05,3.587810991955143e-05,0.1666567055,1.0,10,0.45854,206698.41831574813,0.0021528152624828785,211887.68594391886,0,TRUE,FALSE,synthetic
synthetic_ergun_phi0.459_d10_Re4.2e-03,,,5.273977746360832e-05,7.027462525539738e-05,0.1666567055,1.0,10,0.45854,106792.61379658396,0.004216729536598057,108182.25944477496,0,TRUE,FALSE,synthetic
synthetic_ergun_phi0.459_d10_Re8.5e-03,,,0.00012110391891337375,0.00014910358345740065,0.1666567055,1.0,10,0.45854,54473.092937029614,0.008946749727835022,50993.02317234147,0,TRUE,FALSE,synthetic
synthetic_ergun_phi0.459_d10_Re1.7e-02,,,0.00020169108427994437,0.0002961105965137295,0.1666567055,1.0,10,0.45854,23002.699308080457,0.01776769771281297,25681.915426411193,0,TRUE,FALSE,synthetic
synthetic_ergun_phi0.459_d10_Re3.6e-02,,,0.00046807961413074,0.0005945998662606529,0.1666567055,1.0,10,0.45854,13239.455149455309,0.03567812435009721,12794.521714664723,0,TRUE,FALSE,synthetic
synthetic_ergun_phi0.459_d10_Re7.3e-02,,,0.0009229348634752306,0.0012501790216678796,0.1666567055,1.0,10,0.45854,5905.0915821704975,0.07501522473500952,6090.378988234887,0,TRUE,FALSE,synthetic
synthetic_ergun_phi0.459_d10_Re1.5e-01,,,0.0018693263265020614,0.0026180339248360286,0.1666567055,1.0,10,0.45854,2727.3104879067587,0.1570914243733222,2913.4487089640543,0,TRUE,FALSE,synthetic
synthetic_ergun_phi0.459_d10_Re3.0e-01,,,0.003980715310887775,0.0049654941430894795,0.1666567055,1.0,10,0.45854,1614.4930182704877,0.29794745601097217,1540.7487312695894,0,TRUE,FALSE,synthetic
synthetic_ergun_phi0.459_d10_Re6.2e-01,,,0.008825575556650764,0.010364905935036273,0.1666567055,1.0,10,0.45854,821.5089649813884,0.6219315270837555,743.243131880523,0,TRUE,FALSE,synthetic
synthetic_ergun_phi0.459_d10_Re1.3e+00,,,0.016094344703686186,0.02126802947753512,0.1666567055,1.0,10,0.45854,355.8105258217227,1.276158040789731,367.25559979161955,0,TRUE,FALSE,synthetic
synthetic_ergun_phi0.459_d10_Re2.6e+00,,,0.03245406892660247,0.04272643752385612,0.1666567055,1.0,10,0.45854,177.77708768539839,2.5637394784487757,187.7455812339374,0,TRUE,FALSE,synthetic
synthetic_ergun_phi0.459_d10_Re5.3e+00,,,0.07399284981115266,0.0849794742785673,0.1666567055,1.0,10,0.45854,102.46172762536355,5.09907321302276,99.28244474011683,0,TRUE,FALSE,synthetic
synthetic_ergun_phi0.459_d10_Re1.1e+01,,,0.18424891473098026,0.18360202385585245,0.1666567055,1.0,10,0.45854,54.657531048193455,11.01677987123371,51.231730132687225,0,TRUE,FALSE,synthetic
synthetic_ergun_phi0.459_d10_Re2.2e+01,,,0.43706226267097775,0.360428184796164,0.1666567055,1.0,10,0.45854,33.643860262089845,21.626983667702707,30.91913376739505,0,TRUE,FALSE,synthetic
synthetic_ergun_phi0.459_d10_Re4.5e+01,,,1.2074092966266048,0.7468800847085152,0.1666567055,1.0,10,0.45854,21.64475911355039,44.81548356951741,20.006214252637367,0,TRUE,FALSE,synthetic
synthetic_ergun_phi0.459_d10_Re9.2e+01,,,3.3006668703423174,1.5195022188125535,0.1666567055,1.0,10,0.45854,14.295489040317165,91.17558241978769,14.830979468448188,0,TRUE,FALSE,synthetic
synthetic_ergun_phi0.459_d10_Re1.9e+02,,,12.929794306013545,3.1691243005694685,0.1666567055,1.0,10,0.45854,12.873987075132433,190.15882325655767,12.226871547153257,0,TRUE,FALSE,synthetic
synthetic_ergun_phi0.459_d10_Re3.9e+02,,,44.5798238538353,6.458437423907644,0.1666567055,1.0,10,0.45854,10.687679851408598,387.5294069045211,11.005202367864396,0,TRUE,FALSE,synthetic
synthetic_ergun_phi0.459_d10_Re7.9e+02,,,154.7682931284546,12.615369833859088,0.1666567055,1.0,10,0.45854,9.72483002407226,756.9674317040359,10.43075258127607,0,TRUE,FALSE,synthetic
synthetic_ergun_phi0.459_d10_Re1.6e+03,,,788.2420475791589,27.243864757931135,0.1666567055,1.0,10,0.45854,10.619942528183696,1634.7295883591755,10.107199103630624,0,TRUE,FALSE,synthetic
synthetic_ergun_phi0.459_d10_Re3.3e+03,,,2812.5694892985184,54.56618669851464,0.1666567055,1.0,10,0.45854,9.44617641215872,3274.1668890433357,9.96748494705311,0,TRUE,FALSE,synthetic
synthetic_ergun_phi0.459_d10_Re6.7e+03,,,12278.559448789285,115.02274319466179,0.1666567055,1.0,10,0.45854,9.28068378343437,6901.777090191056,9.894261324506838,0,TRUE,FALSE,synthetic
synthetic_ergun_phi0.459_d10_Re1.4e+04,,,51095.30872634943,224.1111069335549,0.1666567055,1.0,10,0.45854,10.173122315377325,13447.47013096061,9.862091665655264,0,TRUE,FALSE,synthetic
synthetic_ergun_phi0.459_d10_Re2.8e+04,,,191952.6009969589,437.3024772638106,0.1666567055,1.0,10,0.45854,10.037605573240164,26239.716904988894,9.845555324167474,0,TRUE,FALSE,synthetic
synthetic_ergun_phi0.459_d10_Re5.7e+04,,,872838.529470924,939.4320655756085,0.1666567055,1.0,10,0.45854,9.89015616763989,56369.29295806873,9.836263871365384,0,TRUE,FALSE,synthetic
synthetic_ergun_phi0.459_d10_Re1.2e+05,,,3772575.5090291174,1948.955876305842,0.1666567055,1.0,10,0.45854,9.931936338141497,116944.3419908383,9.83207242117752,0,TRUE,FALSE,synthetic
synthetic_ergun_phi0.459_d10_Re2.4e+05,,,15719623.860372424,4075.467070692705,0.1666567055,1.0,10,0.45854,9.464275483791768,244542.6398215165,9.830037238454285,0,TRUE,FALSE,synthetic
synthetic_ergun_phi0.459_d10_Re4.9e+05,,,73835045.67907777,8511.217803197384,0.1666567055,1.0,10,0.45854,10.19246289897685,510703.591413391,9.829065133470797,0,TRUE,FALSE,synthetic
synthetic_ergun_phi0.459_d10_Re1.0e+06,,,304381596.42023253,17092.895816241362,0.1666567055,1.0,10,0.45854,10.418065879517103,1025635.0481044017,9.828616718611908,0,TRUE,FALSE,synthetic
synthetic_ergun_phi0.502_d6_Re1.0e-03,,,4.042803707499994e-05,2.8440216527514172e-05,0.1666567055,1.0,6,0.501896,299894.22906407615,0.0010239089909591728,287500.87642671855,0,TRUE,FALSE,synthetic
synthetic_ergun_phi0.502_d6_Re2.0e-03,,,7.218558885142583e-05,5.688545893628347e-05,0.1666567055,1.0,6,0.501896,133844.0968531479,0.002047998924457923,143741.18539986,0,TRUE,FALSE,synthetic
synthetic_ergun_phi0.502_d6_Re4.2e-03,,,0.00015147627710170792,0.00011550524799484463,0.1666567055,1.0,6,0.501896,68122.79202952494,0.004158437465146386,70794.94316256109,0,TRUE,FALSE,synthetic
synthetic_ergun_phi0.502_d6_Re8.5e-03,,,0.00031352714350108604,0.000227075018247655,0.1666567055,1.0,6,0.501896,36482.75952357473,0.008175189263452289,36014.3391053536,0,TRUE,FALSE,synthetic
synthetic_ergun_phi0.502_d6_Re1.7e-02,,,0.0006164049272302796,0.00047603985649893925,0.1666567055,1.0,6,0.501896,16320.397069037506,0.017138459148249727,17182.74875865343,0,TRUE,FALSE,synthetic
synthetic_ergun_phi0.502_d6_Re3.6e-02,,,0.0013255516405130399,0.0009589734676117711,0.1666567055,1.0,6,0.501896,8648.37910688339,0.0345251082961713,8533.085871060628,0,TRUE,FALSE,synthetic
synthetic_ergun_phi0.502_d6_Re7.3e-02,,,0.0029804962455819654,0.0020436832475069634,0.1666567055,1.0,6,0.501896,4281.6647511840665,0.07357699438647418,4007.7060530547124,0,TRUE,FALSE,synthetic
synthetic_ergun_phi0.502_d6_Re1.5e-01,,,0.005949047061485958,0.00412956249735031,0.1666567055,1.0,6,0.501896,2093.102847792078,0.14867313565190968,1986.860179057679,0,TRUE,FALSE,synthetic
synthetic_ergun_phi0.502_d6_Re3.0e-01,,,0.012802606424005826,0.008804405551506942,0.1666567055,1.0,6,0.501896,990.9450375180646,0.31697754465116107,935.5651538880207,0,TRUE,FALSE,synthetic
synthetic_ergun_phi0.502_d6_Re6.2e-01,,,0.023598999892247136,0.01606785253279365,0.1666567055,1.0,6,0.501896,548.4400657517853,0.5784772650312705,515.7611746007225,0,TRUE,FALSE,synthetic
synthetic_ergun_phi0.502_d6_Re1.3e+00,,,0.051051136193204616,0.03560776136202813,0.1666567055,1.0,6,0.501896,241.5835290523882,1.2819560276989201,236.5185692213713,0,TRUE,FALSE,synthetic
synthetic_ergun_phi0.502_d6_Re2.6e+00,,,0.10737603457550159,0.07282849007684764,0.1666567055,1.0,6,0.501896,121.46635512946301,2.6219823507856743,119.16385203556104,0,TRUE,FALSE,synthetic
synthetic_ergun_phi0.502_d6_Re5.3e+00,,,0.2237965203267909,0.14858366549826776,0.1666567055,1.0,6,0.501896,60.82224468515385,5.349331671443647,61.923592995947736,0,TRUE,FALSE,synthetic
synthetic_ergun_phi0.502_d6_Re1.1e+01,,,0.47717258674506996,0.2840391531172824,0.1666567055,1.0,6,0.501896,35.48708428195419,10.226020690800793,35.6808647481662,0,TRUE,FALSE,synthetic
synthetic_ergun_phi0.502_d6_Re2.2e+01,,,1.2991577112648416,0.5998289726091246,0.1666567055,1.0,6,0.501896,21.664977776187193,21.595133690283753,20.52592782142464,0,TRUE,FALSE,synthetic
synthetic_ergun_phi0.502_d6_Re4.5e+01,,,3.4912465216854582,1.2447486524004314,0.1666567055,1.0,6,0.501896,13.519743024683597,44.81362986263153,13.463432352092628,0,TRUE,FALSE,synthetic
synthetic_ergun_phi0.502_d6_Re9.2e+01,,,10.329069148856197,2.5010329189207723,0.1666567055,1.0,6,0.501896,9.907717596407249,90.04256665522908,10.163929528911142,0,TRUE,FALSE,synthetic
synthetic_ergun_phi0.502_d6_Re1.9e+02,,,35.93107996245114,5.2406281893841635,0.1666567055,1.0,6,0.501896,7.849731897828101,188.67389129029064,8.454916760349679,0,TRUE,FALSE,synthetic
synthetic_ergun_phi0.502_d6_Re3.9e+02,,,148.20541664427938,10.809261290746589,0.1666567055,1.0,6,0.501896,7.610677106547109,389.1566651932858,7.651148417307406,0,TRUE,FALSE,synthetic
synthetic_ergun_phi0.502_d6_Re7.9e+02,,,480.3518459439418,21.12392997086911,0.1666567055,1.0,6,0.501896,6.458940387276077,760.5069321691029,7.28179152747894,0,TRUE,FALSE,synthetic
synthetic_ergun_phi0.502_d6_Re1.6e+03,,,2396.6374764739107,45.42056842898759,0.1666567055,1.0,6,0.501896,6.9702517876830825,1635.2381967248568,7.074738987024256,0,TRUE,FALSE,synthetic
synthetic_ergun_phi0.502_d6_Re3.3e+03,,,9309.810561673445,89.95131763561443,0.1666567055,1.0,6,0.501896,6.903622499820432,3238.4409867845766,6.985621780660278,0,TRUE,FALSE,synthetic
synthetic_ergun_phi0.502_d6_Re6.7e+03,,,44847.33121973719,197.20790215267834,0.1666567055,1.0,6,0.501896,6.918934640553265,7099.90881774673,6.936184590744189,0,TRUE,FALSE,synthetic
synthetic_ergun_phi0.502_d6_Re1.4e+04,,,156632.03056529237,382.58780653286027,0.1666567055,1.0,6,0.501896,6.42051078033048,13773.98426490053,6.9160951025625685,0,TRUE,FALSE,synthetic
synthetic_ergun_phi0.502_d6_Re2.8e+04,,,808606.9251345508,819.2384213715128,0.1666567055,1.0,6,0.501896,7.2288311843345525,29494.34595794933,6.904704300747549,0,TRUE,FALSE,synthetic
synthetic_ergun_phi0.502_d6_Re5.7e+04,,,3119608.3669366003,1645.1032085331228,0.1666567055,1.0,6,0.501896,6.916159940810665,59227.25534256248,6.899693961368466,0,TRUE,FALSE,synthetic
synthetic_ergun_phi0.502_d6_Re1.2e+05,,,13113979.918561598,3346.416575414045,0.1666567055,1.0,6,0.501896,7.026284960978427,120478.19733532575,6.8971671500221605,0,TRUE,FALSE,synthetic
synthetic_ergun_phi0.502_d6_Re2.4e+05,,,52369550.81168103,6775.962998738749,0.1666567055,1.0,6,0.501896,6.8436540503325185,243949.2480693043,6.895930498564467,0,TRUE,FALSE,synthetic
synthetic_ergun_phi0.502_d6_Re4.9e+05,,,204641568.70161167,13005.398748649453,0.1666567055,1.0,6,0.501896,7.259350437913725,468222.3391959271,6.895352514760331,0,TRUE,FALSE,synthetic
synthetic_ergun_phi0.502_d6_Re1.0e+06,,,780005494.2232655,26209.653120973613,0.1666567055,1.0,6,0.501896,6.812811389393813,943603.9087298631,6.895035783745015,0,TRUE,FALSE,synthetic
synthetic_ergun_phi0.502_d10_Re1.0e-03,,,7.713219649230415e-06,1.6563728479151334e-05,0.1666567055,1.0,10,0.501896,281137.96280221414,0.000993883110160925,296186.2640106036,0,TRUE,FALSE,synthetic
synthetic_ergun_phi0.502_d10_Re2.0e-03,,,1.6847670993876723e-05,3.468613418039457e-05,0.1666567055,1.0,10,0.501896,140032.25203686062,0.002081292443429141,141441.93122798944,0,TRUE,FALSE,synthetic
synthetic_ergun_phi0.502_d10_Re4.2e-03,,,3.458307493087508e-05,6.867846224127028e-05,0.1666567055,1.0,10,0.501896,73320.00413362941,0.0041209540315358196,71438.81812301198,0,TRUE,FALSE,synthetic
synthetic_ergun_phi0.502_d10_Re8.5e-03,,,7.372381049029615e-05,0.0001401677189123929,0.1666567055,1.0,10,0.501896,37524.22770488026,0.008410565809030282,35006.64139915211,0,TRUE,FALSE,synthetic
synthetic_ergun_phi0.502_d10_Re1.7e-02,,,0.00014072563773466018,0.00029361697006260665,0.1666567055,1.0,10,0.501896,16323.411163625748,0.017618071183016795,16715.17508291257,0,TRUE,FALSE,synthetic
synthetic_ergun_phi0.502_d10_Re3.6e-02,,,0.00025755650375629936,0.0005600353278206362,0.1666567055,1.0,10,0.501896,8211.86258686401,0.03360412808716155,8766.761129185843,0,TRUE,FALSE,synthetic
synthetic_ergun_phi0.502_d10_Re7.3e-02,,,0.0006143703375173447,0.0012532909286804366,0.1666567055,1.0,10,0.501896,3911.347902062686,0.07520195031579072,3921.256937516983,0,TRUE,FALSE,synthetic
synthetic_ergun_phi0.502_d10_Re1.5e-01,,,0.0013135331200231296,0.002457807107888457,0.1666567055,1.0,10,0.501896,2174.430023941119,0.14747724074555507,2002.9157452637141,0,TRUE,FALSE,synthetic
synthetic_ergun_phi0.502_d10_Re3.0e-01,,,0.002337922759960873,0.004873825640491735,0.1666567055,1.0,10,0.501896,984.2154588564186,0.29244701711037574,1013.4622573911577,0,TRUE,FALSE,synthetic
synthetic_ergun_phi0.502_d10_Re6.2e-01,,,0.005228750526996735,0.01020396532278254,0.1666567055,1.0,10,0.501896,502.18064862650095,0.6122745131777815,487.6719999899448,0,TRUE,FALSE,synthetic
synthetic_ergun_phi0.502_d10_Re1.3e+00,,,0.010150593973774335,0.020731273347702528,0.1666567055,1.0,10,0.501896,236.17803246839446,1.2439507480665113,243.53405473654166,0,TRUE,FALSE,synthetic
synthetic_ergun_phi0.502_d10_Re2.6e+00,,,0.02216605502567789,0.04118154823450287,0.1666567055,1.0,10,0.501896,130.70225091259468,2.471040580752562,126.02173250281118,0,TRUE,FALSE,synthetic
synthetic_ergun_phi0.502_d10_Re5.3e+00,,,0.04884369695182065,0.09046149893020616,0.1666567055,1.0,10,0.501896,59.68716737892645,5.428014351946143,61.12591291427646,0,TRUE,FALSE,synthetic
synthetic_ergun_phi0.502_d10_Re1.1e+01,,,0.1046307660524672,0.18131497736538105,0.1666567055,1.0,10,0.501896,31.826731831141927,10.879548879920769,33.95169796391649,0,TRUE,FALSE,synthetic
synthetic_ergun_phi0.502_d10_Re2.2e+01,,,0.28864493460507534,0.36349898547483595,0.1666567055,1.0,10,0.501896,21.845275912772824,21.811242721033864,20.39086782865847,0,TRUE,FALSE,synthetic
synthetic_ergun_phi0.502_d10_Re4.5e+01,,,0.859334693252381,0.7564210732545934,0.1666567055,1.0,10,0.501896,15.018795599539727,45.38797709850285,13.38031078932899,0,TRUE,FALSE,synthetic
synthetic_ergun_phi0.502_d10_Re9.2e+01,,,2.3635708878717994,1.5034321385081941,0.1666567055,1.0,10,0.501896,10.456852269068289,90.21131997045232,10.157814007031487,0,TRUE,FALSE,synthetic
synthetic_ergun_phi0.502_d10_Re1.9e+02,,,8.51362504337671,3.127070325118539,0.1666567055,1.0,10,0.501896,8.706412156653084,187.6354339140911,8.463551557256698,0,TRUE,FALSE,synthetic
synthetic_ergun_phi0.502_d10_Re3.9e+02,,,30.74751928160411,6.425926197214565,0.1666567055,1.0,10,0.501896,7.446267193870623,385.5786167100588,7.658167800012149,0,TRUE,FALSE,synthetic
synthetic_ergun_phi0.502_d10_Re7.9e+02,,,138.91144670704784,12.795889507798382,0.1666567055,1.0,10,0.501896,8.483929905971245,767.7992595262469,7.278115274372817,0,TRUE,FALSE,synthetic
synthetic_ergun_phi0.502_d10_Re1.6e+03,,,458.7117578506886,26.7738994533865,0.1666567055,1.0,10,0.501896,6.399066390924304,1606.529984680784,7.0779558043623645,0,TRUE,FALSE,synthetic
synthetic_ergun_phi0.502_d10_Re3.3e+03,,,2090.1428933749003,53.7791163145096,0.1666567055,1.0,10,0.501896,7.226843572683717,3226.9398433841957,6.985945750272412,0,TRUE,FALSE,synthetic
synthetic_ergun_phi0.502_d10_Re6.7e+03,,,9049.781281150197,110.38103759172354,0.1666567055,1.0,10,0.501896,7.427610796256462,6623.258107770739,6.939168364622322,0,TRUE,FALSE,synthetic
synthetic_ergun_phi0.502_d10_Re1.4e+04,,,38207.12965038251,235.94670022507557,0.1666567055,1.0,10,0.501896,6.863041042787334,14157.648173662928,6.915515953492657,0,TRUE,FALSE,synthetic
synthetic_ergun_phi0.502_d10_Re2.8e+04,,,139720.3874205556,461.2604635191211,0.1666567055,1.0,10,0.501896,6.567004577660348,27677.281999260515,6.90535953730484,0,TRUE,FALSE,synthetic
synthetic_ergun_phi0.502_d10_Re5.7e+04,,,561701.3010964452,936.1032085422876,0.1666567055,1.0,10,0.501896,6.409999006855018,56169.549598008074,6.899964521159369,0,TRUE,FALSE,synthetic
synthetic_ergun_phi0.502_d10_Re1.2e+05,,,3063172.373134863,2025.257221908608,0.1666567055,1.0,10,0.501896,7.468116040075752,121522.69636150991,6.897146149393492,0,TRUE,FALSE,synthetic
synthetic_ergun_phi0.502_d10_Re2.4e+05,,,9604429.741089454,3843.8561117726285,0.1666567055,1.0,10,0.501896,6.500358956096576,230645.15167513787,6.896000102161419,0,TRUE,FALSE,synthetic
synthetic_ergun_phi0.502_d10_Re4.9e+05,,,39309690.97417771,7734.572533544624,0.1666567055,1.0,10,0.501896,6.570932359013091,464102.0900022907,6.895358096221953,0,TRUE,FALSE,synthetic
synthetic_ergun_phi0.502_d10_Re1.0e+06,,,150118647.72967038,15182.764104098558,0.1666567055,1.0,10,0.501896,6.512278346541432,911020.2951958965,6.89504694136529,0,TRUE,FALSE,synthetic
synthetic_ergun_phi0.543_d6_Re1.0e-03,,,2.568451930015005e-05,2.8878114766739508e-05,0.1666567055,1.0,6,0.543104,184792.78741177393,0.0010396742698147064,188014.4376255877,0,TRUE,FALSE,synthetic
synthetic_ergun_phi0.543_d6_Re2.0e-03,,,5.14225114833744e-05,5.8230511647380215e-05,0.1666567055,1.0,6,0.543104,90992.0232833514,0.0020964237162619374,93244.05467361092,0,TRUE,FALSE,synthetic
synthetic_ergun_phi0.543_d6_Re4.2e-03,,,0.00011175646931668226,0.00012226457425087704,0.1666567055,1.0,6,0.543104,44856.21693011851,0.004401787754680308,44411.62661265061,0,TRUE,FALSE,synthetic
synthetic_ergun_phi0.543_d6_Re8.5e-03,,,0.00024090451866909523,0.00023427663642341687,0.1666567055,1.0,6,0.543104,26335.29795822363,0.008434463013793954,23179.979783440955,0,TRUE,FALSE,synthetic
synthetic_ergun_phi0.543_d6_Re1.7e-02,,,0.0004084073080146229,0.0004795383694367929,0.1666567055,1.0,6,0.543104,10656.093700693367,0.017264413141904796,11327.043249517437,0,TRUE,FALSE,synthetic
synthetic_ergun_phi0.543_d6_Re3.6e-02,,,0.0008998654001894302,0.0009954657720466346,0.1666567055,1.0,6,0.543104,5448.489773690572,0.035838909777799535,5459.079667358679,0,TRUE,FALSE,synthetic
synthetic_ergun_phi0.543_d6_Re7.3e-02,,,0.0018073836504715164,0.0020875335959457653,0.1666567055,1.0,6,0.543104,2488.4828530857335,0.07515570128484624,2605.8395961330516,0,TRUE,FALSE,synthetic
synthetic_ergun_phi0.543_d6_Re1.5e-01,,,0.0040120907313835235,0.004232235821908314,0.1666567055,1.0,6,0.543104,1343.9474223215748,0.15236959626235913,1287.8494027438521,0,TRUE,FALSE,synthetic
synthetic_ergun_phi0.543_d6_Re3.0e-01,,,0.007606134887269122,0.00827429452210231,0.1666567055,1.0,6,0.543104,666.5816014307206,0.29789240693116825,661.1629729413636,0,TRUE,FALSE,synthetic
synthetic_ergun_phi0.543_d6_Re6.2e-01,,,0.01738412976660454,0.016824852305946186,0.1666567055,1.0,6,0.543104,368.4696183306619,0.6057308857319103,327.6899404099037,0,TRUE,FALSE,synthetic
synthetic_ergun_phi0.543_d6_Re1.3e+00,,,0.03149695618322078,0.03451005886229148,0.1666567055,1.0,6,0.543104,158.68228169005255,1.2424363757373618,162.3180523988968,0,TRUE,FALSE,synthetic
synthetic_ergun_phi0.543_d6_Re2.6e+00,,,0.06601650205645802,0.06975542968826452,0.1666567055,1.0,6,0.543104,81.40437063021845,2.5113455643678684,82.82542078401363,0,TRUE,FALSE,synthetic
synthetic_ergun_phi0.543_d6_Re5.3e+00,,,0.15707258511343514,0.14714073301011057,0.1666567055,1.0,6,0.543104,43.52971376058668,5.297382997053566,41.89030111205581,0,TRUE,FALSE,synthetic
synthetic_ergun_phi0.543_d6_Re1.1e+01,,,0.3365550741104187,0.29525711450052383,0.1666567055,1.0,6,0.543104,23.16363168131123,10.629891438740477,23.37979403825929,0,TRUE,FALSE,synthetic
synthetic_ergun_phi0.543_d6_Re2.2e+01,,,0.7881047614083755,0.5889032115420039,0.1666567055,1.0,6,0.543104,13.634755555198328,21.2017827824637,14.210657336001233,0,TRUE,FALSE,synthetic
synthetic_ergun_phi0.543_d6_Re4.5e+01,,,2.9299480555534703,1.3637944421671087,0.1666567055,1.0,6,0.543104,9.451774219115974,49.09953444989138,8.972284378283105,0,TRUE,FALSE,synthetic
synthetic_ergun_phi0.543_d6_Re9.2e+01,,,7.007967478076137,2.5061539108574,0.1666567055,1.0,6,0.543104,6.694649592617814,90.22693338399397,7.157626998021352,0,TRUE,FALSE,synthetic
synthetic_ergun_phi0.543_d6_Re1.9e+02,,,26.14124560663164,5.091232188648831,0.1666567055,1.0,6,0.543104,6.051063638163244,183.29531380237796,6.057629836746107,0,TRUE,FALSE,synthetic
synthetic_ergun_phi0.543_d6_Re3.9e+02,,,101.51130071189102,10.72336036929402,0.1666567055,1.0,6,0.543104,5.296681280618948,386.06404718449284,5.497527694062632,0,TRUE,FALSE,synthetic
synthetic_ergun_phi0.543_d6_Re7.9e+02,,,416.61497655962586,21.060113158548493,0.1666567055,1.0,6,0.543104,5.635918803767981,758.2093896083344,5.2490193147152535,0,TRUE,FALSE,synthetic
synthetic_ergun_phi0.543_d6_Re1.6e+03,,,1718.4015668399734,45.33702606518051,0.1666567055,1.0,6,0.543104,5.016142355457753,1632.2304918663056,5.110971912039172,0,TRUE,FALSE,synthetic
synthetic_ergun_phi0.543_d6_Re3.3e+03,,,6757.794139807683,90.78998888743541,0.1666567055,1.0,6,0.543104,4.9190391876224275,3268.6349564531174,5.051017697901439,0,TRUE,FALSE,synthetic
synthetic_ergun_phi0.543_d6_Re6.7e+03,,,24622.3549366837,171.00330290103955,0.1666567055,1.0,6,0.543104,5.052098859606283,6156.4868591875365,5.022966429313825,0,TRUE,FALSE,synthetic
synthetic_ergun_phi0.543_d6_Re1.4e+04,,,108359.73520817792,369.5341936030329,0.1666567055,1.0,6,0.543104,4.761128734287841,13304.026111437786,5.005908847210682,0,TRUE,FALSE,synthetic
synthetic_ergun_phi0.543_d6_Re2.8e+04,,,505574.4552707491,764.901532703168,0.1666567055,1.0,6,0.543104,5.184720039585029,27538.101046999323,4.998314522946993,0,TRUE,FALSE,synthetic
synthetic_ergun_phi0.543_d6_Re5.7e+04,,,1833581.7507187417,1538.3019108111173,0.1666567055,1.0,6,0.543104,4.649094449251752,55382.1788158815,4.994745857975158,0,TRUE,FALSE,synthetic
synthetic_ergun_phi0.543_d6_Re1.2e+05,,,9517558.606432822,3318.742721735498,0.1666567055,1.0,6,0.543104,5.18477170270332,119481.87905594346,4.9928523772709985,0,TRUE,FALSE,synthetic
synthetic_ergun_phi0.543_d6_Re2.4e+05,,,35753349.76363263,6463.802798725203,0.1666567055,1.0,6,0.543104,5.134424727464299,232710.8091810396,4.99205637231779,0,TRUE,FALSE,synthetic
synthetic_ergun_phi0.543_d6_Re4.9e+05,,,153351084.4515591,13474.947560045512,0.1666567055,1.0,6,0.543104,5.067385383980572,485127.10675342777,4.991619331237621,0,TRUE,FALSE,synthetic
synthetic_ergun_phi0.543_d6_Re1.0e+06,,,620360711.0081444,26745.0059736229,0.1666567055,1.0,6,0.543104,5.2036746702149275,962877.7633657075,4.991419413393263,0,TRUE,FALSE,synthetic
synthetic_ergun_phi0.543_d10_Re1.0e-03,,,5.810921113626801e-06,1.727825399988291e-05,0.1666567055,1.0,10,0.543104,194645.90506902614,0.0010367572038607778,188543.42932498935,0,TRUE,FALSE,synthetic
synthetic_ergun_phi0.543_d10_Re2.0e-03,,,9.342240124059591e-06,3.4629174503301454e-05,0.1666567055,1.0,10,0.543104,77905.25402847058,0.0020778746585328038,94076.39398896653,0,TRUE,FALSE,synthetic
synthetic_ergun_phi0.543_d10_Re4.2e-03,,,2.281928506671998e-05,7.013069606283025e-05,0.1666567055,1.0,10,0.543104,46396.555011554425,0.004208093268880216,46455.62132940175,0,TRUE,FALSE,synthetic
synthetic_ergun_phi0.543_d10_Re8.5e-03,,,4.469331426891849e-05,0.0001415602899653866,0.1666567055,1.0,10,0.543104,22302.81460153942,0.008494125066296033,23017.20052438487,0,TRUE,FALSE,synthetic
synthetic_ergun_phi0.543_d10_Re1.7e-02,,,9.682016625645288e-05,0.0002910204070326201,0.1666567055,1.0,10,0.543104,11431.913678255734,0.0174622680893341,11198.759569623026,0,TRUE,FALSE,synthetic
synthetic_ergun_phi0.543_d10_Re3.6e-02,,,0.00018764656887639418,0.0005889929249421859,0.1666567055,1.0,10,0.543104,5409.043470193541,0.03534168776318369,5535.81320837251,0,TRUE,FALSE,synthetic
synthetic_ergun_phi0.543_d10_Re7.3e-02,,,0.00038872973861276013,0.0012586761895628054,0.1666567055,1.0,10,0.543104,2453.6902257116426,0.07552508528154034,2593.1191633693334,0,TRUE,FALSE,synthetic
synthetic_ergun_phi0.543_d10_Re1.5e-01,,,0.0008435199389567815,0.0025565736415626866,0.1666567055,1.0,10,0.543104,1290.5616001579872,0.1534035869659434,1279.2025160254739,0,TRUE,FALSE,synthetic
synthetic_ergun_phi0.543_d10_Re3.0e-01,,,0.001599494351470739,0.004944270785254232,0.1666567055,1.0,10,0.543104,654.3019503375956,0.2966739784289227,663.8578448501223,0,TRUE,FALSE,synthetic
synthetic_ergun_phi0.543_d10_Re6.2e-01,,,0.003444661648216666,0.010067920934540644,0.1666567055,1.0,10,0.543104,339.8341172464376,0.6041113619962111,328.55504289907503,0,TRUE,FALSE,synthetic
synthetic_ergun_phi0.543_d10_Re1.3e+00,,,0.006992056236656339,0.02136996558146109,0.1666567055,1.0,10,0.543104,153.10778275698567,1.2822745725920455,157.43016208533678,0,TRUE,FALSE,synthetic
synthetic_ergun_phi0.543_d10_Re2.6e+00,,,0.014711986859879048,0.04180760373761751,0.1666567055,1.0,10,0.543104,84.17066845769628,2.508606156121183,82.91041605551902,0,TRUE,FALSE,synthetic
synthetic_ergun_phi0.543_d10_Re5.3e+00,,,0.03353316812701265,0.09087289041561782,0.1666567055,1.0,10,0.543104,40.607467222405354,5.452699316417113,40.83925653918998,0,TRUE,FALSE,synthetic
synthetic_ergun_phi0.543_d10_Re1.1e+01,,,0.07476180489344245,0.18270742481869953,0.1666567055,1.0,10,0.543104,22.395841467507047,10.96310072076275,22.82089697935422,0,TRUE,FALSE,synthetic
synthetic_ergun_phi0.543_d10_Re2.2e+01,,,0.18573967554441664,0.3694287807191067,0.1666567055,1.0,10,0.543104,13.609533201742305,22.167051701325434,13.809194845806738,0,TRUE,FALSE,synthetic
synthetic_ergun_phi0.543_d10_Re4.5e+01,,,0.4969305847152029,0.760022120363408,0.1666567055,1.0,10,0.543104,8.602868055954946,45.60405283923052,9.277427211247684,0,TRUE,FALSE,synthetic
synthetic_ergun_phi0.543_d10_Re9.2e+01,,,1.7206946885303918,1.5693979660573734,0.1666567055,1.0,10,0.543104,6.986145835345535,94.16950619231899,7.066926389873462,0,TRUE,FALSE,synthetic
synthetic_ergun_phi0.543_d10_Re1.9e+02,,,5.978841685883964,3.179487386969265,0.1666567055,1.0,10,0.543104,5.914293065406357,190.78064560500178,6.015788808682472,0,TRUE,FALSE,synthetic
synthetic_ergun_phi0.543_d10_Re3.9e+02,,,21.92516418594077,6.489386213622542,0.1666567055,1.0,10,0.543104,5.206376975086633,389.3864452770274,5.4932076473103555,0,TRUE,FALSE,synthetic
synthetic_ergun_phi0.543_d10_Re7.9e+02,,,88.97997444825297,13.610303585177707,0.1666567055,1.0,10,0.543104,4.803487354496225,816.6670248487364,5.230565590274505,0,TRUE,FALSE,synthetic
synthetic_ergun_phi0.543_d10_Re1.6e+03,,,350.303677624066,26.012331117062452,0.1666567055,1.0,10,0.543104,5.17709518041549,1560.8331533388225,5.116449899346891,0,TRUE,FALSE,synthetic
synthetic_ergun_phi0.543_d10_Re3.3e+03,,,1680.3959133341177,57.29586780413173,0.1666567055,1.0,10,0.543104,5.118762897672399,3437.957544656475,5.0480724291153445,0,TRUE,FALSE,synthetic
synthetic_ergun_phi0.543_d10_Re6.7e+03,,,5783.093000673043,111.21901411954984,0.1666567055,1.0,10,0.543104,4.6752204550619245,6673.539704620517,5.020506499626954,0,TRUE,FALSE,synthetic
synthetic_ergun_phi0.543_d10_Re1.4e+04,,,25914.42388962919,227.64688647853913,0.1666567055,1.0,10,0.543104,5.000554082575136,13659.629583793683,5.0055263564502255,0,TRUE,FALSE,synthetic
synthetic_ergun_phi0.543_d10_Re2.8e+04,,,124893.77452501547,492.1809423457048,0.1666567055,1.0,10,0.543104,5.155742326879505,29532.621616938468,4.997835143405067,0,TRUE,FALSE,synthetic
synthetic_ergun_phi0.543_d10_Re5.7e+04,,,460861.0780127857,913.1059738253364,0.1666567055,1.0,10,0.543104,5.527486151869762,54789.63304151817,4.994784028703144,0,TRUE,FALSE,synthetic
synthetic_ergun_phi0.543_d10_Re1.2e+05,,,1780490.128973779,1930.3754750354324,0.1666567055,1.0,10,0.543104,4.778108282922587,115829.45128094064,4.992903963948846,0,TRUE,FALSE,synthetic
synthetic_ergun_phi0.543_d10_Re2.4e+05,,,8667435.486738395,4172.0389792714905,0.1666567055,1.0,10,0.543104,4.979593633953334,250337.3006657383,4.9919972296758415,0,TRUE,FALSE,synthetic
synthetic_ergun_phi0.543_d10_Re4.9e+05,,,32837848.083995633,8066.6114247917385,0.1666567055,1.0,10,0.543104,5.046524838131827,484025.614246391,4.991620248164338,0,TRUE,FALSE,synthetic
synthetic_ergun_phi0.543_d10_Re1.0e+06,,,153269034.24402034,17093.48866869532,0.1666567055,1.0,10,0.543104,5.245573831005909,1025670.6213777472,4.991406985195831,0,TRUE,FALSE,synthetic
synthetic_ergun_phi0.551_d6_Re1.0e-03,,,2.4765103486494572e-05,2.6653500684121374e-05,0.1666567055,1.0,6,0.550528,209162.04647014977,0.0009595833760480057,189272.0162927944,0,TRUE,FALSE,synthetic
synthetic_ergun_phi0.551_d6_Re2.0e-03,,,4.817491112286336e-05,5.839193570567005e-05,0.1666567055,1.0,6,0.550528,84774.732406538,0.002102235329703072,86397.40015801198,0,TRUE,FALSE,synthetic
synthetic_ergun_phi0.551_d6_Re4.2e-03,,,9.065206418306246e-05,0.00011316054058205916,0.1666567055,1.0,6,0.550528,42475.541192918696,0.004074022953083967,44584.17745329995,0,TRUE,FALSE,synthetic
synthetic_ergun_phi0.551_d6_Re8.5e-03,,,0.00019364983302921836,0.00023785566638049075,0.1666567055,1.0,6,0.550528,20537.20665915514,0.00856331579339269,21213.526375283065,0,TRUE,FALSE,synthetic
synthetic_ergun_phi0.551_d6_Re1.7e-02,,,0.0004145455145915989,0.0004732443482187003,0.1666567055,1.0,6,0.550528,11105.870336917485,0.017037814834952453,10664.400169627292,0,TRUE,FALSE,synthetic
synthetic_ergun_phi0.551_d6_Re3.6e-02,,,0.0008253952184521379,0.0010003352376911974,0.1666567055,1.0,6,0.550528,4949.0525366249885,0.036014221018830735,5047.659721750123,0,TRUE,FALSE,synthetic
synthetic_ergun_phi0.551_d6_Re7.3e-02,,,0.0018642997774491069,0.002066840190017986,0.1666567055,1.0,6,0.550528,2618.5037630347156,0.07441069414460444,2445.4621916868905,0,TRUE,FALSE,synthetic
synthetic_ergun_phi0.551_d6_Re1.5e-01,,,0.0032735808645813456,0.003997839216128204,0.1666567055,1.0,6,0.550528,1228.920181058215,0.1439308140935813,1266.5548228699117,0,TRUE,FALSE,synthetic
synthetic_ergun_phi0.551_d6_Re3.0e-01,,,0.007629773790310296,0.008683832274074363,0.1666567055,1.0,6,0.550528,607.0718000060184,0.3126366472211715,585.6369406912454,0,TRUE,FALSE,synthetic
synthetic_ergun_phi0.551_d6_Re6.2e-01,,,0.015726808607472092,0.017367152272373513,0.1666567055,1.0,6,0.550528,312.8488966550406,0.6252548514121508,295.1841079166086,0,TRUE,FALSE,synthetic
synthetic_ergun_phi0.551_d6_Re1.3e+00,,,0.027487186368207166,0.034114710279418224,0.1666567055,1.0,6,0.550528,141.70923798285833,1.2282029760663264,152.58689395649802,0,TRUE,FALSE,synthetic
synthetic_ergun_phi0.551_d6_Re2.6e+00,,,0.06325564289007636,0.0701738112706488,0.1666567055,1.0,6,0.550528,77.07266840158462,2.5264082015823406,76.60187218491747,0,TRUE,FALSE,synthetic
synthetic_ergun_phi0.551_d6_Re5.3e+00,,,0.13373845367431225,0.14369358834584317,0.1666567055,1.0,6,0.550528,38.86268186484246,5.1732783717788005,39.82103789232475,0,TRUE,FALSE,synthetic
synthetic_ergun_phi0.551_d6_Re1.1e+01,,,0.3030093052768366,0.2920459483132994,0.1666567055,1.0,6,0.550528,21.315957475593645,10.514282546403729,21.98757292487855,0,TRUE,FALSE,synthetic
synthetic_ergun_phi0.551_d6_Re2.2e+01,,,0.7950590781929373,0.596221896785104,0.1666567055,1.0,6,0.550528,13.419452812236429,21.4652711991275,13.175144292686703,0,TRUE,FALSE,synthetic
synthetic_ergun_phi0.551_d6_Re4.5e+01,,,2.3237633561455286,1.2858800543514537,0.1666567055,1.0,6,0.550528,8.432225836187758,46.294448836975974,8.637239864456454,0,TRUE,FALSE,synthetic
synthetic_ergun_phi0.551_d6_Re9.2e+01,,,7.043808649666041,2.549695700510496,0.1666567055,1.0,6,0.550528,6.50102889978741,91.79453150214215,6.692664562988175,0,TRUE,FALSE,synthetic
synthetic_ergun_phi0.551_d6_Re1.9e+02,,,26.890629688857484,5.326662678419319,0.1666567055,1.0,6,0.550528,5.6864579537786275,191.77131801945953,5.661193573173039,0,TRUE,FALSE,synthetic
synthetic_ergun_phi0.551_d6_Re3.9e+02,,,102.86461412186976,11.236949908268675,0.1666567055,1.0,6,0.550528,4.8878780490443425,404.55437569904467,5.163072635879966,0,TRUE,FALSE,synthetic
synthetic_ergun_phi0.551_d6_Re7.9e+02,,,412.37759533832053,22.128208311700035,0.1666567055,1.0,6,0.550528,5.053052493081392,796.6631133854991,4.942112862757111,0,TRUE,FALSE,synthetic
synthetic_ergun_phi0.551_d6_Re1.6e+03,,,1621.9784306552874,44.24579250950038,0.1666567055,1.0,6,0.550528,4.971098495899093,1592.943735810272,4.828153684509998,0,TRUE,FALSE,synthetic
synthetic_ergun_phi0.551_d6_Re3.3e+03,,,6774.52543204066,87.5327651168587,0.1666567055,1.0,6,0.550528,5.305042068952567,3151.3678920117154,4.771771170522839,0,TRUE,FALSE,synthetic
synthetic_ergun_phi0.551_d6_Re6.7e+03,,,26628.864466223542,179.37936151936253,0.1666567055,1.0,6,0.550528,4.965453850856455,6458.042992552587,4.7422624897188275,0,TRUE,FALSE,synthetic
synthetic_ergun_phi0.551_d6_Re1.4e+04,,,113629.5664944939,368.9739067874304,0.1666567055,1.0,6,0.550528,5.007849756338733,13283.854580484205,4.727811833842179,0,TRUE,FALSE,synthetic
synthetic_ergun_phi0.551_d6_Re2.8e+04,,,471153.4051552743,770.7867615809291,0.1666567055,1.0,6,0.550528,4.758226273563882,27749.981950084657,4.720684554605264,0,TRUE,FALSE,synthetic
synthetic_ergun_phi0.551_d6_Re5.7e+04,,,2115528.805033826,1595.8322542650737,0.1666567055,1.0,6,0.550528,4.984202931134184,57453.39497059986,4.717300898171031,0,TRUE,FALSE,synthetic
synthetic_ergun_phi0.551_d6_Re1.2e+05,,,7044644.457982003,3224.390780631002,0.1666567055,1.0,6,0.550528,4.065509574307338,116085.00615527896,4.715704290135977,0,TRUE,FALSE,synthetic
synthetic_ergun_phi0.551_d6_Re2.4e+05,,,33532840.666762844,6502.482718469779,0.1666567055,1.0,6,0.550528,4.758424494703586,234103.36952099818,4.714915567869598,0,TRUE,FALSE,synthetic
synthetic_ergun_phi0.551_d6_Re4.9e+05,,,146952895.58325264,13414.915056870012,0.1666567055,1.0,6,0.550528,4.899520105338455,482965.8074647352,4.714515813141746,0,TRUE,FALSE,synthetic
synthetic_ergun_phi0.551_d6_Re1.0e+06,,,639526799.08685,28635.19001599953,0.1666567055,1.0,6,0.550528,4.6796121494357985,1030928.4560770176,4.7143159354382265,0,TRUE,FALSE,synthetic
synthetic_ergun_phi0.551_d10_Re1.0e-03,,,5.169673223647401e-06,1.5937289040275492e-05,0.1666567055,1.0,10,0.550528,203532.7000044511,0.000956294497269748,189922.9425662869,0,TRUE,FALSE,synthetic
synthetic_ergun_phi0.551_d10_Re2.0e-03,,,1.0490268052835136e-05,3.517859941904771e-05,0.1666567055,1.0,10,0.550528,84767.52367436544,0.002110842123844078,86045.1407183086,0,TRUE,FALSE,synthetic
synthetic_ergun_phi0.551_d10_Re4.2e-03,,,2.205141643495735e-05,7.41277790260232e-05,0.1666567055,1.0,10,0.550528,40130.49478819191,0.00444793258114797,40836.66324467537,0,TRUE,FALSE,synthetic
synthetic_ergun_phi0.551_d10_Re8.5e-03,,,4.127919517367459e-05,0.00013741746432507435,0.1666567055,1.0,10,0.550528,21859.859191442847,0.008245540670733728,22030.893383551367,0,TRUE,FALSE,synthetic
synthetic_ergun_phi0.551_d10_Re1.7e-02,,,8.671066319862449e-05,0.0003000855060433933,0.1666567055,1.0,10,0.550528,9629.02841680781,0.018006206539549846,10091.11164812463,0,TRUE,FALSE,synthetic
synthetic_ergun_phi0.551_d10_Re3.6e-02,,,0.0001823509206031392,0.0006294614224388289,0.1666567055,1.0,10,0.550528,4602.244872789541,0.03776994274249763,4813.240274256583,0,TRUE,FALSE,synthetic
synthetic_ergun_phi0.551_d10_Re7.3e-02,,,0.00038902209390426977,0.0012483224118488303,0.1666567055,1.0,10,0.550528,2496.4376953970655,0.07490382148762867,2429.3935909408797,0,TRUE,FALSE,synthetic
synthetic_ergun_phi0.551_d10_Re1.5e-01,,,0.0007912973229025658,0.00246734228415168,0.1666567055,1.0,10,0.550528,1299.813051281453,0.14804938551672497,1231.4517999167806,0,TRUE,FALSE,synthetic
synthetic_ergun_phi0.551_d10_Re3.0e-01,,,0.0015803895734058863,0.004842178364709415,0.1666567055,1.0,10,0.550528,674.0352197797523,0.2905480670688894,629.8009235391368,0,TRUE,FALSE,synthetic
synthetic_ergun_phi0.551_d10_Re6.2e-01,,,0.0030919349791214902,0.010329909387511198,0.1666567055,1.0,10,0.550528,289.7592631338978,0.6198316087264307,297.72558709904183,0,TRUE,FALSE,synthetic
synthetic_ergun_phi0.551_d10_Re1.3e+00,,,0.007135381642581176,0.02162877550295724,0.1666567055,1.0,10,0.550528,152.5293224082728,1.2978040960348423,144.65649110454933,0,TRUE,FALSE,synthetic
synthetic_ergun_phi0.551_d10_Re2.6e+00,,,0.015811477683813507,0.04422271815635907,0.1666567055,1.0,10,0.550528,80.85029211084671,2.653521682411937,73.15818451609519,0,TRUE,FALSE,synthetic
synthetic_ergun_phi0.551_d10_Re5.3e+00,,,0.033618722134215434,0.09120976242880609,0.1666567055,1.0,10,0.550528,40.41090276926748,5.472912845310391,37.89898336037177,0,TRUE,FALSE,synthetic
synthetic_ergun_phi0.551_d10_Re1.1e+01,,,0.06895827151804497,0.17753000001762403,0.1666567055,1.0,10,0.550528,21.879775464964418,10.652436665239614,21.763549444403104,0,TRUE,FALSE,synthetic
synthetic_ergun_phi0.551_d10_Re2.2e+01,,,0.17961150132697307,0.37496038413786714,0.1666567055,1.0,10,0.550528,12.775072461172194,22.498967744077188,12.786410407417186,0,TRUE,FALSE,synthetic
synthetic_ergun_phi0.551_d10_Re4.5e+01,,,0.5133444031426221,0.7601952675788731,0.1666567055,1.0,10,0.550528,8.882976394800627,45.61444229310492,8.695724274324972,0,TRUE,FALSE,synthetic
synthetic_ergun_phi0.551_d10_Re9.2e+01,,,1.644623487686038,1.5788451886473536,0.1666567055,1.0,10,0.550528,6.5976214324772755,94.73637342767186,6.631225571955004,0,TRUE,FALSE,synthetic
synthetic_ergun_phi0.551_d10_Re1.9e+02,,,5.285884921780989,3.112629185280824,0.1666567055,1.0,10,0.550528,5.455856430187635,186.76891373451662,5.686559389821766,0,TRUE,FALSE,synthetic
synthetic_ergun_phi0.551_d10_Re3.9e+02,,,21.582644375358946,6.25765269914343,0.1666567055,1.0,10,0.550528,5.5116514136234604,375.48160335759366,5.1978325894877955,0,TRUE,FALSE,synthetic
synthetic_ergun_phi0.551_d10_Re7.9e+02,,,88.27097575604718,13.10006045966305,0.1666567055,1.0,10,0.550528,5.143649028492206,786.0506074664394,4.945190738166584,0,TRUE,FALSE,synthetic
synthetic_ergun_phi0.551_d10_Re1.6e+03,,,292.15879392568405,25.81167601760227,0.1666567055,1.0,10,0.550528,4.385171192371154,1548.7931277750038,4.8314038176118865,0,TRUE,FALSE,synthetic
synthetic_ergun_phi0.551_d10_Re3.3e+03,,,1426.621751213571,53.136841462471594,0.1666567055,1.0,10,0.550528,5.052628528489505,3188.401048913786,4.771101783955221,0,TRUE,FALSE,synthetic
synthetic_ergun_phi0.551_d10_Re6.7e+03,,,6451.573396113874,115.69772074827215,0.1666567055,1.0,10,0.550528,4.819655930231745,6942.278164035359,4.7403008841095895,0,TRUE,FALSE,synthetic
synthetic_ergun_phi0.551_d10_Re1.4e+04,,,23464.583481480924,223.51284408056867,0.1666567055,1.0,10,0.550528,4.696862862480857,13411.57221427065,4.727681635526503,0,TRUE,FALSE,synthetic
synthetic_ergun_phi0.551_d10_Re2.8e+04,,,99758.69864509987,463.68087403332765,0.1666567055,1.0,10,0.550528,4.63994048737952,27822.515310272207,4.720667492327438,0,TRUE,FALSE,synthetic
synthetic_ergun_phi0.551_d10_Re5.7e+04,,,355362.6629489598,886.7318603235329,0.1666567055,1.0,10,0.550528,4.519466480496189,53207.09164765848,4.717553178915316,0,TRUE,FALSE,synthetic
synthetic_ergun_phi0.551_d10_Re1.2e+05,,,1919100.1212266132,1942.2780963870214,0.1666567055,1.0,10,0.550528,5.087153096504195,116543.6512476254,4.715698133119595,0,TRUE,FALSE,synthetic
synthetic_ergun_phi0.551_d10_Re2.4e+05,,,8134797.3683302775,4010.76699006715,0.1666567055,1.0,10,0.550528,5.056987447969139,240660.40295433236,4.714894430380281,0,TRUE,FALSE,synthetic
synthetic_ergun_phi0.551_d10_Re4.9e+05,,,30244529.351616878,8060.248336494286,0.1666567055,1.0,10,0.550528,4.655324783510178,483643.8061290181,4.714515285978493,0,TRUE,FALSE,synthetic
synthetic_ergun_phi0.551_d10_Re1.0e+06,,,106051812.90860112,14825.790952468433,0.1666567055,1.0,10,0.550528,4.824833741908707,889600.6259087147,4.7143439228276875,0,TRUE,FALSE,synthetic
synthetic_ergun_phi0.603_d6_Re1.0e-03,,,1.5378174908350767e-05,2.8235765135252025e-05,0.1666567055,1.0,6,0.603103,115732.92380133759,0.0010165483009113734,105963.76563599454,0,TRUE,FALSE,synthetic
synthetic_ergun_phi0.603_d6_Re2.0e-03,,,2.802446904757352e-05,5.593381457120132e-05,0.1666567055,1.0,6,0.603103,53745.21034142121,0.0020137376796231453,53492.78822592918,0,TRUE,FALSE,synthetic
synthetic_ergun_phi0.603_d6_Re4.2e-03,,,5.3391459384067405e-05,0.00011354525506292137,0.1666567055,1.0,6,0.603103,24847.635169509358,0.0040878735022007754,26352.82387179574,0,TRUE,FALSE,synthetic
synthetic_ergun_phi0.603_d6_Re8.5e-03,,,0.00011371632728766447,0.00023196104632590016,0.1666567055,1.0,6,0.603103,12680.721281247113,0.008351096787734118,12901.36032004963,0,TRUE,FALSE,synthetic
synthetic_ergun_phi0.603_d6_Re1.7e-02,,,0.00025164198255026547,0.0005043251542381508,0.1666567055,1.0,6,0.603103,5936.26238193405,0.018156790729484958,5935.605985568909,0,TRUE,FALSE,synthetic
synthetic_ergun_phi0.603_d6_Re3.6e-02,,,0.000485750467171574,0.0009662640068492279,0.1666567055,1.0,6,0.603103,3121.568520557909,0.034787583396069036,3099.5028108468514,0,TRUE,FALSE,synthetic
synthetic_ergun_phi0.603_d6_Re7.3e-02,,,0.0009831460534375537,0.002035050583925378,0.1666567055,1.0,6,0.603103,1424.35706227635,0.07326619992228436,1473.340291779484,0,TRUE,FALSE,synthetic
synthetic_ergun_phi0.603_d6_Re1.5e-01,,,0.0019486266788381363,0.004275435281209259,0.1666567055,1.0,6,0.603103,639.6158556939218,0.15392486975122374,702.9496131603673,0,TRUE,FALSE,synthetic
synthetic_ergun_phi0.603_d6_Re3.0e-01,,,0.004362348982851341,0.008387797267661217,0.1666567055,1.0,6,0.603103,372.02815287929616,0.30197874999975505,359.8604177929507,0,TRUE,FALSE,synthetic
synthetic_ergun_phi0.603_d6_Re6.2e-01,,,0.008560987508812892,0.016570544315631604,0.1666567055,1.0,6,0.603103,187.06888802196477,0.5965752508757568,183.72025486976557,0,TRUE,FALSE,synthetic
synthetic_ergun_phi0.603_d6_Re1.3e+00,,,0.019414698259590992,0.036640779756438216,0.1666567055,1.0,6,0.603103,86.76658025098848,1.3191469126853061,84.82055982384098,0,TRUE,FALSE,synthetic
synthetic_ergun_phi0.603_d6_Re2.6e+00,,,0.03530215696793503,0.06846109344721779,0.1666567055,1.0,6,0.603103,45.192340030340176,2.464746674614342,46.8681038449497,0,TRUE,FALSE,synthetic
synthetic_ergun_phi0.603_d6_Re5.3e+00,,,0.08978327908944071,0.1527091114016492,0.1666567055,1.0,6,0.603103,23.100257076782817,5.497856600854835,22.75823331946181,0,TRUE,FALSE,synthetic
synthetic_ergun_phi0.603_d6_Re1.1e+01,,,0.2020048809818542,0.30062552359437117,0.1666567055,1.0,6,0.603103,13.411007748583517,10.823165717542802,13.118399854533884,0,TRUE,FALSE,synthetic
synthetic_ergun_phi0.603_d6_Re2.2e+01,,,0.5030189525803923,0.6279044422620305,0.1666567055,1.0,6,0.603103,7.655058038915949,22.60591100891637,7.9310851924089585,0,TRUE,FALSE,synthetic
synthetic_ergun_phi0.603_d6_Re4.5e+01,,,1.4485163795105045,1.2446876522212185,0.1666567055,1.0,6,0.603103,5.609884224189421,44.8114337249233,5.569940654749627,0,TRUE,FALSE,synthetic
synthetic_ergun_phi0.603_d6_Re9.2e+01,,,4.589857636400149,2.5240714717265713,0.1666567055,1.0,6,0.603103,4.322621100664033,90.87200412922736,4.351560569864917,0,TRUE,FALSE,synthetic
synthetic_ergun_phi0.603_d6_Re1.9e+02,,,17.5264413002416,5.450588144659193,0.1666567055,1.0,6,0.603103,3.539633188410674,196.23290145955247,3.7151315792665436,0,TRUE,FALSE,synthetic
synthetic_ergun_phi0.603_d6_Re3.9e+02,,,80.8895474066232,11.349601366657415,0.1666567055,1.0,6,0.603103,3.7677531343670623,408.6100705977563,3.429833162559993,0,TRUE,FALSE,synthetic
synthetic_ergun_phi0.603_d6_Re7.9e+02,,,236.82531144635402,20.79213792140031,0.1666567055,1.0,6,0.603103,3.286858990682968,748.5617044578015,3.3101169726212145,0,TRUE,FALSE,synthetic
synthetic_ergun_phi0.603_d6_Re1.6e+03,,,1059.0628891364315,45.18902441256683,0.1666567055,1.0,6,0.603103,3.111766991206235,1626.9021139110482,3.232430346624894,0,TRUE,FALSE,synthetic
synthetic_ergun_phi0.603_d6_Re3.3e+03,,,4210.337193390194,89.38353081246005,0.1666567055,1.0,6,0.603103,3.1619363025741976,3217.999439421058,3.199694635217204,0,TRUE,FALSE,synthetic
synthetic_ergun_phi0.603_d6_Re6.7e+03,,,18845.490126533656,190.9362451924354,0.1666567055,1.0,6,0.603103,3.1015724594073606,6874.115672199055,3.18189178166304,0,TRUE,FALSE,synthetic
synthetic_ergun_phi0.603_d6_Re1.4e+04,,,87198.35339582003,403.0902260805141,0.1666567055,1.0,6,0.603103,3.219993529182892,14512.11548450467,3.173644620015284,0,TRUE,FALSE,synthetic
synthetic_ergun_phi0.603_d6_Re2.8e+04,,,343249.54212803283,777.3399134553871,0.1666567055,1.0,6,0.603103,3.408311513744534,27985.909518248114,3.1700711332496136,0,TRUE,FALSE,synthetic
synthetic_ergun_phi0.603_d6_Re5.7e+04,,,1417639.1616547902,1623.4987016546556,0.1666567055,1.0,6,0.603103,3.2271047381319518,58449.446607643,3.168065124036582,0,TRUE,FALSE,synthetic
synthetic_ergun_phi0.603_d6_Re1.2e+05,,,6005553.070665591,3223.4629732377,0.1666567055,1.0,6,0.603103,3.467838689408014,116051.60309271925,3.167150422054435,0,TRUE,FALSE,synthetic
synthetic_ergun_phi0.603_d6_Re2.4e+05,,,24274555.111317616,6816.461339733088,0.1666567055,1.0,6,0.603103,3.1346176724716015,245407.2754870252,3.166661185019917,0,TRUE,FALSE,synthetic
synthetic_ergun_phi0.603_d6_Re4.9e+05,,,90380686.34036613,12965.153046777305,0.1666567055,1.0,6,0.603103,3.226053682237867,466773.4073302189,3.166453028479253,0,TRUE,FALSE,synthetic
synthetic_ergun_phi0.603_d6_Re1.0e+06,,,348886390.5370834,26839.22317772341,0.1666567055,1.0,6,0.603103,2.9059985667196293,966269.7854443094,3.1663337395162428,0,TRUE,FALSE,synthetic
synthetic_ergun_phi0.603_d10_Re1.0e-03,,,3.008885890744508e-06,1.6526685918111786e-05,0.1666567055,1.0,10,0.603103,110162.59828800835,0.0009916604236552477,108623.07756302896,0,TRUE,FALSE,synthetic
synthetic_ergun_phi0.603_d10_Re2.0e-03,,,6.443658926663961e-06,3.53896979233917e-05,0.1666567055,1.0,10,0.603103,51449.22452276262,0.002123508791153423,50727.73479778336,0,TRUE,FALSE,synthetic
synthetic_ergun_phi0.603_d10_Re4.2e-03,,,1.2037715042493963e-05,7.128759158182674e-05,0.1666567055,1.0,10,0.603103,23687.333433651627,0.004277511148918441,25184.647590189434,0,TRUE,FALSE,synthetic
synthetic_ergun_phi0.603_d10_Re8.5e-03,,,2.567231110314502e-05,0.00014209006309697257,0.1666567055,1.0,10,0.603103,12715.620351923839,0.008525913354081788,12636.893873978968,0,TRUE,FALSE,synthetic
synthetic_ergun_phi0.603_d10_Re1.7e-02,,,5.3861684676609e-05,0.0002981509280513482,0.1666567055,1.0,10,0.603103,6059.092771200191,0.017890124922177116,6024.033475352694,0,TRUE,FALSE,synthetic
synthetic_ergun_phi0.603_d10_Re3.6e-02,,,0.00010657011154782977,0.0006081674073825892,0.1666567055,1.0,10,0.603103,2881.3043606014944,0.03649222547379524,2954.86527320231,0,TRUE,FALSE,synthetic
synthetic_ergun_phi0.603_d10_Re7.3e-02,,,0.00022521518345635006,0.0012261835714316531,0.1666567055,1.0,10,0.603103,1497.9133108472681,0.07357541166752832,1467.1616638990029,0,TRUE,FALSE,synthetic
synthetic_ergun_phi0.603_d10_Re1.5e-01,,,0.00043419567142740625,0.002387555437668022,0.1666567055,1.0,10,0.603103,761.6905380664477,0.14326188859337688,755.0344850334869,0,TRUE,FALSE,synthetic
synthetic_ergun_phi0.603_d10_Re3.0e-01,,,0.000826003234623608,0.005016576769602732,0.1666567055,1.0,10,0.603103,328.22134632630843,0.30101259679603665,361.0052909425293,0,TRUE,FALSE,synthetic
synthetic_ergun_phi0.603_d10_Re6.2e-01,,,0.0019130844804787083,0.010651558639631815,0.1666567055,1.0,10,0.603103,168.6195101673699,0.6391317173632606,171.69809820163692,0,TRUE,FALSE,synthetic
synthetic_ergun_phi0.603_d10_Re1.3e+00,,,0.0037633752078760742,0.020614149400742982,0.1666567055,1.0,10,0.603103,88.56185019158467,1.236922891215018,90.24850367727883,0,TRUE,FALSE,synthetic
synthetic_ergun_phi0.603_d10_Re2.6e+00,,,0.00904240340409201,0.04339268110067813,0.1666567055,1.0,10,0.603103,48.0231793285087,2.603716482363689,44.535575659745405,0,TRUE,FALSE,synthetic
synthetic_ergun_phi0.603_d10_Re5.3e+00,,,0.018651878253972073,0.08786153919835035,0.1666567055,1.0,10,0.603103,24.161559246997527,5.272007443969925,23.59754153844015,0,TRUE,FALSE,synthetic
synthetic_ergun_phi0.603_d10_Re1.1e+01,,,0.04615990440377844,0.18801897869501866,0.1666567055,1.0,10,0.603103,13.057544727104077,11.281813001818799,12.71380715093639,0,TRUE,FALSE,synthetic
synthetic_ergun_phi0.603_d10_Re2.2e+01,,,0.1115362067784599,0.38069092496450896,0.1666567055,1.0,10,0.603103,7.696102131096508,22.84282074473799,7.881667371822014,0,TRUE,FALSE,synthetic
synthetic_ergun_phi0.603_d10_Re4.5e+01,,,0.3256563911942324,0.7709763927575923,0.1666567055,1.0,10,0.603103,5.478699057614053,46.261348467469396,5.494603751587513,0,TRUE,FALSE,synthetic
synthetic_ergun_phi0.603_d10_Re9.2e+01,,,1.0324924416959673,1.5897848715071388,0.1666567055,1.0,10,0.603103,4.085170257518431,95.39279363152531,4.295385834232569,0,TRUE,FALSE,synthetic
synthetic_ergun_phi0.603_d10_Re1.9e+02,,,3.773005610427449,3.072756403593501,0.1666567055,1.0,10,0.603103,3.9960525076746487,184.37640384013838,3.750429707647103,0,TRUE,FALSE,synthetic
synthetic_ergun_phi0.603_d10_Re3.9e+02,,,13.823481256556287,6.389618712559175,0.1666567055,1.0,10,0.603103,3.3858486538230923,383.4000374235872,3.447166597128892,0,TRUE,FALSE,synthetic
synthetic_ergun_phi0.603_d10_Re7.9e+02,,,55.29078268103789,13.163918799135297,0.1666567055,1.0,10,0.603103,3.1906733749632585,789.882336845744,3.3025894966641367,0,TRUE,FALSE,synthetic
synthetic_ergun_phi0.603_d10_Re1.6e+03,,,236.74986266291438,27.930131965780618,0.1666567055,1.0,10,0.603103,3.03489563060873,1675.9080819451708,3.23049432689511,0,TRUE,FALSE,synthetic
synthetic_ergun_phi0.603_d10_Re3.3e+03,,,969.9890878111976,54.58861243313569,0.1666567055,1.0,10,0.603103,3.2550880296802225,3275.5125135445383,3.199106910737984,0,TRUE,FALSE,synthetic
synthetic_ergun_phi0.603_d10_Re6.7e+03,,,3814.3023836023303,111.69871467485306,0.1666567055,1.0,10,0.603103,3.0571642188168346,6702.323458257314,3.182293418633628,0,TRUE,FALSE,synthetic
synthetic_ergun_phi0.603_d10_Re1.4e+04,,,16134.688925473336,223.06926060848383,0.1666567055,1.0,10,0.603103,3.2425086339630598,13384.955615151279,3.1742696635713035,0,TRUE,FALSE,synthetic
synthetic_ergun_phi0.603_d10_Re2.8e+04,,,67369.33557117498,453.599633762817,0.1666567055,1.0,10,0.603103,3.2742879791119948,27217.604740351537,3.170179779972355,0,TRUE,FALSE,synthetic
synthetic_ergun_phi0.603_d10_Re5.7e+04,,,256998.6493903174,913.2414297552475,0.1666567055,1.0,10,0.603103,3.0814819657462893,54797.76088308955,3.1681879308895526,0,TRUE,FALSE,synthetic
synthetic_ergun_phi0.603_d10_Re1.2e+05,,,1137626.842340806,1955.5158246899584,0.1666567055,1.0,10,0.603103,2.9749328080325177,117337.96241939743,3.167140246805604,0,TRUE,FALSE,synthetic
synthetic_ergun_phi0.603_d10_Re2.4e+05,,,5241498.67624827,4070.315547323439,0.1666567055,1.0,10,0.603103,3.1637293454212077,244233.52994479059,3.166663294394267,0,TRUE,FALSE,synthetic
synthetic_ergun_phi0.603_d10_Re4.9e+05,,,18346303.180326827,7906.40637065227,0.1666567055,1.0,10,0.603103,2.9348796811992437,474412.73646515654,3.1664493125691293,0,TRUE,FALSE,synthetic
synthetic_ergun_phi0.603_d10_Re1.0e+06,,,80262936.84670752,15901.020138668668,0.1666567055,1.0,10,0.603103,3.1744250050073037,954118.2331045581,3.166335159239158,0,TRUE,FALSE,synthetic
synthetic_ergun_phi0.609_d6_Re1.0e-03,,,1.1724962063361481e-05,2.6828685471948407e-05,0.1666567055,1.0,6,0.609453,97738.10367720474,0.0009658904053619999,104641.00269406081,0,TRUE,FALSE,synthetic
synthetic_ergun_phi0.609_d6_Re2.0e-03,,,2.9554450669109275e-05,5.636425423209142e-05,0.1666567055,1.0,6,0.609453,55817.01553771364,0.0020292344336096846,49809.400666133144,0,TRUE,FALSE,synthetic
synthetic_ergun_phi0.609_d6_Re4.2e-03,,,5.685071353802674e-05,0.00011694380613209212,0.1666567055,1.0,6,0.609453,24942.083061112186,0.00421022865349125,24008.562030266832,0,TRUE,FALSE,synthetic
synthetic_ergun_phi0.609_d6_Re8.5e-03,,,0.00011607230906992209,0.00023849402156275563,0.1666567055,1.0,6,0.609453,12244.043976819825,0.008586297953528992,11773.962251072875,0,TRUE,FALSE,synthetic
synthetic_ergun_phi0.609_d6_Re1.7e-02,,,0.00021308761778090463,0.00046510603273361835,0.1666567055,1.0,6,0.609453,5910.245477241221,0.01674481796594563,6038.846186524258,0,TRUE,FALSE,synthetic
synthetic_ergun_phi0.609_d6_Re3.6e-02,,,0.00046667524103890693,0.0009972424954843722,0.1666567055,1.0,6,0.609453,2815.557864256234,0.03590287564460605,2818.0812859968532,0,TRUE,FALSE,synthetic
synthetic_ergun_phi0.609_d6_Re7.3e-02,,,0.0009117067055719276,0.002010199032436196,0.1666567055,1.0,6,0.609453,1353.7182386012491,0.07237149059458142,1399.5473476789637,0,TRUE,FALSE,synthetic
synthetic_ergun_phi0.609_d6_Re1.5e-01,,,0.0018533414064187065,0.0040993868571536606,0.1666567055,1.0,6,0.609453,661.7117861570098,0.14758674767468005,687.8288097874255,0,TRUE,FALSE,synthetic
synthetic_ergun_phi0.609_d6_Re3.0e-01,,,0.003489207420620506,0.007850123717132828,0.1666567055,1.0,6,0.609453,339.72306632111395,0.28262134524672317,360.631332529154,0,TRUE,FALSE,synthetic
synthetic_ergun_phi0.609_d6_Re6.2e-01,,,0.009016081708223456,0.01749734655691895,0.1666567055,1.0,6,0.609453,176.6951796778493,0.6299421258001149,163.46063576039253,0,TRUE,FALSE,synthetic
synthetic_ergun_phi0.609_d6_Re1.3e+00,,,0.01819833336584533,0.0372176248279455,0.1666567055,1.0,6,0.609453,78.82891689677768,1.3399145764805305,78.44849604005718,0,TRUE,FALSE,synthetic
synthetic_ergun_phi0.609_d6_Re2.6e+00,,,0.03910263503646953,0.07397830777291936,0.1666567055,1.0,6,0.609453,42.869507019440675,2.663378261953679,40.96679602626805,0,TRUE,FALSE,synthetic
synthetic_ergun_phi0.609_d6_Re5.3e+00,,,0.0715562283903842,0.14414186691324363,0.1666567055,1.0,6,0.609453,20.664190959405687,5.189417364784411,22.495140057553968,0,TRUE,FALSE,synthetic
synthetic_ergun_phi0.609_d6_Re1.1e+01,,,0.17069547054124948,0.30099322924099403,0.1666567055,1.0,6,0.609453,11.304719602780908,10.836403912028395,12.34597812752744,0,TRUE,FALSE,synthetic
synthetic_ergun_phi0.609_d6_Re2.2e+01,,,0.4856790065683147,0.6085984167508004,0.1666567055,1.0,6,0.609453,7.867539743815792,21.91085254895311,7.6319207276142,0,TRUE,FALSE,synthetic
synthetic_ergun_phi0.609_d6_Re4.5e+01,,,1.2935398758716834,1.2032118638948124,0.1666567055,1.0,6,0.609453,5.361013003329428,43.318216100034896,5.3523631902745334,0,TRUE,FALSE,synthetic
synthetic_ergun_phi0.609_d6_Re9.2e+01,,,4.901737487162289,2.6628381728307953,0.1666567055,1.0,6,0.609453,4.14774215946812,95.86790395892454,4.073442660841047,0,TRUE,FALSE,synthetic
synthetic_ergun_phi0.609_d6_Re1.9e+02,,,17.53876437845306,5.325235934119397,0.1666567055,1.0,6,0.609453,3.7108426224405227,191.7199521546787,3.546360804138226,0,TRUE,FALSE,synthetic
synthetic_ergun_phi0.609_d6_Re3.9e+02,,,69.8763570971346,11.283840210442461,0.1666567055,1.0,6,0.609453,3.2928174222528717,406.2425274730681,3.26798113249921,0,TRUE,FALSE,synthetic
synthetic_ergun_phi0.609_d6_Re7.9e+02,,,269.31249312284666,22.711312302777767,0.1666567055,1.0,6,0.609453,3.132732352112842,817.6561117528307,3.1427997428924357,0,TRUE,FALSE,synthetic
synthetic_ergun_phi0.609_d6_Re1.6e+03,,,1010.5597455445527,43.99994672265489,0.1666567055,1.0,6,0.609453,3.1319076223729714,1584.0927584874726,3.082994097714145,0,TRUE,FALSE,synthetic
synthetic_ergun_phi0.609_d6_Re3.3e+03,,,3979.332318921887,89.74698879544326,0.1666567055,1.0,6,0.609453,2.9642968161122765,3231.0847088757528,3.0504719110870133,0,TRUE,FALSE,synthetic
synthetic_ergun_phi0.609_d6_Re6.7e+03,,,15162.496102578407,183.37477619663028,0.1666567055,1.0,6,0.609453,2.7054702270777042,6601.886518030213,3.0345008403487235,0,TRUE,FALSE,synthetic
synthetic_ergun_phi0.609_d6_Re1.4e+04,,,69391.04701071684,382.80456811219,0.1666567055,1.0,6,0.609453,2.8411912428673802,13781.788148171092,3.0265252638803877,0,TRUE,FALSE,synthetic
synthetic_ergun_phi0.609_d6_Re2.8e+04,,,327223.12619705504,777.2304599661783,0.1666567055,1.0,6,0.609453,3.2500917028384637,27981.968957121077,3.0228036848344244,0,TRUE,FALSE,synthetic
synthetic_ergun_phi0.609_d6_Re5.7e+04,,,1205689.9527854202,1568.5710839083097,0.1666567055,1.0,6,0.609453,2.940210897575134,56471.93417878921,3.020981475782569,0,TRUE,FALSE,synthetic
synthetic_ergun_phi0.609_d6_Re1.2e+05,,,5950257.900890573,3391.620165712553,0.1666567055,1.0,6,0.609453,3.1036491616399045,122105.6238524727,3.020019474383776,0,TRUE,FALSE,synthetic
synthetic_ergun_phi0.609_d6_Re2.4e+05,,,23200275.082613807,6850.225951050059,0.1666567055,1.0,6,0.609453,2.966433324369083,246622.87414712127,3.0196015692427647,0,TRUE,FALSE,synthetic
synthetic_ergun_phi0.609_d6_Re4.9e+05,,,93975634.20659393,13901.874601188198,0.1666567055,1.0,6,0.609453,2.9175599064419555,500497.3988708135,3.0193936947714786,0,TRUE,FALSE,synthetic
synthetic_ergun_phi0.609_d6_Re1.0e+06,,,384087008.31776685,27218.48995108577,0.1666567055,1.0,6,0.609453,3.110661922520203,979924.20536907,3.019294897439434,0,TRUE,FALSE,synthetic
synthetic_ergun_phi0.609_d10_Re1.0e-03,,,2.8650829717879004e-06,1.636917106796872e-05,0.1666567055,1.0,10,0.609453,106926.12511605502,0.0009822089677614992,102902.53204353145,0,TRUE,FALSE,synthetic
synthetic_ergun_phi0.609_d10_Re2.0e-03,,,5.6647745653372245e-06,3.65871416530451e-05,0.1666567055,1.0,10,0.609453,42318.051986394974,0.0021953597092464485,46040.497184826,0,TRUE,FALSE,synthetic
synthetic_ergun_phi0.609_d10_Re4.2e-03,,,1.2120728667107847e-05,6.803182184799238e-05,0.1666567055,1.0,10,0.609453,26188.132332174704,0.004082153288935163,24761.723029571385,0,TRUE,FALSE,synthetic
synthetic_ergun_phi0.609_d10_Re8.5e-03,,,2.5277261346416773e-05,0.0001415686451173302,0.1666567055,1.0,10,0.609453,12612.345737276908,0.008494626405376182,11900.99085974518,0,TRUE,FALSE,synthetic
synthetic_ergun_phi0.609_d10_Re1.7e-02,,,4.8294376226193986e-05,0.00028186564311010023,0.1666567055,1.0,10,0.609453,6078.721915128979,0.01691294942285417,5978.844092217358,0,TRUE,FALSE,synthetic
synthetic_ergun_phi0.609_d10_Re3.6e-02,,,0.00010035367871998021,0.0005909971097051205,0.1666567055,1.0,10,0.609453,2873.1783374903775,0.035461946036435994,2853.083432379677,0,TRUE,FALSE,synthetic
synthetic_ergun_phi0.609_d10_Re7.3e-02,,,0.00019458369058561594,0.0012251966867130313,0.1666567055,1.0,10,0.609453,1296.268026256264,0.07351619504521115,1377.8023159273976,0,TRUE,FALSE,synthetic
synthetic_ergun_phi0.609_d10_Re1.5e-01,,,0.00043544213622592987,0.002400169020891608,0.1666567055,1.0,10,0.609453,755.8694624234859,0.14401874882205734,704.7946559107862,0,TRUE,FALSE,synthetic
synthetic_ergun_phi0.609_d10_Re3.0e-01,,,0.0008731936522243253,0.005109773456371013,0.1666567055,1.0,10,0.609453,334.43157794464,0.3066047322272918,332.6580188142638,0,TRUE,FALSE,synthetic
synthetic_ergun_phi0.609_d10_Re6.2e-01,,,0.0018051227045235534,0.010335988046044551,0.1666567055,1.0,10,0.609453,168.96732631018025,0.6201963500379258,165.98181528057742,0,TRUE,FALSE,synthetic
synthetic_ergun_phi0.609_d10_Re1.3e+00,,,0.0033929271116318245,0.020427280842923112,0.1666567055,1.0,10,0.609453,81.31176915974257,1.2257101075913872,85.47655559578422,0,TRUE,FALSE,synthetic
synthetic_ergun_phi0.609_d10_Re2.6e+00,,,0.008241033647757407,0.04493783215642576,0.1666567055,1.0,10,0.609453,40.80914085055517,2.6964310869823214,40.50163467644152,0,TRUE,FALSE,synthetic
synthetic_ergun_phi0.609_d10_Re5.3e+00,,,0.017205587121958035,0.09058142586062412,0.1666567055,1.0,10,0.609453,20.969650472789926,5.435210397857296,21.614391741646454,0,TRUE,FALSE,synthetic
synthetic_ergun_phi0.609_d10_Re1.1e+01,,,0.04308516051157131,0.18803672478317862,0.1666567055,1.0,10,0.609453,12.185472084784896,11.282877830750028,11.97690855840302,0,TRUE,FALSE,synthetic
synthetic_ergun_phi0.609_d10_Re2.2e+01,,,0.10817112561371897,0.3740420690571091,0.1666567055,1.0,10,0.609453,7.731619052124648,22.44386554593863,7.52237433564626,0,TRUE,FALSE,synthetic
synthetic_ergun_phi0.609_d10_Re4.5e+01,,,0.261658091047108,0.7355481452626319,0.1666567055,1.0,10,0.609453,4.83628581835297,44.13552656377405,5.309157057398055,0,TRUE,FALSE,synthetic
synthetic_ergun_phi0.609_d10_Re9.2e+01,,,1.000114841960124,1.4905158811624064,0.1666567055,1.0,10,0.609453,4.501701112560753,89.43629820897944,4.149256690539539,0,TRUE,FALSE,synthetic
synthetic_ergun_phi0.609_d10_Re1.9e+02,,,3.715519494574381,3.270628805922717,0.1666567055,1.0,10,0.609453,3.4734178306223074,196.2494575966952,3.5341935599962753,0,TRUE,FALSE,synthetic
synthetic_ergun_phi0.609_d10_Re3.9e+02,,,14.030190052362887,6.369409891393409,0.1666567055,1.0,10,0.609453,3.4583198546823786,382.18743568007284,3.2836400754203248,0,TRUE,FALSE,synthetic
synthetic_ergun_phi0.609_d10_Re7.9e+02,,,50.37270276125667,13.067133622366493,0.1666567055,1.0,10,0.609453,2.9500854076432033,784.0748791452913,3.1480937634036406,0,TRUE,FALSE,synthetic
synthetic_ergun_phi0.609_d10_Re1.6e+03,,,245.06120780234627,27.874551962130255,0.1666567055,1.0,10,0.609453,3.1539788634562327,1672.5730824032314,3.0796189078685847,0,TRUE,FALSE,synthetic
synthetic_ergun_phi0.609_d10_Re3.3e+03,,,776.9395217651315,50.84862317906851,0.1666567055,1.0,10,0.609453,3.004891655993308,3051.0997458226193,3.0523171333560426,0,TRUE,FALSE,synthetic
synthetic_ergun_phi0.609_d10_Re6.7e+03,,,3935.9563405461304,112.53324816659062,0.1666567055,1.0,10,0.609453,3.1080540541175568,6752.398460594231,3.0341595986795222,0,TRUE,FALSE,synthetic
synthetic_ergun_phi0.609_d10_Re1.4e+04,,,15509.944117669458,230.0044187070792,0.1666567055,1.0,10,0.609453,2.9318238540429897,13801.089972169117,3.0265150074412297,0,TRUE,FALSE,synthetic
synthetic_ergun_phi0.609_d10_Re2.8e+04,,,66679.52243842793,466.21951581760806,0.1666567055,1.0,10,0.609453,3.067690791693147,27974.84292149337,3.022804604901047,0,TRUE,FALSE,synthetic
synthetic_ergun_phi0.609_d10_Re5.7e+04,,,266669.77693025663,948.3129934554348,0.1666567055,1.0,10,0.609453,2.96531200164278,56902.18047994684,3.0209679434460988,0,TRUE,FALSE,synthetic
synthetic_ergun_phi0.609_d10_Re1.2e+05,,,1184834.8688865264,2028.1566879972966,0.1666567055,1.0,10,0.609453,2.8804133742663116,121696.67472499608,3.0200222558393084,0,TRUE,FALSE,synthetic
synthetic_ergun_phi0.609_d10_Re2.4e+05,,,4256019.989629666,3949.844837377916,0.1666567055,1.0,10,0.609453,2.7279951139452514,237004.8553118624,3.019618200008235,0,TRUE,FALSE,synthetic
synthetic_ergun_phi0.609_d10_Re4.9e+05,,,21625084.08497756,8289.458714183997,0.1666567055,1.0,10,0.609453,3.147063159871164,497397.2507925279,3.0193949533909517,0,TRUE,FALSE,synthetic
synthetic_ergun_phi0.609_d10_Re1.0e+06,,,90733962.12651612,16942.166150033805,0.1666567055,1.0,10,0.609453,3.161054639954889,1016590.7275800436,3.01929117739349,0,TRUE,FALSE,synthetic
