filename,tau,delta_p,dP_L,v,mu,rho,d,phi,f,Re_p,f_ergun,steps,converged,stalled
ergun_full_phi0.150_d6_Re2.7e+02,,,5956.872785565595,7.75950938750803,0.1666567055,1.0,6,0.15,593.6097834681766,279.3590344016982,555.6864097787346,0,True,False
ergun_full_phi0.150_d6_Re4.8e+02,,,13934.006246818286,13.576081994159802,0.1666567055,1.0,6,0.15,453.6055364988643,488.7681639966105,506.4387822182004,0,True,False
ergun_full_phi0.150_d6_Re8.6e+02,,,47539.09445146507,24.017048309331187,0.1666567055,1.0,6,0.15,494.4961241101853,864.665417593936,477.8777771686173,0,True,False
ergun_full_phi0.150_d6_Re1.6e+03,,,147372.4360831461,44.48784335145126,0.1666567055,1.0,6,0.15,446.77082715354175,1601.658086951128,460.7894086635163,0,True,False
ergun_full_phi0.150_d6_Re2.8e+03,,,474651.4042072877,82.07648272048682,0.1666567055,1.0,6,0.15,422.7547990192629,2954.9299852379536,451.6077024865452,0,True,False
ergun_full_phi0.150_d6_Re5.0e+03,,,1469123.7380190266,137.14508957161186,0.1666567055,1.0,6,0.15,468.6505181714737,4937.518325235771,447.2442327778216,0,True,False
ergun_full_phi0.150_d6_Re9.1e+03,,,5205939.706954479,252.2071966889881,0.1666567055,1.0,6,0.15,491.06098938426913,9080.001765269077,444.2772060346063,0,True,False
ergun_full_phi0.150_d6_Re1.6e+04,,,14859120.105402142,455.9252918468301,0.1666567055,1.0,6,0.15,428.9009161623488,16414.291539448324,442.6970305406349,0,True,False
ergun_full_phi0.150_d6_Re2.9e+04,,,45404685.89082851,806.9329245579269,0.1666567055,1.0,6,0.15,418.3859135640307,29051.3215944231,441.8460643318464,0,True,False
ergun_full_phi0.150_d6_Re5.3e+04,,,151775098.89380965,1413.9339222021154,0.1666567055,1.0,6,0.15,455.5054180192952,50904.66361830662,441.3715495670575,0,True,False
ergun_full_phi0.150_d6_Re9.5e+04,,,568071614.7661341,2691.32942327087,0.1666567055,1.0,6,0.15,470.5660823457806,96893.65028054763,441.07214647288254,0,True,False
ergun_full_phi0.150_d6_Re1.7e+05,,,1732463723.241845,4654.601029526063,0.1666567055,1.0,6,0.15,479.7892106070335,167575.65255696463,440.93236231953904,0,True,False
ergun_full_phi0.150_d6_Re3.1e+05,,,5739856549.189944,8497.455858362197,0.1666567055,1.0,6,0.15,476.9517587000655,305926.6952218324,440.84570415718224,0,True,False
ergun_full_phi0.150_d6_Re5.6e+05,,,16426544976.269424,15230.48376001572,0.1666567055,1.0,6,0.15,424.8837111174519,548330.187410877,440.7993023735824,0,True,False
ergun_full_phi0.150_d6_Re1.0e+06,,,60577727681.50101,27985.041433036207,0.1666567055,1.0,6,0.15,464.1008036831543,1007521.7081392338,440.7726121246045,0,True,False
ergun_full_phi0.150_d10_Re4.8e+02,,,3582.2617417578163,8.439960625145906,0.1666567055,1.0,10,0.15,502.8940228217047,506.4279051853636,504.1478136573837,0,True,False
ergun_full_phi0.150_d10_Re8.6e+02,,,9230.677080702764,14.425190366471128,0.1666567055,1.0,10,0.15,443.5988911201884,865.5631541012988,477.8392597326352,0,True,False
ergun_full_phi0.150_d10_Re1.6e+03,,,35695.563473697686,27.212914806733107,0.1666567055,1.0,10,0.15,482.0189560684634,1632.8724802935162,460.4061533792949,0,True,False
ergun_full_phi0.150_d10_Re2.8e+03,,,104978.49501113174,48.14289703913086,0.1666567055,1.0,10,0.15,452.9350201127055,2888.7464740583664,451.8566733431608,0,True,False
ergun_full_phi0.150_d10_Re5.0e+03,,,338917.8338077876,86.27667417999196,0.1666567055,1.0,10,0.15,455.3104636346124,5176.909859171071,446.9434972083322,0,True,False
ergun_full_phi0.150_d10_Re9.1e+03,,,1044260.0548363012,153.90713005608256,0.1666567055,1.0,10,0.15,440.85034593318153,9234.979750399696,444.2178583932968,0,True,False
ergun_full_phi0.150_d10_Re1.6e+04,,,3157311.570329725,260.2469855274599,0.1666567055,1.0,10,0.15,466.1718293560568,15615.752438323576,442.79706887721306,0,True,False
ergun_full_phi0.150_d10_Re2.9e+04,,,9321977.5737974,462.0592086307165,0.1666567055,1.0,10,0.15,436.6292177702877,27725.209570443385,441.8989325671912,0,True,False
ergun_full_phi0.150_d10_Re5.3e+04,,,32156144.089645248,876.1175056603915,0.1666567055,1.0,10,0.15,418.927866478713,52570.19230230682,441.3515642836044,0,True,False
ergun_full_phi0.150_d10_Re9.5e+04,,,114084900.81488928,1616.3465346660912,0.1666567055,1.0,10,0.15,436.6758921816217,96986.58867741095,441.0718288999286,0,True,False
ergun_full_phi0.150_d10_Re1.7e+05,,,359753746.40427095,2819.508839292519,0.1666567055,1.0,10,0.15,452.541492009032,169180.64177696823,440.930544436801,0,True,False
ergun_full_phi0.150_d10_Re3.1e+05,,,1214504053.8565545,5069.617871067492,0.1666567055,1.0,10,0.15,472.5508172956784,304195.25310174166,440.8463015960917,0,True,False
ergun_full_phi0.150_d10_Re5.6e+05,,,3767948287.9577394,9355.838004519585,0.1666567055,1.0,10,0.15,430.4666860991298,561383.8324986921,440.79794066217096,0,True,False
ergun_full_phi0.150_d10_Re1.0e+06,,,10204736842.464314,15721.402470375988,0.1666567055,1.0,10,0.15,412.87561918422296,943340.5288559472,440.77478052820766,0,True,False
ergun_full_phi0.214_d6_Re4.8e+02,,,4472.990711816986,13.042128895114866,0.1666567055,1.0,6,0.2136363636363636,157.78011588787666,469.5447035024294,161.39521593353703,0,True,False
ergun_full_phi0.214_d6_Re8.6e+02,,,13475.6060578342,23.22496817728973,0.1666567055,1.0,6,0.2136363636363636,149.89574384990644,836.1488284894626,152.51242607718825,0,True,False
ergun_full_phi0.214_d6_Re1.6e+03,,,47508.04385976164,43.16028918467939,0.1666567055,1.0,6,0.2136363636363636,153.02053192957527,1553.8632803951375,147.25748471750268,0,True,False
ergun_full_phi0.214_d6_Re2.8e+03,,,139005.04623174804,76.30027850208079,0.1666567055,1.0,6,0.2136363636363636,143.26152523545562,2746.974204482188,144.59843774472571,0,True,False
ergun_full_phi0.214_d6_Re5.0e+03,,,411365.9380724026,134.07382392519688,0.1666567055,1.0,6,0.2136363636363636,137.30665481018704,4826.946153397837,143.10618283994546,0,True,False
ergun_full_phi0.214_d6_Re9.1e+03,,,1866826.285259273,273.5415547089724,0.1666567055,1.0,6,0.2136363636363636,149.6954277745347,9848.084559992903,142.10135758484992,0,True,False
ergun_full_phi0.214_d6_Re1.6e+04,,,4332998.42517715,442.8498021088314,0.1666567055,1.0,6,0.2136363636363636,132.56438815177333,15943.545773818192,141.73205490211276,0,True,False
ergun_full_phi0.214_d6_Re2.9e+04,,,14795519.108265407,792.5851684286596,0.1666567055,1.0,6,0.2136363636363636,141.31542704677187,28534.771501120053,141.4687728405525,0,True,False
ergun_full_phi0.214_d6_Re5.3e+04,,,49082889.14389798,1470.7141128825435,0.1666567055,1.0,6,0.2136363636363636,136.1522582588869,52948.87265904379,141.31505573617065,0,True,False
ergun_full_phi0.214_d6_Re9.5e+04,,,163664847.8462136,2544.675336099785,0.1666567055,1.0,6,0.2136363636363636,151.649820461287,91613.7875808346,141.23923079626505,0,True,False
ergun_full_phi0.214_d6_Re1.7e+05,,,537919824.2967184,4826.130155050875,0.1666567055,1.0,6,0.2136363636363636,138.57048595525947,173751.0701620419,141.1901440126333,0,True,False
ergun_full_phi0.214_d6_Re3.1e+05,,,1661109018.282192,8514.483059807726,0.1666567055,1.0,6,0.2136363636363636,137.47787636363887,306539.7111119922,141.16642703923634,0,True,False
ergun_full_phi0.214_d6_Re5.6e+05,,,4723371278.763572,14128.600427348329,0.1666567055,1.0,6,0.2136363636363636,141.97276773545806,508660.016467744,141.15409575883666,0,True,False
ergun_full_phi0.214_d6_Re1.0e+06,,,16187847166.03347,26898.223390100084,0.1666567055,1.0,6,0.2136363636363636,134.24346509771777,968393.920043022,141.14521726188983,0,True,False
ergun_full_phi0.214_d10_Re2.7e+02,,,376.5643466322256,4.640555033484181,0.1666567055,1.0,10,0.2136363636363636,174.86357111979754,278.44994412686145,175.29913618839572,0,True,False
ergun_full_phi0.214_d10_Re4.8e+02,,,1018.280166497114,7.904729783740317,0.1666567055,1.0,10,0.2136363636363636,162.96458229538746,474.31213523780576,161.19157931667556,0,True,False
ergun_full_phi0.214_d10_Re8.6e+02,,,3475.9097129197644,14.757096634019064,0.1666567055,1.0,10,0.2136363636363636,159.61240618778845,885.4787204478288,151.8786132530453,0,True,False
ergun_full_phi0.214_d10_Re1.6e+03,,,10069.782464332677,24.853918486738166,0.1666567055,1.0,10,0.2136363636363636,163.01604388965262,1491.3242411802123,147.51421606248508,0,True,False
ergun_full_phi0.214_d10_Re2.8e+03,,,32612.939143823496,47.96978874626616,0.1666567055,1.0,10,0.2136363636363636,141.72756586640844,2878.3593556795804,144.44036417432253,0,True,False
ergun_full_phi0.214_d10_Re5.0e+03,,,91427.9060058974,81.90006911414658,0.1666567055,1.0,10,0.2136363636363636,136.30451337643927,4914.297859688974,143.07115204158944,0,True,False
ergun_full_phi0.214_d10_Re9.1e+03,,,316609.1180958269,151.6621045154513,0.1666567055,1.0,10,0.2136363636363636,137.64779597200007,9100.270166774137,142.18073561868357,0,True,False
ergun_full_phi0.214_d10_Re1.6e+04,,,1043109.7598823992,265.8418395863744,0.1666567055,1.0,10,0.2136363636363636,147.59897510080137,15951.463746316187,141.73175873208427,0,True,False
ergun_full_phi0.214_d10_Re2.9e+04,,,3399130.358706153,495.0599416564014,0.1666567055,1.0,10,0.2136363636363636,138.69226723376855,29705.37190034645,141.4556353672318,0,True,False
ergun_full_phi0.214_d10_Re5.3e+04,,,12287289.574185036,901.142428498352,0.1666567055,1.0,10,0.2136363636363636,151.31055257125325,54071.77741782206,141.3113247114114,0,True,False
ergun_full_phi0.214_d10_Re9.5e+04,,,32316592.576064307,1535.6285766533997,0.1666567055,1.0,10,0.2136363636363636,137.04184354754528,92143.2217231367,141.23863417286103,0,True,False
ergun_full_phi0.214_d10_Re1.7e+05,,,126388259.7318208,2938.641513400993,0.1666567055,1.0,10,0.2136363636363636,146.3570054743857,176329.02946116342,141.18934355689288,0,True,False
ergun_full_phi0.214_d10_Re3.1e+05,,,401095729.53519887,5177.714698739788,0.1666567055,1.0,10,0.2136363636363636,149.6138522760162,310681.4504226347,141.16601333185977,0,True,False
ergun_full_phi0.214_d10_Re5.6e+05,,,1052500563.9595358,8960.361120518703,0.1666567055,1.0,10,0.2136363636363636,131.09052758079986,537653.8011858576,141.15308723269325,0,True,False
ergun_full_phi0.214_d10_Re1.0e+06,,,3744496390.0594697,16238.025214635334,0.1666567055,1.0,10,0.2136363636363636,142.01263749812946,974339.7462417335,141.14515731559996,0,True,False
ergun_full_phi0.277_d6_Re2.7e+02,,,692.9809167214057,7.466780977544869,0.1666567055,1.0,6,0.2772727272727272,74.57713595574579,268.820181767419,73.005058509397,0,True,False
ergun_full_phi0.277_d6_Re4.8e+02,,,2067.7325089277915,13.662246602558662,0.1666567055,1.0,6,0.2772727272727272,66.46627897550393,491.8702753028559,66.80481645179253,0,True,False
ergun_full_phi0.277_d6_Re8.6e+02,,,5729.59851551487,23.72926457732021,0.1666567055,1.0,6,0.2772727272727272,61.05298245184454,854.3045840055998,63.63463098427244,0,True,False
ergun_full_phi0.277_d6_Re1.6e+03,,,19280.15916539508,42.02838198798144,0.1666567055,1.0,6,0.2772727272727272,65.49023119577973,1513.1121857433372,61.761390998188006,0,True,False
ergun_full_phi0.277_d6_Re2.8e+03,,,63171.45791409241,77.51376574624254,0.1666567055,1.0,6,0.2772727272727272,63.08331076113748,2790.662356381785,60.64935659117244,0,True,False
ergun_full_phi0.277_d6_Re5.0e+03,,,164574.92748925785,134.5538295482022,0.1666567055,1.0,6,0.2772727272727272,54.540962433521486,4844.227388673618,60.09102097905946,0,True,False
ergun_full_phi0.277_d6_Re9.1e+03,,,628043.5380534615,244.0337617187885,0.1666567055,1.0,6,0.2772727272727272,63.27631405267357,8785.74051923,59.75062943110815,0,True,False
ergun_full_phi0.277_d6_Re1.6e+04,,,2211311.5997664644,468.1158040420312,0.1666567055,1.0,6,0.2772727272727272,60.54727295317093,16853.176209295627,59.550369500451104,0,True,False
ergun_full_phi0.277_d6_Re2.9e+04,,,6249524.628636372,796.7192421728427,0.1666567055,1.0,6,0.2772727272727272,59.07280887082213,28683.60705136497,59.46041897208813,0,True,False
ergun_full_phi0.277_d6_Re5.3e+04,,,20632617.47210264,1456.1171779015249,0.1666567055,1.0,6,0.2772727272727272,58.386565088541424,52423.35159090942,59.40239116252121,0,True,False
ergun_full_phi0.277_d6_Re9.5e+04,,,57056115.27864864,2453.2611263249323,0.1666567055,1.0,6,0.2772727272727272,56.880826073620426,88322.67932927303,59.37389358256211,0,True,False
ergun_full_phi0.277_d6_Re1.7e+05,,,239166753.5462792,4734.097500047011,0.1666567055,1.0,6,0.2772727272727272,64.02913910719096,170437.6965515022,59.35384409022892,0,True,False
ergun_full_phi0.277_d6_Re3.1e+05,,,786867337.0965552,8612.466364647782,0.1666567055,1.0,6,0.2772727272727272,63.64989489698021,310067.3209208896,59.34413285217505,0,True,False
ergun_full_phi0.277_d6_Re5.6e+05,,,2270635496.02688,15248.349964964596,0.1666567055,1.0,6,0.2772727272727272,58.593976333689824,548973.409232475,59.33897417209898,0,True,False
ergun_full_phi0.277_d6_Re1.0e+06,,,6179656776.495793,24709.651587447388,0.1666567055,1.0,6,0.2772727272727272,60.72707475297148,889600.6259087147,59.336410563966496,0,True,False
ergun_full_phi0.277_d10_Re2.7e+02,,,144.8660380768151,4.436710988053088,0.1666567055,1.0,10,0.2772727272727272,73.59432126851105,266.2185703684805,73.13867525597998,0,True,False
ergun_full_phi0.277_d10_Re4.8e+02,,,451.978325826046,8.201776282610542,0.1666567055,1.0,10,0.2772727272727272,67.18955599301944,492.1359904483736,66.80078186290251,0,True,False
ergun_full_phi0.277_d10_Re8.6e+02,,,1344.87904061124,14.73904065447474,0.1666567055,1.0,10,0.2772727272727272,61.90771745360959,884.3952969221956,63.48824752713861,0,True,False
ergun_full_phi0.277_d10_Re1.6e+03,,,4315.673465604119,26.18037658632196,0.1666567055,1.0,10,0.2772727272727272,62.96465076992599,1570.9164841448255,61.67200806712341,0,True,False
ergun_full_phi0.277_d10_Re2.8e+03,,,12350.078837563702,44.91053017265326,0.1666567055,1.0,10,0.2772727272727272,61.23128392319409,2694.79287004466,60.696212719469216,0,True,False
ergun_full_phi0.277_d10_Re5.0e+03,,,37744.82531237907,83.13358355693899,0.1666567055,1.0,10,0.2772727272727272,54.61405414199585,4988.313149928371,60.06910496760074,0,True,False
ergun_full_phi0.277_d10_Re9.1e+03,,,141846.98475010792,155.509355996515,0.1666567055,1.0,10,0.2772727272727272,58.65527330127159,9331.11905278333,59.72617798100123,0,True,False
ergun_full_phi0.277_d10_Re1.6e+04,,,410914.6735520096,265.14479185677203,0.1666567055,1.0,10,0.2772727272727272,58.45012553881086,15909.638382763544,59.56330359195709,0,True,False
ergun_full_phi0.277_d10_Re2.9e+04,,,1550110.8044064152,491.7093737866054,0.1666567055,1.0,10,0.2772727272727272,64.11295114766263,29504.325812237144,59.45685451340478,0,True,False
ergun_full_phi0.277_d10_Re5.3e+04,,,4679402.097571829,877.1323554358863,0.1666567055,1.0,10,0.2772727272727272,60.82191675910662,52631.086928325625,59.40211442889064,0,True,False
ergun_full_phi0.277_d10_Re9.5e+04,,,16673725.857459003,1653.6452012942646,0.1666567055,1.0,10,0.2772727272727272,60.97446337578654,99224.6424368604,59.369321315241855,0,True,False
ergun_full_phi0.277_d10_Re1.7e+05,,,50427879.492807135,2949.7654945156078,0.1666567055,1.0,10,0.2772727272727272,57.95564241830724,176996.5082212433,59.35304496748862,0,True,False
ergun_full_phi0.277_d10_Re3.1e+05,,,163899647.13247156,5262.963626500026,0.1666567055,1.0,10,0.2772727272727272,59.172140735835725,315796.691810881,59.343917790983525,0,True,False
ergun_full_phi0.277_d10_Re5.6e+05,,,515881367.8611721,9560.970310262552,0.1666567055,1.0,10,0.2772727272727272,56.43465878288977,573692.5064957888,59.33868568871507,0,True,False
ergun_full_phi0.277_d10_Re1.0e+06,,,1675717680.7490191,16280.437202050953,0.1666567055,1.0,10,0.2772727272727272,63.22207201039952,976884.6175859964,59.33604140371615,0,True,False
ergun_full_phi0.341_d6_Re4.8e+02,,,828.869982656801,13.079900905342456,0.1666567055,1.0,6,0.3409090909090909,29.06891051225694,470.90457714619066,32.60417819224889,0,True,False
ergun_full_phi0.341_d6_Re8.6e+02,,,2807.6883309134505,24.05560533591661,0.1666567055,1.0,6,0.3409090909090909,29.111700021249423,866.053553515731,31.01068814357571,0,True,False
ergun_full_phi0.341_d6_Re1.6e+03,,,10011.159574396232,43.02920399503182,0.1666567055,1.0,6,0.3409090909090909,32.442103850708534,1549.1439315065,30.17333664094982,0,True,False
ergun_full_phi0.341_d6_Re2.8e+03,,,28206.44528575521,76.50538863808839,0.1666567055,1.0,6,0.3409090909090909,28.914491347145788,2754.358610722269,29.70880177794139,0,True,False
ergun_full_phi0.341_d6_Re5.0e+03,,,107045.6618494782,145.73684087894694,0.1666567055,1.0,6,0.3409090909090909,30.23998836992286,5246.839859519973,29.42515375483081,0,True,False
ergun_full_phi0.341_d6_Re9.1e+03,,,322480.93780719786,259.3231930177443,0.1666567055,1.0,6,0.3409090909090909,28.77216735500553,9336.192944882532,29.287859255750625,0,True,False
ergun_full_phi0.341_d6_Re1.6e+04,,,1011234.9539075652,463.6434745372815,0.1666567055,1.0,6,0.3409090909090909,28.22506948049786,16692.16272383165,29.210230314630778,0,True,False
ergun_full_phi0.341_d6_Re2.9e+04,,,3203415.0639352784,799.740580876398,0.1666567055,1.0,6,0.3409090909090909,30.051502900734157,28792.38174583013,29.168823751525405,0,True,False
ergun_full_phi0.341_d6_Re5.3e+04,,,10510067.869374538,1443.0443950515455,0.1666567055,1.0,6,0.3409090909090909,30.282894690964543,51952.70327907253,29.143359847049854,0,True,False
ergun_full_phi0.341_d6_Re9.5e+04,,,36029099.87900504,2841.5533094903944,0.1666567055,1.0,6,0.3409090909090909,26.772753927822546,102302.03342728603,29.127779847716933,0,True,False
ergun_full_phi0.341_d6_Re1.7e+05,,,111227944.17239636,4654.936370486616,0.1666567055,1.0,6,0.3409090909090909,30.79907425447072,167587.7255531113,29.1215172041662,0,True,False
ergun_full_phi0.341_d6_Re3.1e+05,,,374537283.6365803,8533.811480019425,0.1666567055,1.0,6,0.3409090909090909,30.85746304017804,307235.57582935994,29.11705667175692,0,True,False
ergun_full_phi0.341_d6_Re5.6e+05,,,1105456885.1291056,14968.987745131211,0.1666567055,1.0,6,0.3409090909090909,29.60112341828937,538915.7682034418,29.114755427775,0,True,False
ergun_full_phi0.341_d6_Re1.0e+06,,,3736018911.9271007,27650.944380776928,0.1666567055,1.0,6,0.3409090909090909,29.318407650997703,995493.4953677072,29.113355770974746,0,True,False
ergun_full_phi0.341_d10_Re4.8e+02,,,200.3814615692032,7.590413311619278,0.1666567055,1.0,10,0.3409090909090909,34.779768800454264,455.452019698018,32.72267072348479,0,True,False
ergun_full_phi0.341_d10_Re8.6e+02,,,600.9038017134593,14.6091669349528,0.1666567055,1.0,10,0.3409090909090909,28.154903834575588,876.6024079932864,30.987836152378,0,True,False
ergun_full_phi0.341_d10_Re1.6e+03,,,1889.5715364068824,25.441117639437355,0.1666567055,1.0,10,0.3409090909090909,29.19382269298769,1526.5582961759287,30.18904364305752,0,True,False
ergun_full_phi0.341_d10_Re2.8e+03,,,5764.601428254702,45.66979964389185,0.1666567055,1.0,10,0.3409090909090909,27.63828382054742,2740.3517612372248,29.711853744835555,0,True,False
ergun_full_phi0.341_d10_Re5.0e+03,,,21269.950058051203,85.85769375697825,0.1666567055,1.0,10,0.3409090909090909,28.85413324238512,5151.769531228268,29.43093813611632,0,True,False
ergun_full_phi0.341_d10_Re9.1e+03,,,70616.17629665745,153.23890342422587,0.1666567055,1.0,10,0.3409090909090909,30.072264100779662,9194.883756071002,29.290566456714195,0,True,False
ergun_full_phi0.341_d10_Re1.6e+04,,,214346.60800487408,283.4713676805876,0.1666567055,1.0,10,0.3409090909090909,26.674618515030087,17009.298655588005,29.20839330011349,0,True,False
ergun_full_phi0.341_d10_Re2.9e+04,,,827048.8730222041,515.8932645929042,0.1666567055,1.0,10,0.3409090909090909,31.075022982382876,30955.44598971472,29.16483239139145,0,True,False
ergun_full_phi0.341_d10_Re5.3e+04,,,2640397.0254709385,896.7955191378036,0.1666567055,1.0,10,0.3409090909090909,32.830868799766044,53810.94726715353,29.14226667101327,0,True,False
ergun_full_phi0.341_d10_Re9.5e+04,,,7737407.682568857,1596.6761157226288,0.1666567055,1.0,10,0.3409090909090909,30.350218545218816,95806.29299807134,29.1288698226585,0,True,False
ergun_full_phi0.341_d10_Re1.7e+05,,,24062211.468922228,2794.1175427332905,0.1666567055,1.0,10,0.3409090909090909,30.820962365907,167657.0729242749,29.12151314504452,0,True,False
ergun_full_phi0.341_d10_Re3.1e+05,,,76048592.68547857,5168.577959381079,0.1666567055,1.0,10,0.3409090909090909,28.467480976822245,310133.21329462377,29.11700665789153,0,True,False
ergun_full_phi0.341_d10_Re5.6e+05,,,279035986.7439915,9864.7229764637,0.1666567055,1.0,10,0.3409090909090909,28.67414185535812,591918.7557960997,29.114482163088752,0,True,False
ergun_full_phi0.341_d10_Re1.0e+06,,,801096363.7113131,16670.10153793722,0.1666567055,1.0,10,0.3409090909090909,28.827585583721135,1000265.875166794,29.11334788877796,0,True,False
ergun_full_phi0.405_d6_Re4.8e+02,,,512.7164449463787,13.295069222342953,0.1666567055,1.0,6,0.4045454545454545,17.40392855978063,478.6510995446128,17.41756535566024,0,True,False
ergun_full_phi0.405_d6_Re8.6e+02,,,1509.5190558516097,23.27710318994092,0.1666567055,1.0,6,0.4045454545454545,16.715985528313844,838.0258011259291,16.697855314492664,0,True,False
ergun_full_phi0.405_d6_Re1.6e+03,,,4906.274815001426,41.99038177847272,0.1666567055,1.0,6,0.4045454545454545,16.695655485591086,1511.7440964344294,16.270657343651962,0,True,False
ergun_full_phi0.405_d6_Re2.8e+03,,,16063.675470052762,77.47029865409705,0.1666567055,1.0,6,0.4045454545454545,16.05926673680586,2789.0974475346407,16.027293759186517,0,True,False
ergun_full_phi0.405_d6_Re5.0e+03,,,51187.01821526609,136.2034253813767,0.1666567055,1.0,6,0.4045454545454545,16.555222509629573,4903.616388170232,15.903094811869709,0,True,False
ergun_full_phi0.405_d6_Re9.1e+03,,,182056.3892819296,257.12150046156086,0.1666567055,1.0,6,0.4045454545454545,16.52267604681635,9256.92727538866,15.826053644545038,0,True,False
ergun_full_phi0.405_d6_Re1.6e+04,,,616420.2636951162,484.6829515704305,0.1666567055,1.0,6,0.4045454545454545,15.74391257251962,17449.629168522013,15.785309930982548,0,True,False
ergun_full_phi0.405_d6_Re2.9e+04,,,1869574.426345965,846.1270604771338,0.1666567055,1.0,6,0.4045454545454545,15.668334684974887,30462.39482312821,15.765644391028715,0,True,False
ergun_full_phi0.405_d6_Re5.3e+04,,,5910186.299748506,1486.6553409404512,0.1666567055,1.0,6,0.4045454545454545,16.04470846693658,53522.79117051613,15.754282503589028,0,True,False
ergun_full_phi0.405_d6_Re9.5e+04,,,19277144.87472369,2665.890263563343,0.1666567055,1.0,6,0.4045454545454545,16.27456632632015,95977.7857926038,15.747643455392222,0,True,False
ergun_full_phi0.405_d6_Re1.7e+05,,,58527646.93384146,4717.958955726112,0.1666567055,1.0,6,0.4045454545454545,15.776257912022269,169856.67422998874,15.744003018382791,0,True,False
ergun_full_phi0.405_d6_Re3.1e+05,,,217206938.1277419,8709.790419915009,0.1666567055,1.0,6,0.4045454545454545,17.1794610131771,313571.1963266312,15.74183547206304,0,True,False
ergun_full_phi0.405_d6_Re5.6e+05,,,542512340.2507685,15044.489912316458,0.1666567055,1.0,6,0.4045454545454545,14.381557989851023,541634.0086831894,15.740756776485018,0,True,False
ergun_full_phi0.405_d6_Re1.0e+06,,,1974866036.3174064,27375.65204929926,0.1666567055,1.0,6,0.4045454545454545,15.81102213875271,985582.3790768236,15.740088709328264,0,True,False
ergun_full_phi0.405_d10_Re4.8e+02,,,130.87762324669112,8.15443036885588,0.1666567055,1.0,10,0.4045454545454545,19.68240402104558,489.2950658295523,17.381056341639987,0,True,False
ergun_full_phi0.405_d10_Re8.6e+02,,,336.4292076045706,14.587166406067889,0.1666567055,1.0,10,0.4045454545454545,15.810726207763707,875.2822973611396,16.657053170331,0,True,False
ergun_full_phi0.405_d10_Re1.6e+03,,,992.9165718512432,25.69087658729447,0.1666567055,1.0,10,0.4045454545454545,15.043708632069292,1541.5447287414709,16.26038480986361,0,True,False
ergun_full_phi0.405_d10_Re2.8e+03,,,3494.3281691212987,46.10111206302143,0.1666567055,1.0,10,0.4045454545454545,16.441479143086276,2766.232053172408,16.029674504345007,0,True,False
ergun_full_phi0.405_d10_Re5.0e+03,,,11018.998621926206,85.43374585537671,0.1666567055,1.0,10,0.4045454545454545,15.096741953470175,5126.331136755653,15.895977559837537,0,True,False
ergun_full_phi0.405_d10_Re9.1e+03,,,38980.392598928505,152.4639334622858,0.1666567055,1.0,10,0.4045454545454545,16.7691854940772,9148.382779130709,15.827083279171015,0,True,False
ergun_full_phi0.405_d10_Re1.6e+04,,,125303.9362939874,286.71838882392,0.1666567055,1.0,10,0.4045454545454545,15.24240928715008,17204.13156876667,15.785966854492228,0,True,False
ergun_full_phi0.405_d10_Re2.9e+04,,,359945.3730208423,477.1428055637783,0.1666567055,1.0,10,0.4045454545454545,15.81028998100188,28630.27947974036,15.76733191399812,0,True,False
ergun_full_phi0.405_d10_Re5.3e+04,,,1000151.1117087768,807.3789932418991,0.1666567055,1.0,10,0.4045454545454545,15.343015752563751,48445.63504478367,15.755855448899831,0,True,False
ergun_full_phi0.405_d10_Re9.5e+04,,,3813082.8759027584,1574.0397970688348,0.1666567055,1.0,10,0.4045454545454545,15.3902199778507,94448.03269970044,15.747779019340282,0,True,False
ergun_full_phi0.405_d10_Re1.7e+05,,,11541090.41745276,2724.1393741726365,0.1666567055,1.0,10,0.4045454545454545,15.552069792233022,163458.13185252462,15.744188149070482,0,True,False
ergun_full_phi0.405_d10_Re3.1e+05,,,41270442.02931184,5024.191556782716,0.1666567055,1.0,10,0.4045454545454545,16.349585311508992,301469.51133524696,15.74193830986733,0,True,False
ergun_full_phi0.405_d10_Re5.6e+05,,,125883447.86261432,9006.10460777867,0.1666567055,1.0,10,0.4045454545454545,15.520105005960891,540398.5744683205,15.74076016715886,0,True,False
ergun_full_phi0.405_d10_Re1.0e+06,,,443513831.64142674,16549.609563580747,0.1666567055,1.0,10,0.4045454545454545,16.193162112041446,993035.92459295,15.740082591581038,0,True,False
ergun_full_phi0.468_d6_Re4.8e+02,,,291.32490193816363,13.790722631245446,0.1666567055,1.0,6,0.4681818181818181,9.19083166588398,496.4956887826675,9.901604701571598,0,True,False
ergun_full_phi0.468_d6_Re8.6e+02,,,920.3279031453033,24.2415097482932,0.1666567055,1.0,6,0.4681818181818181,9.396681612642803,872.7465123793604,9.542643223510536,0,True,False
ergun_full_phi0.468_d6_Re1.6e+03,,,2772.195937622051,42.04103950689528,0.1666567055,1.0,6,0.4681818181818181,9.41083765313208,1513.5678836599327,9.342094015912703,0,True,False
ergun_full_phi0.468_d6_Re2.8e+03,,,9182.452710577918,79.10997425607722,0.1666567055,1.0,6,0.4681818181818181,8.803339778160549,2848.1292973624954,9.214111410212777,0,True,False
ergun_full_phi0.468_d6_Re5.0e+03,,,30799.237851140027,141.49791012085163,0.1666567055,1.0,6,0.4681818181818181,9.229776168341264,5094.2292311491165,9.150113634571277,0,True,False
ergun_full_phi0.468_d6_Re9.1e+03,,,96666.65930833347,242.6269118153704,0.1666567055,1.0,6,0.4681818181818181,9.852581125549028,8735.090895530886,9.116289066827813,0,True,False
ergun_full_phi0.468_d6_Re1.6e+04,,,318552.4304715304,468.4224064586242,0.1666567055,1.0,6,0.4681818181818181,8.71077611465856,16864.21455602184,9.093475973775144,0,True,False
ergun_full_phi0.468_d6_Re2.9e+04,,,1011709.6421278632,801.8876625819586,0.1666567055,1.0,6,0.4681818181818181,9.440175669790364,28869.6813071932,9.08328196671721,0,True,False
ergun_full_phi0.468_d6_Re5.3e+04,,,2891201.9721361976,1447.5070035599,0.1666567055,1.0,6,0.4681818181818181,8.27919924787894,52113.3667877492,9.076895099930208,0,True,False
ergun_full_phi0.468_d6_Re9.5e+04,,,11269892.484733462,2729.358964065097,0.1666567055,1.0,6,0.4681818181818181,9.07715409140736,98262.79557884684,9.073169449771855,0,True,False
ergun_full_phi0.468_d6_Re1.7e+05,,,39119973.58852037,5041.507570970742,0.1666567055,1.0,6,0.4681818181818181,9.234831079021337,181505.1205714879,9.071239970161356,0,True,False
ergun_full_phi0.468_d6_Re3.1e+05,,,129697744.8430243,8620.285578030083,0.1666567055,1.0,6,0.4681818181818181,10.472258835936495,310348.8294275714,9.070294390301129,0,True,False
ergun_full_phi0.468_d6_Re5.6e+05,,,339625331.888346,15350.16902026873,0.1666567055,1.0,6,0.4681818181818181,8.648185620304632,552639.1143116193,9.06971038302459,0,True,False
ergun_full_phi0.468_d6_Re1.0e+06,,,1251422796.2005513,27967.762598942765,0.1666567055,1.0,6,0.4681818181818181,9.599306602225605,1006899.632932301,9.069372900585485,0,True,False
ergun_full_phi0.468_d10_Re2.7e+02,,,22.393934272365364,4.458901629139625,0.1666567055,1.0,10,0.4681818181818181,11.263532507956748,267.5500884145118,10.614106083184364,0,True,False
ergun_full_phi0.468_d10_Re4.8e+02,,,66.48480592442485,8.155451340656025,0.1666567055,1.0,10,0.4681818181818181,9.99600359475961,489.3563277990052,9.913752361922716,0,True,False
ergun_full_phi0.468_d10_Re8.6e+02,,,192.4951529406892,14.182681520822271,0.1666567055,1.0,10,0.4681818181818181,9.5698051881544,851.0117536688177,9.5547409881787,0,True,False
ergun_full_phi0.468_d10_Re1.6e+03,,,681.0181790817056,26.55217890381284,0.1666567055,1.0,10,0.4681818181818181,9.659582897238314,1593.2259565645163,9.328437984476963,0,True,False
ergun_full_phi0.468_d10_Re2.8e+03,,,1964.3175279337647,44.98360204754378,0.1666567055,1.0,10,0.4681818181818181,9.707406919915318,2699.1774445909577,9.222121340966144,0,True,False
ergun_full_phi0.468_d10_Re5.0e+03,,,6630.189036880269,83.39950649696621,0.1666567055,1.0,10,0.4681818181818181,9.53232738017629,5004.269479991984,9.15157245911946,0,True,False
ergun_full_phi0.468_d10_Re9.1e+03,,,20606.142695479262,147.97288518099546,0.1666567055,1.0,10,0.4681818181818181,9.410927319698253,8878.903776301726,9.115522508868777,0,True,False
ergun_full_phi0.468_d10_Re1.6e+04,,,64569.46785772379,265.58900141155925,0.1666567055,1.0,10,0.4681818181818181,9.153918367113604,15936.292549090336,9.094903328941776,0,True,False
ergun_full_phi0.468_d10_Re2.9e+04,,,210904.38025310545,485.3163444829094,0.1666567055,1.0,10,0.4681818181818181,8.954385019626281,29120.72112711417,9.083158522005755,0,True,False
ergun_full_phi0.468_d10_Re5.3e+04,,,676539.8022721924,866.6526638948768,0.1666567055,1.0,10,0.4681818181818181,9.00747778272666,52002.26785323539,9.076912047696538,0,True,False
ergun_full_phi0.468_d10_Re9.5e+04,,,2150538.5414919425,1506.1483674428232,0.1666567055,1.0,10,0.4681818181818181,9.480073828144182,90374.30344756356,9.073536676182034,0,True,False
ergun_full_phi0.468_d10_Re1.7e+05,,,7670878.11189459,2940.322727831786,0.1666567055,1.0,10,0.4681818181818181,8.872685343526888,176429.90835623987,9.071305489138016,0,True,False
ergun_full_phi0.468_d10_Re3.1e+05,,,21379480.43622659,4934.099463025756,0.1666567055,1.0,10,0.4681818181818181,8.781755614001815,296063.66261846904,9.070358662637329,0,True,False
ergun_full_phi0.468_d10_Re5.6e+05,,,84893639.85398161,9524.670350747883,0.1666567055,1.0,10,0.4681818181818181,9.357832067925022,571514.3787447475,9.06968567726263,0,True,False
ergun_full_phi0.468_d10_Re1.0e+06,,,258750214.8744219,16516.17726920272,0.1666567055,1.0,10,0.4681818181818181,9.485531007226816,991029.867034226,9.069379475219522,0,True,False
ergun_full_phi0.532_d6_Re2.7e+02,,,57.65492705012149,7.522743383434771,0.1666567055,1.0,6,0.5318181818181817,6.112729566854124,270.83494879603643,6.254168850855683,0,True,False
ergun_full_phi0.532_d6_Re4.8e+02,,,152.12279697509837,12.660117252558903,0.1666567055,1.0,6,0.5318181818181817,5.694690116138422,455.7914623804527,5.926655096782445,0,True,False
ergun_full_phi0.532_d6_Re8.6e+02,,,519.6451486587749,24.18482806192836,0.1666567055,1.0,6,0.5318181818181817,5.330551200211483,870.7058497059404,5.69812066044136,0,True,False
ergun_full_phi0.532_d6_Re1.6e+03,,,1710.3866084926588,43.49629222050792,0.1666567055,1.0,6,0.5318181818181817,5.424267046731239,1565.9601126763396,5.586659821766888,0,True,False
ergun_full_phi0.532_d6_Re2.8e+03,,,5680.743091193156,76.36513693257318,0.1666567055,1.0,6,0.5318181818181817,5.844752557570075,2749.3092475384324,5.526578509042509,0,True,False
ergun_full_phi0.532_d6_Re5.0e+03,,,19430.716583183643,140.81503672606829,0.1666567055,1.0,6,0.5318181818181817,5.879521759963248,5069.644319570506,5.490188645682507,0,True,False
ergun_full_phi0.532_d6_Re9.1e+03,,,57849.57420484784,244.83921522282265,0.1666567055,1.0,6,0.5318181818181817,5.790145264133754,8814.738578502236,5.471869440404979,0,True,False
ergun_full_phi0.532_d6_Re1.6e+04,,,170050.3293857815,465.8882502117057,0.1666567055,1.0,6,0.5318181818181817,4.700728979666119,16772.979478285884,5.460103456961738,0,True,False
ergun_full_phi0.532_d6_Re2.9e+04,,,650591.3188444496,813.9665986741857,0.1666567055,1.0,6,0.5318181818181817,5.891777622860849,29304.5489972506,5.454530431666859,0,True,False
ergun_full_phi0.532_d6_Re5.3e+04,,,2009908.8459058248,1503.879288037435,0.1666567055,1.0,6,0.5318181818181817,5.332141375973825,54142.890327473855,5.451108456000791,0,True,False
ergun_full_phi0.532_d6_Re9.5e+04,,,5869818.17310791,2626.4065860453165,0.1666567055,1.0,6,0.5318181818181817,5.105661067207781,94556.2884433228,5.449382918825415,0,True,False
ergun_full_phi0.532_d6_Re1.7e+05,,,19053654.637376096,4790.731661936078,0.1666567055,1.0,6,0.5318181818181817,4.9811067324484375,172476.64824153428,5.448338532846748,0,True,False
ergun_full_phi0.532_d6_Re3.1e+05,,,66371606.28081582,8313.903524880227,0.1666567055,1.0,6,0.5318181818181817,5.761341485320172,299318.4162594727,5.447801464757997,0,True,False
ergun_full_phi0.532_d6_Re5.6e+05,,,211992455.0293419,15420.0028679986,0.1666567055,1.0,6,0.5318181818181817,5.349371329656988,555153.2830942202,5.447464918949863,0,True,False
ergun_full_phi0.532_d6_Re1.0e+06,,,798274105.2335452,27688.003646934085,0.1666567055,1.0,6,0.5318181818181817,6.247697662422003,996827.7086912924,5.4472904572728025,0,True,False
ergun_full_phi0.532_d10_Re4.8e+02,,,38.12232908691416,8.013256687466965,0.1666567055,1.0,10,0.5318181818181817,5.936921638766351,480.8241386643134,5.901686988506915,0,True,False
ergun_full_phi0.532_d10_Re8.6e+02,,,132.23572046363108,14.79061157796863,0.1666567055,1.0,10,0.5318181818181817,6.044724636813344,887.4897372772457,5.693372902554891,0,True,False
ergun_full_phi0.532_d10_Re1.6e+03,,,422.8132048122831,26.42111306108425,0.1666567055,1.0,10,0.5318181818181817,6.056843095025619,1585.3615359679754,5.584951556218927,0,True,False
ergun_full_phi0.532_d10_Re2.8e+03,,,1341.422203011031,48.90211573120732,0.1666567055,1.0,10,0.5318181818181817,5.609319688742293,2934.302318319098,5.521565969450792,0,True,False
ergun_full_phi0.532_d10_Re5.0e+03,,,3590.5015058572635,84.88182849293392,0.1666567055,1.0,10,0.5318181818181817,4.98339899636305,5093.214115704089,5.489989111546277,0,True,False
ergun_full_phi0.532_d10_Re9.1e+03,,,12730.227676791736,152.56046247640916,0.1666567055,1.0,10,0.5318181818181817,5.4695573174442345,9154.174866153777,5.470949921988226,0,True,False
ergun_full_phi0.532_d10_Re1.6e+04,,,35735.23926004264,258.5768408695216,0.1666567055,1.0,10,0.5318181818181817,5.34462752258229,15515.537769317156,5.46115964590621,0,True,False
ergun_full_phi0.532_d10_Re2.9e+04,,,130197.73165540933,503.9436963204847,0.1666567055,1.0,10,0.5318181818181817,5.126717461038719,30238.429039417475,5.45430006076014,0,True,False
ergun_full_phi0.532_d10_Re5.3e+04,,,468743.67159219895,916.3738644939416,0.1666567055,1.0,10,0.5318181818181817,5.582002526539726,54985.7182010562,5.451046572003869,0,True,False
ergun_full_phi0.532_d10_Re9.5e+04,,,1343995.5662139663,1576.0520855260013,0.1666567055,1.0,10,0.5318181818181817,5.410740480154747,94568.7772236684,5.449382613535372,0,True,False
ergun_full_phi0.532_d10_Re1.7e+05,,,4350473.595714991,2928.723206079704,0.1666567055,1.0,10,0.5318181818181817,5.072007421289863,175733.89545251176,5.448315042161544,0,True,False
ergun_full_phi0.532_d10_Re3.1e+05,,,15635057.370492104,5467.304267054665,0.1666567055,1.0,10,0.5318181818181817,5.230617846073757,328057.86305758124,5.447737487544887,0,True,False
ergun_full_phi0.532_d10_Re5.6e+05,,,47399044.33151373,9047.589642742849,0.1666567055,1.0,10,0.5318181818181817,5.790336404639507,542887.8253412282,5.44747381488382,0,True,False
ergun_full_phi0.532_d10_Re1.0e+06,,,169509128.60686806,17065.39140162197,0.1666567055,1.0,10,0.5318181818181817,5.820503897974916,1023984.684589962,5.4472846416176255,0,True,False
ergun_full_phi0.595_d6_Re2.7e+02,,,32.49499125911279,7.3918716330859695,0.1666567055,1.0,6,0.5954545454545455,3.5682793132425683,266.12328418142056,3.790115798212273,0,True,False
ergun_full_phi0.595_d6_Re4.8e+02,,,100.46831589843036,12.965754281048632,0.1666567055,1.0,6,0.5954545454545455,3.585789565505556,466.7950530576868,3.602289142513103,0,True,False
ergun_full_phi0.595_d6_Re8.6e+02,,,394.3954136112523,24.75579699752145,0.1666567055,1.0,6,0.5954545454545455,3.8612620874359,891.2619599643335,3.4836597552630786,0,True,False
ergun_full_phi0.595_d6_Re1.6e+03,,,1006.9621425189472,41.78516309227086,0.1666567055,1.0,6,0.5954545454545455,3.4603512932896847,1504.355782153783,3.430491663214532,0,True,False
ergun_full_phi0.595_d6_Re2.8e+03,,,3493.2550191182117,77.5454235256528,0.1666567055,1.0,6,0.5954545454545455,3.485532989379616,2791.8021045598834,3.394848683183558,0,True,False
ergun_full_phi0.595_d6_Re5.0e+03,,,11611.308380973118,142.3597850197854,0.1666567055,1.0,6,0.5954545454545455,3.437619172774035,5125.258582041947,3.3758868920079688,0,True,False
ergun_full_phi0.595_d6_Re9.1e+03,,,34246.75130858709,244.6341976721047,0.1666567055,1.0,6,0.5954545454545455,3.433494021874618,8807.357505531802,3.366402399204479,0,True,False
ergun_full_phi0.595_d6_Re1.6e+04,,,118354.41059498608,465.6541485279705,0.1666567055,1.0,6,0.5954545454545455,3.2749806962030803,16764.551313945318,3.3601362253192466,0,True,False
ergun_full_phi0.595_d6_Re2.9e+04,,,414714.8617322854,866.0238084765278,0.1666567055,1.0,6,0.5954545454545455,3.3177311170512724,31178.72056374693,3.3569298123297564,0,True,False
ergun_full_phi0.595_d6_Re5.3e+04,,,1179420.9057496742,1441.5089318903158,0.1666567055,1.0,6,0.5954545454545455,3.4055353801190216,51897.42330134982,3.355441004856367,0,True,False
ergun_full_phi0.595_d6_Re9.5e+04,,,3596313.6571979565,2624.453337644903,0.1666567055,1.0,6,0.5954545454545455,3.132788686019323,94485.967298024,3.3544311481596845,0,True,False
ergun_full_phi0.595_d6_Re1.7e+05,,,13702286.299272433,4757.439813566924,0.1666567055,1.0,6,0.5954545454545455,3.6324335851564102,171278.07006482285,3.3538794169493795,0,True,False
ergun_full_phi0.595_d6_Re3.1e+05,,,45007915.32257084,9101.729120100095,0.1666567055,1.0,6,0.5954545454545455,3.259810361106326,327681.8328837094,3.353555395963915,0,True,False
ergun_full_phi0.595_d6_Re5.6e+05,,,141418632.92635033,15854.299788305723,0.1666567055,1.0,6,0.5954545454545455,3.375699295365464,570788.906719594,3.353404266280024,0,True,False
ergun_full_phi0.595_d6_Re1.0e+06,,,467287684.2024911,28013.685836310837,0.1666567055,1.0,6,0.5954545454545455,3.572687887286355,1008552.968292446,3.3533158472115008,0,True,False
ergun_full_phi0.595_d10_Re2.7e+02,,,7.968759265477776,4.498371450446544,0.1666567055,1.0,10,0.5954545454545455,3.938039597237584,269.9184192409554,3.783972637091708,0,True,False
ergun_full_phi0.595_d10_Re4.8e+02,,,22.835346961091386,7.861138337335315,0.1666567055,1.0,10,0.5954545454545455,3.695189684763928,471.69649212436366,3.59970084149738,0,True,False
ergun_full_phi0.595_d10_Re8.6e+02,,,70.22526586974129,14.221666632986972,0.1666567055,1.0,10,0.5954545454545455,3.472101429866687,853.3510002084478,3.489455533673609,0,True,False
ergun_full_phi0.595_d10_Re1.6e+03,,,249.61686822154897,25.996803028682955,0.1666567055,1.0,10,0.5954545454545455,3.693465466612632,1559.901412348689,3.427739448872164,0,True,False
ergun_full_phi0.595_d10_Re2.8e+03,,,723.6385410152824,47.34173863422642,0.1666567055,1.0,10,0.5954545454545455,3.228741549232547,2840.6740966223183,3.394132153698212,0,True,False
ergun_full_phi0.595_d10_Re5.0e+03,,,2426.2351575986854,85.24542997210679,0.1666567055,1.0,10,0.5954545454545455,3.338802117857577,5115.03150841457,3.3759322514134764,0,True,False
ergun_full_phi0.595_d10_Re9.1e+03,,,7166.25701112511,149.0024701979856,0.1666567055,1.0,10,0.5954545454545455,3.227791273054021,8940.682569654275,3.366205531006496,0,True,False
ergun_full_phi0.595_d10_Re1.6e+04,,,24749.66871690188,271.79822060946265,0.1666567055,1.0,10,0.5954545454545455,3.3502419453306844,16308.867968679644,3.3603300135825966,0,True,False
ergun_full_phi0.595_d10_Re2.9e+04,,,73300.249717436,483.8023029252562,0.1666567055,1.0,10,0.5954545454545455,3.131623847583232,29029.87320394715,3.35720585880408,0,True,False
ergun_full_phi0.595_d10_Re5.3e+04,,,236868.55431871937,837.49955024837,0.1666567055,1.0,10,0.5954545454545455,3.377055860619211,50252.97648454776,3.355514319767559,0,True,False
ergun_full_phi0.595_d10_Re9.5e+04,,,952267.2391061088,1595.394155896659,0.1666567055,1.0,10,0.5954545454545455,3.74130272127425,95729.3708111048,3.354415164374349,0,True,False
ergun_full_phi0.595_d10_Re1.7e+05,,,2849724.911943539,2841.434012750736,0.1666567055,1.0,10,0.5954545454545455,3.529618681537474,170496.2308132712,3.353882529962801,0,True,False
ergun_full_phi0.595_d10_Re3.1e+05,,,9499347.505047731,5330.360793903998,0.1666567055,1.0,10,0.5954545454545455,3.3433401475725457,319840.7635571554,3.3535640949609355,0,True,False
ergun_full_phi0.595_d10_Re5.6e+05,,,28259285.7066585,9279.066154027936,0.1666567055,1.0,10,0.5954545454545455,3.2821062660827627,556777.2461473466,3.353409392682168,0,True,False
ergun_full_phi0.595_d10_Re1.0e+06,,,96077283.52073692,17577.25478163367,0.1666567055,1.0,10,0.5954545454545455,3.1097009023023943,1054698.323052694,3.353310803141698,0,True,False
ergun_full_phi0.659_d6_Re4.8e+02,,,59.74839152930551,12.82109340895896,0.1666567055,1.0,6,0.6590909090909091,2.1808577557059983,461.5869503897865,2.21563663978041,0,True,False
ergun_full_phi0.659_d6_Re8.6e+02,,,227.92811333976897,24.89409435584793,0.1666567055,1.0,6,0.6590909090909091,2.206767012843485,896.240962444128,2.151663474256954,0,True,False
ergun_full_phi0.659_d6_Re1.6e+03,,,630.8917946138226,43.60982223531291,0.1666567055,1.0,6,0.6590909090909091,1.990386863195688,1570.0474374964615,2.122507330942276,0,True,False
ergun_full_phi0.659_d6_Re2.8e+03,,,2437.6705327948707,83.43485129805056,0.1666567055,1.0,6,0.6590909090909091,2.101025219012702,3003.83417688707,2.1039963987179373,0,True,False
ergun_full_phi0.659_d6_Re5.0e+03,,,7564.291902186575,150.41417175180806,0.1666567055,1.0,6,0.6590909090909091,2.0060512166506377,5415.233835345727,2.0949701252720154,0,True,False
ergun_full_phi0.659_d6_Re9.1e+03,,,24322.13504842681,247.5825163741862,0.1666567055,1.0,6,0.6590909090909091,2.380745655879742,8913.503322823799,2.0905572660116323,0,True,False
ergun_full_phi0.659_d6_Re1.6e+04,,,68461.58020957101,438.9667049541494,0.1666567055,1.0,6,0.6590909090909091,2.1317437968244626,15803.745920831829,2.0875790341628093,0,True,False
ergun_full_phi0.659_d6_Re2.9e+04,,,217852.69707960045,807.8862708449647,0.1666567055,1.0,6,0.6590909090909091,2.0026900297671477,29085.644112110374,2.085819677531753,0,True,False
ergun_full_phi0.659_d6_Re5.3e+04,,,812033.7551341793,1567.5887772991716,0.1666567055,1.0,6,0.6590909090909091,1.9827184222040724,56436.56902719122,2.0848051468450586,0,True,False
ergun_full_phi0.659_d6_Re9.5e+04,,,2710028.9679205143,2716.986486105449,0.1666567055,1.0,6,0.6590909090909091,2.202674007234509,97817.35974993634,2.0843487373139764,0,True,False
ergun_full_phi0.659_d6_Re1.7e+05,,,6739551.639512945,4618.824932770102,0.1666567055,1.0,6,0.6590909090909091,1.8954802021076012,166287.63609287006,2.084092431389612,0,True,False
ergun_full_phi0.659_d6_Re3.1e+05,,,22031152.964316946,8125.191053605803,0.1666567055,1.0,6,0.6590909090909091,2.0022638798335755,292524.3612333068,2.0839344171665166,0,True,False
ergun_full_phi0.659_d6_Re5.6e+05,,,85212449.72530432,15532.932470434853,0.1666567055,1.0,6,0.6590909090909091,2.119080196399743,559218.9917771362,2.0838351506503896,0,True,False
ergun_full_phi0.659_d6_Re1.0e+06,,,263531446.923792,27619.03404975422,0.1666567055,1.0,6,0.6590909090909091,2.0728445116966894,994344.6547881346,2.0837875044467764,0,True,False
ergun_full_phi0.659_d10_Re4.8e+02,,,13.450450796392502,7.877818241405807,0.1666567055,1.0,10,0.6590909090909091,2.167329424543204,472.697346186638,2.21253618569631,0,True,False
ergun_full_phi0.659_d10_Re8.6e+02,,,46.64447735853549,14.458184362254896,0.1666567055,1.0,10,0.6590909090909091,2.2313757790962447,867.5429121725256,2.153910815886493,0,True,False
ergun_full_phi0.659_d10_Re1.6e+03,,,148.24137720516242,26.20325775552962,0.1666567055,1.0,10,0.6590909090909091,2.1590309258830644,1572.2894363545197,2.122452031267644,0,True,False
ergun_full_phi0.659_d10_Re2.8e+03,,,534.514870862449,49.03674194116663,0.1666567055,1.0,10,0.6590909090909091,2.2228828616115197,2942.380373717793,2.104419755435896,0,True,False
ergun_full_phi0.659_d10_Re5.0e+03,,,1218.133557717781,76.91296252374681,0.1666567055,1.0,10,0.6590909090909091,2.0591871904220307,4615.053579332084,2.0969196391408484,0,True,False
ergun_full_phi0.659_d10_Re9.1e+03,,,4195.649845046712,144.12157163570427,0.1666567055,1.0,10,0.6590909090909091,2.0199529672163368,8647.81115187137,2.0907671390208438,0,True,False
ergun_full_phi0.659_d10_Re1.6e+04,,,16014.04067879432,278.37802128968275,0.1666567055,1.0,10,0.6590909090909091,2.0664792094654283,16703.67960619999,2.087371461202968,0,True,False
ergun_full_phi0.659_d10_Re2.9e+04,,,52062.9276885355,483.422083671217,0.1666567055,1.0,10,0.6590909090909091,2.2277969986844885,29007.05868514945,2.0858253489555034,0,True,False
ergun_full_phi0.659_d10_Re5.3e+04,,,147340.99013398052,842.6254533764455,0.1666567055,1.0,10,0.6590909090909091,2.0751736124199627,50560.5490549221,2.0849305311965733,0,True,False
ergun_full_phi0.659_d10_Re9.5e+04,,,543109.7453507341,1613.2284966823363,0.1666567055,1.0,10,0.6590909090909091,2.086872065861365,96799.49521637078,2.084355282672093,0,True,False
ergun_full_phi0.659_d10_Re1.7e+05,,,1584330.2935765102,2758.7301761391477,0.1666567055,1.0,10,0.6590909090909091,2.081743779088701,165533.7040212371,2.084094099090982,0,True,False
ergun_full_phi0.659_d10_Re3.1e+05,,,5889104.559083433,5268.723855864928,0.1666567055,1.0,10,0.6590909090909091,2.121477310328949,316142.32623030746,2.083918867171638,0,True,False
ergun_full_phi0.659_d10_Re5.6e+05,,,18485237.24981704,9346.36618505801,0.1666567055,1.0,10,0.6590909090909091,2.116115869249593,560815.4893628333,2.0838348406952703,0,True,False
ergun_full_phi0.659_d10_Re1.0e+06,,,54836286.28677627,16733.399609155753,0.1666567055,1.0,10,0.6590909090909091,1.9583921968554232,1004063.9864416228,2.0837869116981884,0,True,False
ergun_full_phi0.723_d6_Re2.7e+02,,,11.59423622263739,7.387865493595986,0.1666567055,1.0,6,0.7227272727272727,1.2745457674149627,265.97905453960817,1.4002023972716535,0,True,False
ergun_full_phi0.723_d6_Re4.8e+02,,,45.751940156903,13.904321970123569,0.1666567055,1.0,6,0.7227272727272727,1.4199110347028945,500.5855094185898,1.3463758550228464,0,True,False
ergun_full_phi0.723_d6_Re8.6e+02,,,132.8098684821733,24.89229121849844,0.1666567055,1.0,6,0.7227272727272727,1.2860322233392607,896.1760456196623,1.319438402304704,0,True,False
ergun_full_phi0.723_d6_Re1.6e+03,,,392.21313472069,43.4850481924012,0.1666567055,1.0,6,0.7227272727272727,1.2444959066829144,1565.5553034702657,1.3048639332433631,0,True,False
ergun_full_phi0.723_d6_Re2.8e+03,,,1347.0449174252287,81.40897091414702,0.1666567055,1.0,6,0.7227272727272727,1.2195196380411657,2930.8981238974634,1.2957741231223547,0,True,False
ergun_full_phi0.723_d6_Re5.0e+03,,,4386.01826077328,137.75496547360308,0.1666567055,1.0,6,0.7227272727272727,1.3867786961894495,4959.475170002196,1.2915109074795224,0,True,False
ergun_full_phi0.723_d6_Re9.1e+03,,,15741.61903781932,271.3674166768252,0.1666567055,1.0,6,0.7227272727272727,1.2825823157234582,9769.810912654524,1.288478163510194,0,True,False
ergun_full_phi0.723_d6_Re1.6e+04,,,37944.582722139065,447.7550680824854,0.1666567055,1.0,6,0.7227272727272727,1.135585951262948,16120.145903729705,1.287246410177598,0,True,False
ergun_full_phi0.723_d6_Re2.9e+04,,,160686.72073356478,859.0962919568514,0.1666567055,1.0,6,0.7227272727272727,1.3063139033614324,30929.31506282001,1.2863390626503317,0,True,False
ergun_full_phi0.723_d6_Re5.3e+04,,,431577.5245846284,1388.4499980694452,0.1666567055,1.0,6,0.7227272727272727,1.3432275218655103,49987.18751473622,1.2859625083183774,0,True,False
ergun_full_phi0.723_d6_Re9.5e+04,,,1527803.6616548365,2693.9721631159164,0.1666567055,1.0,6,0.7227272727272727,1.2630850338767463,96988.79460145991,1.2856663563111514,0,True,False
ergun_full_phi0.723_d6_Re1.7e+05,,,4871678.203153741,4682.158782022846,0.1666567055,1.0,6,0.7227272727272727,1.333329748244422,168567.7909439838,1.2855326131191451,0,True,False
ergun_full_phi0.723_d6_Re3.1e+05,,,16354521.883593636,8631.400711452661,0.1666567055,1.0,6,0.7227272727272727,1.3171236392479913,310748.9981476681,1.2854496967833606,0,True,False
ergun_full_phi0.723_d6_Re5.6e+05,,,58272372.66491369,16007.81991326076,0.1666567055,1.0,6,0.7227272727272727,1.3644246980633514,576315.9615534615,1.285404398066571,0,True,False
ergun_full_phi0.723_d6_Re1.0e+06,,,178135422.89407626,28417.125241726888,0.1666567055,1.0,6,0.7227272727272727,1.3235527564747265,1023077.6549843734,1.2853812513753513,0,True,False
ergun_full_phi0.723_d10_Re4.8e+02,,,8.695152132779596,8.150145740368172,0.1666567055,1.0,10,0.7227272727272727,1.3090204619348824,489.037972754608,1.3478168110585615,0,True,False
ergun_full_phi0.723_d10_Re8.6e+02,,,24.839148281818265,13.73502650064467,0.1666567055,1.0,10,0.7227272727272727,1.3166722929472356,824.1508470623565,1.3224173759466162,0,True,False
ergun_full_phi0.723_d10_Re1.6e+03,,,80.60269298726044,24.85252630440838,0.1666567055,1.0,10,0.7227272727272727,1.3049938585241685,1491.240705247733,1.3058363226245815,0,True,False
ergun_full_phi0.723_d10_Re2.8e+03,,,321.10412784947897,48.59563679672256,0.1666567055,1.0,10,0.7227272727272727,1.3597257857378675,2915.912483144734,1.2958276882748994,0,True,False
ergun_full_phi0.723_d10_Re5.0e+03,,,902.4370399449676,83.94108487424018,0.1666567055,1.0,10,0.7227272727272727,1.2807600035294042,5036.766124855395,1.291416387546808,0,True,False
ergun_full_phi0.723_d10_Re9.1e+03,,,2796.4690884871493,149.67258394828883,0.1666567055,1.0,10,0.7227272727272727,1.2483187976493704,8980.891797857412,1.2887528321604198,0,True,False
ergun_full_phi0.723_d10_Re1.6e+04,,,9652.69465834702,274.92545257345853,0.1666567055,1.0,10,0.7227272727272727,1.2770816690230764,16496.513101506047,1.2872031754349813,0,True,False
ergun_full_phi0.723_d10_Re2.9e+04,,,30556.99740198373,484.09968904982577,0.1666567055,1.0,10,0.7227272727272727,1.303890346232643,29047.71743791766,1.286403040063973,0,True,False
ergun_full_phi0.723_d10_Re5.3e+04,,,97627.79290172317,829.716929255206,0.1666567055,1.0,10,0.7227272727272727,1.4181219149902335,49785.991314655264,1.2859649779725888,0,True,False
ergun_full_phi0.723_d10_Re9.5e+04,,,313599.4221354468,1617.1716010520372,0.1666567055,1.0,10,0.7227272727272727,1.199121090286111,97036.09561944912,1.2856662027795256,0,True,False
ergun_full_phi0.723_d10_Re1.7e+05,,,998372.5643620356,2866.581326786972,0.1666567055,1.0,10,0.7227272727272727,1.2149659391749112,172005.15983960647,1.2855289915872945,0,True,False
ergun_full_phi0.723_d10_Re3.1e+05,,,3147282.482571123,5060.092507088926,0.1666567055,1.0,10,0.7227272727272727,1.2291894140980122,303623.6971028403,1.2854520037433033,0,True,False
ergun_full_phi0.723_d10_Re5.6e+05,,,10685387.880223494,9565.976672999524,0.1666567055,1.0,10,0.7227272727272727,1.1677010123252776,573992.906213997,1.2854046125899454,0,True,False
ergun_full_phi0.723_d10_Re1.0e+06,,,32183574.33904157,16489.423013615367,0.1666567055,1.0,10,0.7227272727272727,1.1836501482899338,989424.5157519548,1.2853822669609944,0,True,False
ergun_full_phi0.786_d6_Re4.8e+02,,,25.276865581685865,14.083900161927042,0.1666567055,1.0,6,0.7863636363636363,0.7645899650383982,507.0507107292017,0.7966187965425328,0,True,False
ergun_full_phi0.786_d6_Re8.6e+02,,,79.84687914416934,23.87836224931793,0.1666567055,1.0,6,0.7863636363636363,0.8402337532726136,859.6724210170325,0.7852295235279211,0,True,False
ergun_full_phi0.786_d6_Re1.6e+03,,,268.9000171337325,45.48061268990221,0.1666567055,1.0,6,0.7863636363636363,0.7799907762960266,1637.3999193174573,0.7774507515337259,0,True,False
ergun_full_phi0.786_d6_Re2.8e+03,,,871.4568391644702,80.67937335235868,0.1666567055,1.0,6,0.7863636363636363,0.8032895186380288,2904.631041768386,0.7736994546372996,0,True,False
ergun_full_phi0.786_d6_Re5.0e+03,,,2200.7540613266788,137.58071762547266,0.1666567055,1.0,6,0.7863636363636363,0.6976018466163116,4953.201872533332,0.7716947733883689,0,True,False
ergun_full_phi0.786_d6_Re9.1e+03,,,7855.051199009285,245.058386280806,0.1666567055,1.0,6,0.7863636363636363,0.7848038625094937,8822.629208188902,0.7704481536874144,0,True,False
ergun_full_phi0.786_d6_Re1.6e+04,,,26367.33864750039,459.0921863767314,0.1666567055,1.0,6,0.7863636363636363,0.7506158745495299,16528.306556860316,0.7697041830763139,0,True,False
ergun_full_phi0.786_d6_Re2.9e+04,,,74882.92242797978,795.3930970625057,0.1666567055,1.0,6,0.7863636363636363,0.7101832095918512,28635.862973872565,0.7693440282716558,0,True,False
ergun_full_phi0.786_d6_Re5.3e+04,,,248636.0033638324,1396.956902742636,0.1666567055,1.0,6,0.7863636363636363,0.7644502915694387,50293.45438762328,0.7691323093072983,0,True,False
ergun_full_phi0.786_d6_Re9.5e+04,,,815093.1336148516,2522.771979530153,0.1666567055,1.0,6,0.7863636363636363,0.7684267728398572,90825.21961398618,0.7690073844269615,0,True,False
ergun_full_phi0.786_d6_Re1.7e+05,,,2710939.6424897336,4648.548157685608,0.1666567055,1.0,6,0.7863636363636363,0.7527251549940618,167357.73614649815,0.7689364976727491,0,True,False
ergun_full_phi0.786_d6_Re3.1e+05,,,10720437.554607533,9135.331425076089,0.1666567055,1.0,6,0.7863636363636363,0.7707528617831623,328891.5881662891,0.7688951799537698,0,True,False
ergun_full_phi0.786_d6_Re5.6e+05,,,29627488.00730598,15271.310201755812,0.1666567055,1.0,6,0.7863636363636363,0.7622430680210865,549800.0271614325,0.7688779800455199,0,True,False
ergun_full_phi0.786_d6_Re1.0e+06,,,96765888.7023952,26574.891870058094,0.1666567055,1.0,6,0.7863636363636363,0.822111129724662,956753.2895959507,0.7688670879570618,0,True,False
ergun_full_phi0.786_d10_Re4.8e+02,,,5.55892610553367,8.16004102362426,0.1666567055,1.0,10,0.7863636363636363,0.8348457041777968,489.63172523677775,0.7976066061783127,0,True,False
ergun_full_phi0.786_d10_Re8.6e+02,,,19.01742437608636,15.29986924715188,0.1666567055,1.0,10,0.7863636363636363,0.812411868243164,918.047023745581,0.7841881719896469,0,True,False
ergun_full_phi0.786_d10_Re1.6e+03,,,56.98865813971329,26.398504221246544,0.1666567055,1.0,10,0.7863636363636363,0.8177673962347852,1584.0049244971149,0.7777405930566749,0,True,False
ergun_full_phi0.786_d10_Re2.8e+03,,,153.45961287165238,44.5185193717748,0.1666567055,1.0,10,0.7863636363636363,0.7743060892348224,2671.270816149357,0.7741228921096621,0,True,False
ergun_full_phi0.786_d10_Re5.0e+03,,,537.3166916028069,80.21291552397646,0.1666567055,1.0,10,0.7863636363636363,0.8351062382769026,4813.062593750628,0.7717775339989941,0,True,False
ergun_full_phi0.786_d10_Re9.1e+03,,,1866.068577105308,148.8833938694047,0.1666567055,1.0,10,0.7863636363636363,0.8418507040427309,8933.537562903804,0.770428342335437,0,True,False
ergun_full_phi0.786_d10_Re1.6e+04,,,5904.203732409836,280.81426043666124,0.1666567055,1.0,10,0.7863636363636363,0.7487261781246134,16849.862691943184,0.7696879274607111,0,True,False
ergun_full_phi0.786_d10_Re2.9e+04,,,15786.497008420754,465.8896643786496,0.1666567055,1.0,10,0.7863636363636363,0.7273101022472229,27955.050652231308,0.7693560019667408,0,True,False
ergun_full_phi0.786_d10_Re5.3e+04,,,62593.95947418337,909.4113586415908,0.1666567055,1.0,10,0.7863636363636363,0.7568532423776103,54567.94288073761,0.7691103809322369,0,True,False
ergun_full_phi0.786_d10_Re9.5e+04,,,175204.1015787705,1517.9126430291665,0.1666567055,1.0,10,0.7863636363636363,0.7604150649156871,91080.2021721932,0.7690069504652856,0,True,False
ergun_full_phi0.786_d10_Re1.7e+05,,,752783.0858525301,3005.5179896100526,0.1666567055,1.0,10,0.7863636363636363,0.8333571940291459,180341.8578684224,0.7689304408956287,0,True,False
ergun_full_phi0.786_d10_Re3.1e+05,,,2007248.7764963887,5070.149127165391,0.1666567055,1.0,10,0.7863636363636363,0.7808358331336758,304227.13037282444,0.7688986504550751,0,True,False
ergun_full_phi0.786_d10_Re5.6e+05,,,6349088.247787764,9429.463987942629,0.1666567055,1.0,10,0.7863636363636363,0.714064349614652,565801.6555441045,0.7688772558321206,0,True,False
ergun_full_phi0.786_d10_Re1.0e+06,,,20267793.3237865,16401.343847815246,0.1666567055,1.0,10,0.7863636363636363,0.7534381382881467,984139.4499314188,0.7688666784646225,0,True,False
ergun_full_phi0.850_d6_Re4.8e+02,,,11.221520179359642,12.73669532603266,0.1666567055,1.0,6,0.85,0.4150394938532484,458.54843780165794,0.4394222382927176,0,True,False
ergun_full_phi0.850_d6_Re8.6e+02,,,45.77603723789903,25.221080269687643,0.1666567055,1.0,6,0.85,0.4317795560405892,908.013158931225,0.4334897724180175,0,True,False
ergun_full_phi0.850_d6_Re1.6e+03,,,119.16299409249052,41.65547707620786,0.1666567055,1.0,6,0.85,0.4120485893052807,1499.6868065248484,0.4311019253219189,0,True,False
ergun_full_phi0.850_d6_Re2.8e+03,,,434.3238305796644,79.77371357336493,0.1666567055,1.0,6,0.85,0.4094918762136308,2872.025340979692,0.4293509121222262,0,True,False
ergun_full_phi0.850_d6_Re5.0e+03,,,1273.225352415301,137.29401197759768,0.1666567055,1.0,6,0.85,0.4052782861801194,4942.879852293649,0.4285492372581379,0,True,False
ergun_full_phi0.850_d6_Re9.1e+03,,,4556.128774643229,242.50089806268724,0.1666567055,1.0,6,0.85,0.4648582450613626,8730.554129285385,0.4280668811735857,0,True,False
ergun_full_phi0.850_d6_Re1.6e+04,,,14298.385846737512,451.44190788937095,0.1666567055,1.0,6,0.85,0.4209538806247943,16252.880069900491,0.4277755432588715,0,True,False
ergun_full_phi0.850_d6_Re2.9e+04,,,47448.92482645167,801.5312527673071,0.1666567055,1.0,6,0.85,0.4431356649714718,28856.849786964274,0.4276278552954923,0,True,False
ergun_full_phi0.850_d6_Re5.3e+04,,,156649.1884873212,1471.8945493315732,0.1666567055,1.0,6,0.85,0.4338364180340485,52991.37091120189,0.4275411188516671,0,True,False
ergun_full_phi0.850_d6_Re9.5e+04,,,493601.91207782895,2655.6947115733497,0.1666567055,1.0,6,0.85,0.4199250535388216,95610.72398278088,0.4274948901079619,0,True,False
ergun_full_phi0.850_d6_Re1.7e+05,,,1438728.227080756,4692.979735207048,0.1666567055,1.0,6,0.85,0.3919517942995685,168957.3685424994,0.4274699376399789,0,True,False
ergun_full_phi0.850_d6_Re3.1e+05,,,5662035.672836049,8445.511293338981,0.1666567055,1.0,6,0.85,0.4762905421045635,304056.579109767,0.4274554852966733,0,True,False
ergun_full_phi0.850_d6_Re5.6e+05,,,15748333.50115399,14866.337172801026,0.1666567055,1.0,6,0.85,0.4275411259222385,535220.1267221507,0.4274476789198865,0,True,False
ergun_full_phi0.850_d6_Re1.0e+06,,,59531392.311332166,28057.2856017989,0.1666567055,1.0,6,0.85,0.4537388691661054,1010122.653665402,0.4274428515015806,0,True,False
ergun_full_phi0.850_d10_Re2.7e+02,,,0.9699840569180926,4.709538079800949,0.1666567055,1.0,10,0.85,0.4373286912281532,282.58917429523706,0.4468848079316311,0,True,False
ergun_full_phi0.850_d10_Re4.8e+02,,,2.854619406870397,7.990982144922805,0.1666567055,1.0,10,0.85,0.4470415532746087,479.4875862299345,0.4388988627438774,0,True,False
ergun_full_phi0.850_d10_Re8.6e+02,,,8.524717479531327,14.260556774339836,0.1666567055,1.0,10,0.85,0.4191862521184561,855.6845481587799,0.4338598990822973,0,True,False
ergun_full_phi0.850_d10_Re1.6e+03,,,31.711045339014333,26.913769756017423,0.1666567055,1.0,10,0.85,0.4377856209275211,1614.922704446322,0.4308404368910055,0,True,False
ergun_full_phi0.850_d10_Re2.8e+03,,,83.8841195846548,45.75407029004672,0.1666567055,1.0,10,0.85,0.4007008656300787,2745.408302220802,0.4294391619653641,0,True,False
ergun_full_phi0.850_d10_Re5.0e+03,,,267.6121405798086,81.07133680510952,0.1666567055,1.0,10,0.85,0.4071656604759705,4864.570949118487,0.4285671352186322,0,True,False
ergun_full_phi0.850_d10_Re9.1e+03,,,910.7099411423224,141.63795323071432,0.1666567055,1.0,10,0.85,0.4539633505643686,8498.785140734364,0.4280840473537518,0,True,False
ergun_full_phi0.850_d10_Re1.6e+04,,,3271.18235114472,272.84688681193944,0.1666567055,1.0,10,0.85,0.4394067749325975,16371.791701590995,0.4277730873355831,0,True,False
ergun_full_phi0.850_d10_Re2.9e+04,,,9191.365771401932,469.26873486383545,0.1666567055,1.0,10,0.85,0.4173849726213438,28157.806999481065,0.4276325832469893,0,True,False
ergun_full_phi0.850_d10_Re5.3e+04,,,32871.37869281434,875.1829147359804,0.1666567055,1.0,10,0.85,0.4291610093611092,52514.113495180085,0.4275420613671476,0,True,False
ergun_full_phi0.850_d10_Re9.5e+04,,,99911.4829544567,1577.0974552833347,0.1666567055,1.0,10,0.85,0.4016967732492825,94631.50315804934,0.4274954848865087,0,True,False
ergun_full_phi0.850_d10_Re1.7e+05,,,385930.7764158619,2951.826779151614,0.1666567055,1.0,10,0.85,0.4429224325682696,177120.19269165344,0.4274684386034094,0,True,False
ergun_full_phi0.850_d10_Re3.1e+05,,,1195707.418783707,5154.182990013184,0.1666567055,1.0,10,0.85,0.4500961075629004,309269.4635088166,0.4274551806449436,0,True,False
ergun_full_phi0.850_d10_Re5.6e+05,,,4223166.1066485895,9599.394126178837,0.1666567055,1.0,10,0.85,0.4583006967038093,575998.0732475739,0.4274469519960922,0,True,False
ergun_full_phi0.850_d10_Re1.0e+06,,,11801468.355469052,16747.378018542026,0.1666567055,1.0,10,0.85,0.4207677054973022,1004902.7411346508,0.4274428797622266,0,True,False
