filename,tau,delta_p,dP_L,v,mu,rho,d,phi,f,Re_p,f_ergun,steps,converged,stalled,one_minus_phi
ergun_inertial_phi0.459_d6_Re1.0e+03,,,1323.4328500636173,27.88108434343947,0.1666567055,1.0,6,0.45854,10.214893437247705,1003.7790292250604,10.282588617741046,0,True,False,0.54146
ergun_inertial_phi0.459_d6_Re1.3e+03,,,2202.092262144995,35.93054283539268,0.1666567055,1.0,6,0.45854,10.234324998112694,1293.576855282046,10.180786431334155,0,True,False,0.54146
ergun_inertial_phi0.459_d6_Re1.6e+03,,,3325.742273413789,44.01380815261761,0.1666567055,1.0,6,0.45854,10.300586391763002,1584.591799792332,10.116027751271002,0,True,False,0.54146
ergun_inertial_phi0.459_d6_Re2.0e+03,,,6113.397486844256,59.020919377448784,0.1666567055,1.0,6,0.45854,10.52984416386544,2124.880095296812,10.042835338487809,0,True,False,0.54146
ergun_inertial_phi0.459_d6_Re2.6e+03,,,7785.784302602585,70.51731949546337,0.1666567055,1.0,6,0.45854,9.394248133337936,2538.77523681626,10.00783888918292,0,True,False,0.54146
ergun_inertial_phi0.459_d6_Re3.3e+03,,,13396.78642415563,89.69998728760176,0.1666567055,1.0,6,0.45854,9.990037562126975,3229.392553458406,9.969416469836268,0,True,False,0.54146
ergun_inertial_phi0.459_d6_Re4.2e+03,,,19180.218652544398,108.1605173934346,0.1666567055,1.0,6,0.45854,9.83710465979894,3894.011359540571,9.94530926215496,0,True,False,0.54146
ergun_inertial_phi0.459_d6_Re5.3e+03,,,32026.183192099583,141.7675080546688,0.1666567055,1.0,6,0.45854,9.560993497648342,5103.935336871356,9.917541042079154,0,True,False,0.54146
ergun_inertial_phi0.459_d6_Re6.7e+03,,,54805.3704763323,183.7243369389099,0.1666567055,1.0,6,0.45854,9.741839964878004,6614.471456916321,9.897131975552076,0,True,False,0.54146
ergun_inertial_phi0.459_d6_Re8.5e+03,,,99867.64636775057,239.92145738738228,0.1666567055,1.0,6,0.45854,10.4096920852069,8637.688714687172,9.880979385823988,0,True,False,0.54146
ergun_inertial_phi0.459_d6_Re1.1e+04,,,158058.58660420953,299.5571180758473,0.1666567055,1.0,6,0.45854,10.56841982169374,10784.70081994441,9.870466518598812,0,True,False,0.54146
ergun_inertial_phi0.459_d6_Re1.4e+04,,,234056.2891905988,374.05534523969465,0.1666567055,1.0,6,0.45854,10.03690550333022,13466.79729870316,9.862042985086754,0,True,False,0.54146
ergun_inertial_phi0.459_d6_Re1.7e+04,,,408442.3686301932,497.5331422365455,0.1666567055,1.0,6,0.45854,9.900064063809127,17912.263682779165,9.853636878923483,0,True,False,0.54146
ergun_inertial_phi0.459_d6_Re2.2e+04,,,566058.8160605172,600.913830213111,0.1666567055,1.0,6,0.45854,9.405641252407849,21634.19089835942,9.84925592100413,0,True,False,0.54146
ergun_inertial_phi0.459_d6_Re2.8e+04,,,981291.0499784212,769.1016977516539,0.1666567055,1.0,6,0.45854,9.953631264307644,27689.31602641049,9.844645266567529,0,True,False,0.54146
ergun_inertial_phi0.459_d6_Re3.6e+04,,,1495702.4382733956,959.9343480474528,0.1666567055,1.0,6,0.45854,9.738978084726156,34559.70205942129,9.841370417724812,0,True,False,0.54146
ergun_inertial_phi0.459_d6_Re4.5e+04,,,2630585.893277716,1249.5954623257928,0.1666567055,1.0,6,0.45854,10.107991272759756,44988.12544902225,9.838310969522814,0,True,False,0.54146
ergun_inertial_phi0.459_d6_Re5.7e+04,,,4291066.909408503,1603.5739399119618,0.1666567055,1.0,6,0.45854,10.01240842967471,57732.11231198717,9.8360728549925,0,True,False,0.54146
ergun_inertial_phi0.459_d6_Re7.3e+04,,,6400782.051130374,1982.539654510666,0.1666567055,1.0,6,0.45854,9.771033997776884,71375.6934734558,9.834562590795,0,True,False,0.54146
ergun_inertial_phi0.459_d6_Re9.2e+04,,,12183446.87380668,2626.6552188396204,0.1666567055,1.0,6,0.45854,10.595349434739934,94565.239758911,9.832995469111635,0,True,False,0.54146
ergun_inertial_phi0.459_d6_Re1.2e+05,,,17371618.66511803,3134.966488999386,0.1666567055,1.0,6,0.45854,10.60536773575672,112865.5392386616,9.832213377469056,0,True,False,0.54146
ergun_inertial_phi0.459_d6_Re1.5e+05,,,31525257.230606068,4301.505902550853,0.1666567055,1.0,6,0.45854,10.222775957990391,154863.4682167356,9.831117379196275,0,True,False,0.54146
ergun_inertial_phi0.459_d6_Re1.9e+05,,,45036953.48603102,5284.198939571642,0.1666567055,1.0,6,0.45854,9.677472287161972,190242.53204999212,9.830569629588762,0,True,False,0.54146
ergun_inertial_phi0.459_d6_Re2.4e+05,,,87282043.98398708,6949.894258595647,0.1666567055,1.0,6,0.45854,10.842258678005326,250211.1476791066,9.829994981339713,0,True,False,0.54146
ergun_inertial_phi0.459_d6_Re3.0e+05,,,138914688.42866293,8910.526479596701,0.1666567055,1.0,6,0.45854,10.497664511131171,320798.1264071022,9.82959385751978,0,True,False,0.54146
ergun_inertial_phi0.459_d6_Re3.9e+05,,,180802433.67914653,10827.661962954837,0.1666567055,1.0,6,0.45854,9.253076332859925,389819.12898625614,9.829342102214945,0,True,False,0.54146
ergun_inertial_phi0.459_d6_Re4.9e+05,,,312719687.422546,13591.540458019785,0.1666567055,1.0,6,0.45854,10.157085523251933,489324.7019581741,9.829104155641682,0,True,False,0.54146
ergun_inertial_phi0.459_d6_Re6.2e+05,,,460164892.6753447,16595.454159316083,0.1666567055,1.0,6,0.45854,10.0250477146313,597472.0588479202,9.828935425175471,0,True,False,0.54146
ergun_inertial_phi0.459_d6_Re7.9e+05,,,833890257.2431626,22172.97100256379,0.1666567055,1.0,6,0.45854,10.176826537588326,798274.6665742935,9.828743385157308,0,True,False,0.54146
ergun_inertial_phi0.459_d6_Re1.0e+06,,,1138836617.9039495,26806.73153716755,0.1666567055,1.0,6,0.45854,9.508783148765737,965100.0164707162,9.828644614098057,0,True,False,0.54146
ergun_inertial_phi0.459_d10_Re1.0e+03,,,262.60315610789775,16.44888823714914,0.1666567055,1.0,10,0.45854,9.705699520264988,986.9922837967742,10.2903173269208,0,True,False,0.54146
ergun_inertial_phi0.459_d10_Re1.3e+03,,,492.4823554676742,22.28091410308913,0.1666567055,1.0,10,0.45854,9.920296819158771,1336.9347507645969,10.169350854332215,0,True,False,0.54146
ergun_inertial_phi0.459_d10_Re1.6e+03,,,732.9755699408913,27.102255484957585,0.1666567055,1.0,10,0.45854,9.978807160257492,1626.2325241367253,10.108657020200075,0,True,False,0.54146
ergun_inertial_phi0.459_d10_Re2.0e+03,,,1367.8767159587223,35.7107051516,0.1666567055,1.0,10,0.45854,10.726304092738626,2142.7703760530653,10.041043085012452,0,True,False,0.54146
ergun_inertial_phi0.459_d10_Re2.6e+03,,,1737.4828035153969,44.04207197166341,0.1666567055,1.0,10,0.45854,8.957463152905982,2642.6822634906466,10.000774606800826,0,True,False,0.54146
ergun_inertial_phi0.459_d10_Re3.3e+03,,,3110.831412393361,54.92145681524824,0.1666567055,1.0,10,0.45854,10.313174795668925,3295.4843701292434,9.966583774087384,0,True,False,0.54146
ergun_inertial_phi0.459_d10_Re4.2e+03,,,4953.360784309411,71.71217533650477,0.1666567055,1.0,10,0.45854,9.631948860823984,4302.987696855965,9.934175980409307,0,True,False,0.54146
ergun_inertial_phi0.459_d10_Re5.3e+03,,,8068.36949649444,93.2608582538264,0.1666567055,1.0,10,0.45854,9.276560112143892,5595.985950521888,9.909682891696145,0,True,False,0.54146
ergun_inertial_phi0.459_d10_Re6.7e+03,,,12514.240548909136,109.8474703655744,0.1666567055,1.0,10,0.45854,10.37108941053716,6591.242160704683,9.897375008958686,0,True,False,0.54146
ergun_inertial_phi0.459_d10_Re8.5e+03,,,22146.2183909135,142.39554415644483,0.1666567055,1.0,10,0.45854,10.92211586102757,8544.243313176788,9.881556921896742,0,True,False,0.54146
ergun_inertial_phi0.459_d10_Re1.1e+04,,,31484.28974308964,181.4519903449605,0.1666567055,1.0,10,0.45854,9.56247753304627,10887.770150056189,9.87006613641442,0,True,False,0.54146
ergun_inertial_phi0.459_d10_Re1.4e+04,,,47855.2255620631,226.3782062779217,0.1666567055,1.0,10,0.45854,9.338134796571056,13583.504221972136,9.861751971804216,0,True,False,0.54146
ergun_inertial_phi0.459_d10_Re1.7e+04,,,79519.29007564358,279.6117511006728,0.1666567055,1.0,10,0.45854,10.170953188628618,16777.707819303603,9.855358886749524,0,True,False,0.54146
ergun_inertial_phi0.459_d10_Re2.2e+04,,,147884.53866676992,375.1649796640585,0.1666567055,1.0,10,0.45854,10.506986818267244,22511.24420937617,9.8484344766056,0,True,False,0.54146
ergun_inertial_phi0.459_d10_Re2.8e+04,,,224088.26615030845,457.369310948933,0.1666567055,1.0,10,0.45854,10.712357932273695,27443.798890464263,9.844792639488023,0,True,False,0.54146
ergun_inertial_phi0.459_d10_Re3.6e+04,,,368838.411174372,588.5760735309855,0.1666567055,1.0,10,0.45854,10.647090258405106,35316.675183584826,9.841087524206731,0,True,False,0.54146
ergun_inertial_phi0.459_d10_Re4.5e+04,,,524404.5353443085,743.6293304275339,0.1666567055,1.0,10,0.45854,9.483167402744138,44620.4266546919,9.838394520768004,0,True,False,0.54146
ergun_inertial_phi0.459_d10_Re5.7e+04,,,960759.9196139752,963.158794026726,0.1666567055,1.0,10,0.45854,10.356644967326202,57792.9817547441,9.836064533540483,0,True,False,0.54146
ergun_inertial_phi0.459_d10_Re7.3e+04,,,1419098.9762841233,1218.9601977654545,0.1666567055,1.0,10,0.45854,9.550665544883506,73141.98334284572,9.834408265455307,0,True,False,0.54146
ergun_inertial_phi0.459_d10_Re9.2e+04,,,2004459.3214505336,1478.6503966500782,0.1666567055,1.0,10,0.45854,9.16782339959458,88724.32658583175,9.833313009409345,0,True,False,0.54146
ergun_inertial_phi0.459_d10_Re1.2e+05,,,4062644.4237737423,1983.0683410469976,0.1666567055,1.0,10,0.45854,10.330788028697864,118991.21221060006,9.83200532642722,0,True,False,0.54146
ergun_inertial_phi0.459_d10_Re1.5e+05,,,5668542.565641725,2466.584615562662,0.1666567055,1.0,10,0.45854,9.317070362921775,148003.92268420677,9.831253889512585,0,True,False,0.54146
ergun_inertial_phi0.459_d10_Re1.9e+05,,,9613743.529229611,3228.937085178198,0.1666567055,1.0,10,0.45854,9.22090114393498,193747.80483574347,9.830526251566248,0,True,False,0.54146
ergun_inertial_phi0.459_d10_Re2.4e+05,,,15478516.337983042,3906.993520924096,0.1666567055,1.0,10,0.45854,10.140139923907176,234433.62264977067,9.83011767006696,0,True,False,0.54146
ergun_inertial_phi0.459_d10_Re3.0e+05,,,22462753.69455492,4734.397256999237,0.1666567055,1.0,10,0.45854,10.02152011869808,284080.8140779692,9.829777633815636,0,True,False,0.54146
ergun_inertial_phi0.459_d10_Re3.9e+05,,,39427757.76478299,6316.137658116904,0.1666567055,1.0,10,0.45854,9.88323008932209,378990.9106367703,9.829375533833309,0,True,False,0.54146
ergun_inertial_phi0.459_d10_Re4.9e+05,,,65748554.29973731,8137.51237686047,0.1666567055,1.0,10,0.45854,9.92893993889669,488279.9256379437,9.82910615021336,0,True,False,0.54146
ergun_inertial_phi0.459_d10_Re6.2e+05,,,105676331.33763252,10567.457062479596,0.1666567055,1.0,10,0.45854,9.463172225244438,634085.3211261635,9.828891342751811,0,True,False,0.54146
ergun_inertial_phi0.459_d10_Re7.9e+05,,,191443530.6702521,13705.290836789354,0.1666567055,1.0,10,0.45854,10.19211189652735,822366.6005919788,9.828726645514324,0,True,False,0.54146
ergun_inertial_phi0.459_d10_Re1.0e+06,,,304381596.42023253,17092.895816241362,0.1666567055,1.0,10,0.45854,10.418065879517105,1025635.0481044016,9.828616718611908,0,True,False,0.54146
ergun_inertial_phi0.502_d6_Re1.0e+03,,,1009.9550696522944,28.44021652751417,0.1666567055,1.0,6,0.501896,7.491822975249675,1023.9089909591728,7.182217804390957,0,True,False,0.498104
ergun_inertial_phi0.502_d6_Re1.3e+03,,,1380.1699953106734,35.32683374670878,0.1666567055,1.0,6,0.501896,6.635511452809629,1271.842029064067,7.126173693022092,0,True,False,0.498104
ergun_inertial_phi0.502_d6_Re1.6e+03,,,2252.597007347624,44.545989816846905,0.1666567055,1.0,6,0.501896,6.811104229446859,1603.751484821482,7.078273253817669,0,True,False,0.498104
ergun_inertial_phi0.502_d6_Re2.0e+03,,,3518.078094696913,54.38507134372773,0.1666567055,1.0,6,0.501896,7.136698026729547,1957.97959094041,7.0450663870714125,0,True,False,0.498104
ergun_inertial_phi0.502_d6_Re2.6e+03,,,5563.289452160082,70.80388837193978,0.1666567055,1.0,6,0.501896,6.658381721171921,2549.092332991298,7.010203230358954,0,True,False,0.498104
ergun_inertial_phi0.502_d6_Re3.3e+03,,,9260.143556038942,88.57758448489245,0.1666567055,1.0,6,0.501896,7.08143550378261,3188.9836374411875,6.987031500048378,0,True,False,0.498104
ergun_inertial_phi0.502_d6_Re4.2e+03,,,17042.06587436796,117.22878790748972,0.1666567055,1.0,6,0.501896,7.440548310967892,4220.48861061242,6.964471119712406,0,True,False,0.498104
ergun_inertial_phi0.502_d6_Re5.3e+03,,,26407.803741546235,147.1052529389304,0.1666567055,1.0,6,0.501896,7.321956963926803,5296.105638147169,6.950305733779857,0,True,False,0.498104
ergun_inertial_phi0.502_d6_Re6.7e+03,,,46455.01774668412,194.7724939423475,0.1666567055,1.0,6,0.501896,7.347314504345081,7012.228881808089,6.936703010429057,0,True,False,0.498104
ergun_inertial_phi0.502_d6_Re8.5e+03,,,59861.94006225584,220.7439815829506,0.1666567055,1.0,6,0.501896,7.370964078747106,7947.258320774279,6.93176397676771,0,True,False,0.498104
ergun_inertial_phi0.502_d6_Re1.1e+04,,,108747.18457030373,303.7939729062856,0.1666567055,1.0,6,0.501896,7.069862468862607,10937.236710452757,6.921638086364089,0,True,False,0.498104
ergun_inertial_phi0.502_d6_Re1.4e+04,,,174939.64329894245,385.8684202332775,0.1666567055,1.0,6,0.501896,7.04954379607914,13892.09341714525,6.915913406134784,0,True,False,0.498104
ergun_inertial_phi0.502_d6_Re1.7e+04,,,270426.3437493604,488.8914558207092,0.1666567055,1.0,6,0.501896,6.78852391244137,17601.144377141518,6.911448171196591,0,True,False,0.498104
ergun_inertial_phi0.502_d6_Re2.2e+04,,,385774.1399339968,580.3941637740553,0.1666567055,1.0,6,0.501896,6.871290167045713,20895.43875355397,6.908811474839524,0,True,False,0.498104
ergun_inertial_phi0.502_d6_Re2.8e+04,,,703798.944484442,761.159574811258,0.1666567055,1.0,6,0.501896,7.288672420048361,27403.382511167834,6.905465842312547,0,True,False,0.498104
ergun_inertial_phi0.502_d6_Re3.6e+04,,,1111654.3538365352,980.9195470096842,0.1666567055,1.0,6,0.501896,6.9319312346919055,35315.214376766286,6.903059257653053,0,True,False,0.498104
ergun_inertial_phi0.502_d6_Re4.5e+04,,,1679760.3851458773,1223.9807299048805,0.1666567055,1.0,6,0.501896,6.727433667942182,44065.939965609614,6.901403985937546,0,True,False,0.498104
ergun_inertial_phi0.502_d6_Re5.7e+04,,,2708434.210583132,1592.729299359671,0.1666567055,1.0,6,0.501896,6.405980356694169,57341.6819172513,6.899857395036656,0,True,False,0.498104
ergun_inertial_phi0.502_d6_Re7.3e+04,,,4760261.783815746,2040.131136347656,0.1666567055,1.0,6,0.501896,6.862240253090713,73449.1107415173,6.898731599906062,0,True,False,0.498104
ergun_inertial_phi0.502_d6_Re9.2e+04,,,6251397.205606992,2475.9406851792005,0.1666567055,1.0,6,0.501896,6.118540964625843,89139.19224855433,6.898026159912427,0,True,False,0.498104
ergun_inertial_phi0.502_d6_Re1.2e+05,,,12379482.225355623,3306.142211620787,0.1666567055,1.0,6,0.501896,6.795331842906574,119028.23357878464,6.897196913851912,0,True,False,0.498104
ergun_inertial_phi0.502_d6_Re1.5e+05,,,18781233.942282718,4066.117675685711,0.1666567055,1.0,6,0.501896,6.815778784160428,146388.98555518527,6.896734682122574,0,True,False,0.498104
ergun_inertial_phi0.502_d6_Re1.9e+05,,,35138043.955757625,5536.052184682456,0.1666567055,1.0,6,0.501896,6.879050245659432,199309.79079683495,6.896200758023428,0,True,False,0.498104
ergun_inertial_phi0.502_d6_Re2.4e+05,,,47464873.52675775,6669.763501510079,0.1666567055,1.0,6,0.501896,6.401808941209365,240125.837655302,6.895949711895098,0,True,False,0.498104
ergun_inertial_phi0.502_d6_Re3.0e+05,,,94652661.01085162,8869.376087777886,0.1666567055,1.0,6,0.501896,7.219347336453394,319316.623756656,6.895645690360496,0,True,False,0.498104
ergun_inertial_phi0.502_d6_Re3.9e+05,,,140930858.81212208,11060.61705541041,0.1666567055,1.0,6,0.501896,6.911918939787682,398206.013573588,6.895463057312045,0,True,False,0.498104
ergun_inertial_phi0.502_d6_Re4.9e+05,,,228558199.9246044,13972.356496945897,0.1666567055,1.0,6,0.501896,7.024392031824915,503034.89877684746,6.895309006088712,0,True,False,0.498104
ergun_inertial_phi0.502_d6_Re6.2e+05,,,352061363.7600958,17569.69122902313,0.1666567055,1.0,6,0.501896,6.84291836321349,632546.6896628338,6.895189191770728,0,True,False,0.498104
ergun_inertial_phi0.502_d6_Re7.9e+05,,,530605750.9456331,20942.09975823873,0.1666567055,1.0,6,0.501896,7.259099596599109,753960.6532629579,6.895114251116175,0,True,False,0.498104
ergun_inertial_phi0.502_d6_Re1.0e+06,,,780005494.2232655,26209.653120973613,0.1666567055,1.0,6,0.501896,6.812811389393813,943603.9087298632,6.895035783745015,0,True,False,0.498104
ergun_inertial_phi0.502_d10_Re1.0e+03,,,187.263970465789,16.563728479151333,0.1666567055,1.0,10,0.501896,6.825555806421093,993.883110160925,7.190903191974843,0,True,False,0.498104
ergun_inertial_phi0.502_d10_Re1.3e+03,,,327.18945575998754,21.54067697474901,0.1666567055,1.0,10,0.501896,7.051485272681981,1292.5178684003813,7.122471291337416,0,True,False,0.498104
ergun_inertial_phi0.502_d10_Re1.6e+03,,,509.7683710130776,26.48667599737874,0.1666567055,1.0,10,0.501896,7.266377691155701,1589.295547269698,7.079942785402675,0,True,False,0.498104
ergun_inertial_phi0.502_d10_Re2.0e+03,,,850.5574653896634,33.57054180581041,0.1666567055,1.0,10,0.501896,7.547219129952544,2014.352900178409,7.040858927756381,0,True,False,0.498104
ergun_inertial_phi0.502_d10_Re2.6e+03,,,1305.0456128738028,43.671181915975374,0.1666567055,1.0,10,0.501896,6.842830767016721,2620.427530050711,7.007059565362292,0,True,False,0.498104
ergun_inertial_phi0.502_d10_Re3.3e+03,,,1751.9340436280588,51.72883113033057,0.1666567055,1.0,10,0.501896,6.54715196839508,3103.9153795303223,6.989561354230816,0,True,False,0.498104
ergun_inertial_phi0.502_d10_Re4.2e+03,,,3589.5538260717994,71.89067906872839,0.1666567055,1.0,10,0.501896,6.945368583221772,4313.698560945595,6.9629640273647,0,True,False,0.498104
ergun_inertial_phi0.502_d10_Re5.3e+03,,,5784.405018861847,87.55318184747689,0.1666567055,1.0,10,0.501896,7.545965698201036,5253.504897075797,6.950756448236027,0,True,False,0.498104
ergun_inertial_phi0.502_d10_Re6.7e+03,,,7835.221062762013,107.81956481732678,0.1666567055,1.0,10,0.501896,6.7399411573509775,6469.560555265312,6.940224234995459,0,True,False,0.498104
ergun_inertial_phi0.502_d10_Re8.5e+03,,,14023.222259505968,140.18450372806288,0.1666567055,1.0,10,0.501896,7.135884308455882,8411.572958164763,6.929719378712636,0,True,False,0.498104
ergun_inertial_phi0.502_d10_Re1.1e+04,,,21002.02641952401,176.8725595993497,0.1666567055,1.0,10,0.501896,6.713365293047373,10612.98788240775,6.922460373033153,0,True,False,0.498104
ergun_inertial_phi0.502_d10_Re1.4e+04,,,34154.63456894226,218.19289323780475,0.1666567055,1.0,10,0.501896,7.174116764621355,13092.356085114425,6.917207756885889,0,True,False,0.498104
ergun_inertial_phi0.502_d10_Re1.7e+04,,,59788.78803383218,297.64950110365675,0.1666567055,1.0,10,0.501896,6.748533873186609,17860.03750708109,6.911205740634513,0,True,False,0.498104
ergun_inertial_phi0.502_d10_Re2.2e+04,,,88886.8887005,370.4917209925632,0.1666567055,1.0,10,0.501896,6.475610066816807,22230.83192968573,6.907965237748161,0,True,False,0.498104
ergun_inertial_phi0.502_d10_Re2.8e+04,,,157402.29859905838,461.26603725866926,0.1666567055,1.0,10,0.501896,7.397894137188782,27677.61644362214,6.90535940878746,0,True,False,0.498104
ergun_inertial_phi0.502_d10_Re3.6e+04,,,275317.9697177793,596.0948140771957,0.1666567055,1.0,10,0.501896,7.748254392718267,35767.826580322966,6.9029537796313845,0,True,False,0.498104
ergun_inertial_phi0.502_d10_Re4.5e+04,,,384605.4060690444,735.7647923513828,0.1666567055,1.0,10,0.501896,7.104563167736613,44148.52616604633,6.901391489726484,0,True,False,0.498104
ergun_inertial_phi0.502_d10_Re5.7e+04,,,641092.9772972672,950.3777692268884,0.1666567055,1.0,10,0.501896,7.097877204241488,57026.07443100382,6.899885806493706,0,True,False,0.498104
ergun_inertial_phi0.502_d10_Re7.3e+04,,,986690.467370404,1212.8240554266445,0.1666567055,1.0,10,0.501896,6.707880666326072,72773.79279687276,6.898768790820119,0,True,False,0.498104
ergun_inertial_phi0.502_d10_Re9.2e+04,,,1808726.915353908,1499.8091491075024,0.1666567055,1.0,10,0.501896,8.040832293652574,89993.92761352182,6.897994795302752,0,True,False,0.498104
ergun_inertial_phi0.502_d10_Re1.2e+05,,,2368347.169102576,1948.8597834464588,0.1666567055,1.0,10,0.501896,6.235685129925238,116938.57607466378,6.897241107253972,0,True,False,0.498104
ergun_inertial_phi0.502_d10_Re1.5e+05,,,4216378.274603824,2431.006250681162,0.1666567055,1.0,10,0.501896,7.134563634735605,145869.09319896292,6.896741849031111,0,True,False,0.498104
ergun_inertial_phi0.502_d10_Re1.9e+05,,,7087596.286480472,3098.63437335327,0.1666567055,1.0,10,0.501896,7.38173250573569,185929.17483018828,6.896307047445452,0,True,False,0.498104
ergun_inertial_phi0.502_d10_Re2.4e+05,,,11578983.600317392,4113.326830053545,0.1666567055,1.0,10,0.501896,6.843590300968085,246814.36115713595,6.895916491021185,0,True,False,0.498104
ergun_inertial_phi0.502_d10_Re3.0e+05,,,16353765.01460896,4993.775216895724,0.1666567055,1.0,10,0.501896,6.5578242552102255,299644.42186190485,6.89570621265175,0,True,False,0.498104
ergun_inertial_phi0.502_d10_Re3.9e+05,,,25374468.64098274,6293.756562093999,0.1666567055,1.0,10,0.501896,6.405854575530301,377647.9646115408,6.895503299079561,0,True,False,0.498104
ergun_inertial_phi0.502_d10_Re4.9e+05,,,53386903.82657114,8456.094830040736,0.1666567055,1.0,10,0.501896,7.466121365537049,507396.01534009306,6.895303976382242,0,True,False,0.498104
ergun_inertial_phi0.502_d10_Re6.2e+05,,,64566673.09560932,9966.902863136838,0.1666567055,1.0,10,0.501896,6.499619873094129,598049.9154375062,6.895216035236068,0,True,False,0.498104
ergun_inertial_phi0.502_d10_Re7.9e+05,,,101924266.08596808,12454.688450182695,0.1666567055,1.0,10,0.501896,6.570703289887871,747325.9724423566,6.895117717298403,0,True,False,0.498104
ergun_inertial_phi0.502_d10_Re1.0e+06,,,150118647.72967038,15182.764104098558,0.1666567055,1.0,10,0.501896,6.512278346541432,911020.2951958964,6.89504694136529,0,True,False,0.498104
ergun_inertial_phi0.543_d6_Re1.0e+03,,,707.530379680341,28.87811476673951,0.1666567055,1.0,6,0.543104,5.090479191443427,1039.6742698147063,5.179225855234935,0,True,False,0.45689599999999997
ergun_inertial_phi0.543_d6_Re1.3e+03,,,1093.4947038006435,36.16213426803702,0.1666567055,1.0,6,0.543104,5.0171816544180246,1301.9146451819313,5.141355732196234,0,True,False,0.45689599999999997
ergun_inertial_phi0.543_d6_Re1.6e+03,,,1911.1784624580723,47.15280538407902,0.1666567055,1.0,6,0.543104,5.157478427304935,1697.6024544327386,5.106360318640053,0,True,False,0.45689599999999997
ergun_inertial_phi0.543_d6_Re2.0e+03,,,3033.178195601336,56.10987806752127,0.1666567055,1.0,6,0.543104,5.780568152436974,2020.0763443336373,5.087979377444257,0,True,False,0.45689599999999997
ergun_inertial_phi0.543_d6_Re2.6e+03,,,4041.8897030406206,71.32424043099081,0.1666567055,1.0,6,0.543104,4.7671783254009705,2567.8261267797884,5.067338612691195,0,True,False,0.45689599999999997
ergun_inertial_phi0.543_d6_Re3.3e+03,,,7102.425998412075,91.9482722967018,0.1666567055,1.0,6,0.543104,5.040467527909748,3310.3356515121486,5.0502643738937225,0,True,False,0.45689599999999997
ergun_inertial_phi0.543_d6_Re4.2e+03,,,11494.17665475922,119.74411077030253,0.1666567055,1.0,6,0.543104,4.809731041656675,4311.045645996015,5.0365577482512105,0,True,False,0.45689599999999997
ergun_inertial_phi0.543_d6_Re5.3e+03,,,19873.877585099253,150.76273127686022,0.1666567055,1.0,6,0.543104,5.246212373362812,5427.782728257288,5.027229011706139,0,True,False,0.45689599999999997
ergun_inertial_phi0.543_d6_Re6.7e+03,,,28267.689595688746,183.04529138909697,0.1666567055,1.0,6,0.543104,5.062026807361271,6590.024355993176,5.020877692814178,0,True,False,0.45689599999999997
ergun_inertial_phi0.543_d6_Re8.5e+03,,,50210.82392734754,231.14382460130244,0.1666567055,1.0,6,0.543104,5.638765167202441,8321.675047199435,5.014705500000917,0,True,False,0.45689599999999997
ergun_inertial_phi0.543_d6_Re1.1e+04,,,70758.5128135119,294.4287280633515,0.1666567055,1.0,6,0.543104,4.8974451554063005,10600.067744529542,5.00965672341852,0,True,False,0.45689599999999997
ergun_inertial_phi0.543_d6_Re1.4e+04,,,112007.5963634943,369.5863724224167,0.1666567055,1.0,6,0.543104,4.920019559511347,13305.904661210889,5.005906772907768,0,True,False,0.45689599999999997
ergun_inertial_phi0.543_d6_Re1.7e+04,,,203072.33112929092,484.1437107545168,0.1666567055,1.0,6,0.543104,5.1982051543994485,17430.21533884276,5.002430761609921,0,True,False,0.45689599999999997
ergun_inertial_phi0.543_d6_Re2.2e+04,,,300534.1629920948,603.3164941810458,0.1666567055,1.0,6,0.543104,4.953985146978591,21720.691971114684,5.000215596520775,0,True,False,0.45689599999999997
ergun_inertial_phi0.543_d6_Re2.8e+04,,,446379.7112606864,747.2952100871516,0.1666567055,1.0,6,0.543104,4.79591304361613,26904.23554858349,4.998481754966544,0,True,False,0.45689599999999997
ergun_inertial_phi0.543_d6_Re3.6e+04,,,1013225.4383675758,1074.7331389715202,0.1666567055,1.0,6,0.543104,5.263274908154408,38692.705549907325,4.996268228829959,0,True,False,0.45689599999999997
ergun_inertial_phi0.543_d6_Re4.5e+04,,,1171452.732075586,1226.4868926190984,0.1666567055,1.0,6,0.543104,4.672509546583284,44156.167215933536,4.995643164956057,0,True,False,0.45689599999999997
ergun_inertial_phi0.543_d6_Re5.7e+04,,,1990913.5083265984,1547.324935802583,0.1666567055,1.0,6,0.543104,4.989311218655291,55707.02713078351,4.994725276449492,0,True,False,0.45689599999999997
ergun_inertial_phi0.543_d6_Re7.3e+04,,,3284814.58189291,2023.918266681312,0.1666567055,1.0,6,0.543104,4.811452139373281,72865.41254763896,4.993899006468169,0,True,False,0.45689599999999997
ergun_inertial_phi0.543_d6_Re9.2e+04,,,5444844.503580499,2468.4607019449745,0.1666567055,1.0,6,0.543104,5.36147514048437,88869.89675713857,4.993415900341403,0,True,False,0.45689599999999997
ergun_inertial_phi0.543_d6_Re1.2e+05,,,8894235.57102525,3300.061201519097,0.1666567055,1.0,6,0.543104,4.900223513350391,118809.30413036744,4.992861638425782,0,True,False,0.45689599999999997
ergun_inertial_phi0.543_d6_Re1.5e+05,,,13648734.669455742,4104.028582282243,0.1666567055,1.0,6,0.543104,4.862088818777535,147753.85976709746,4.992539342684959,0,True,False,0.45689599999999997
ergun_inertial_phi0.543_d6_Re1.9e+05,,,19285275.03100193,4800.432428312602,0.1666567055,1.0,6,0.543104,5.021302268042333,172825.89670462202,4.992347423260751,0,True,False,0.45689599999999997
ergun_inertial_phi0.543_d6_Re2.4e+05,,,32841527.20225774,6442.196104965974,0.1666567055,1.0,6,0.543104,4.7479563004094665,231932.92171370712,4.9920591894990185,0,True,False,0.45689599999999997
ergun_inertial_phi0.543_d6_Re3.0e+05,,,59182117.95083619,8281.104971010138,0.1666567055,1.0,6,0.543104,5.1780372937500925,298137.5977461695,4.991872040941234,0,True,False,0.45689599999999997
ergun_inertial_phi0.543_d6_Re3.9e+05,,,82834522.16532348,10342.553745463252,0.1666567055,1.0,6,0.543104,4.646297873593938,372354.18932951073,4.991741362188751,0,True,False,0.45689599999999997
ergun_inertial_phi0.543_d6_Re4.9e+05,,,165880996.80648577,13856.809331634257,0.1666567055,1.0,6,0.543104,5.183479729418373,498874.9521981012,4.991608227623338,0,True,False,0.45689599999999997
ergun_inertial_phi0.543_d6_Re6.2e+05,,,240357705.6007038,16760.277374601406,0.1666567055,1.0,6,0.543104,5.133893989602384,603406.0492549965,4.991540350861397,0,True,False,0.45689599999999997
ergun_inertial_phi0.543_d6_Re7.9e+05,,,397618579.1613402,21698.19637931617,0.1666567055,1.0,6,0.543104,5.067230365420928,781181.7585455453,4.991466630469792,0,True,False,0.45689599999999997
ergun_inertial_phi0.543_d6_Re1.0e+06,,,620360711.0081444,26745.0059736229,0.1666567055,1.0,6,0.543104,5.203674670214928,962877.7633657076,4.991419413393263,0,True,False,0.45689599999999997
ergun_inertial_phi0.543_d10_Re1.0e+03,,,159.640391135456,17.27825399988291,0.1666567055,1.0,10,0.543104,5.347404965671647,1036.7572038607775,5.179754846934337,0,True,False,0.45689599999999997
ergun_inertial_phi0.543_d10_Re1.3e+03,,,196.95550050168268,21.50530405026951,0.1666567055,1.0,10,0.543104,4.258698942166299,1290.3953660760146,5.142696016589797,0,True,False,0.45689599999999997
ergun_inertial_phi0.543_d10_Re1.6e+03,,,373.4560823233613,27.04674745863199,0.1666567055,1.0,10,0.543104,5.105161026594706,1622.9018434923994,5.11166028206278,0,True,False,0.45689599999999997
ergun_inertial_phi0.543_d10_Re2.0e+03,,,566.628056663243,33.90406628002479,0.1666567055,1.0,10,0.543104,4.9294049641151885,2034.3655647281948,5.087299722121441,0,True,False,0.45689599999999997
ergun_inertial_phi0.543_d10_Re2.6e+03,,,969.0127450543704,43.28498156653828,0.1666567055,1.0,10,0.543104,5.171958309035262,2597.2541240795304,5.066476115645167,0,True,False,0.45689599999999997
ergun_inertial_phi0.543_d10_Re3.3e+03,,,1460.76121708995,54.403559985865456,0.1666567055,1.0,10,0.543104,4.9354253918057,3264.4087030668834,5.05109511939594,0,True,False,0.45689599999999997
ergun_inertial_phi0.543_d10_Re4.2e+03,,,2484.170307366043,72.19958584602657,0.1666567055,1.0,10,0.543104,4.765538184616527,4332.234075395579,5.036335989280532,0,True,False,0.45689599999999997
ergun_inertial_phi0.543_d10_Re5.3e+03,,,4206.414087289346,91.07149060957246,0.1666567055,1.0,10,0.543104,5.071624992628874,5464.616040281228,5.026986274901044,0,True,False,0.45689599999999997
ergun_inertial_phi0.543_d10_Re6.7e+03,,,5920.426181122315,109.37796378603088,0.1666567055,1.0,10,0.543104,4.948724787822579,6563.070082171455,5.020999510555041,0,True,False,0.45689599999999997
ergun_inertial_phi0.543_d10_Re8.5e+03,,,9923.191851656997,138.3154935494319,0.1666567055,1.0,10,0.543104,5.186922109916159,8299.425644738421,5.014768470411807,0,True,False,0.45689599999999997
ergun_inertial_phi0.543_d10_Re1.1e+04,,,16193.630817259069,182.3216764136636,0.1666567055,1.0,10,0.543104,4.871555145743759,10939.954433076417,5.009083812671858,0,True,False,0.45689599999999997
ergun_inertial_phi0.543_d10_Re1.4e+04,,,24935.739078819093,221.5099336942289,0.1666567055,1.0,10,0.543104,5.082013691633817,13291.39040818426,5.005922814845804,0,True,False,0.45689599999999997
ergun_inertial_phi0.543_d10_Re1.7e+04,,,44466.49220795065,299.00312084066275,0.1666567055,1.0,10,0.543104,4.973721096641203,17941.25954569903,5.002111328628675,0,True,False,0.45689599999999997
ergun_inertial_phi0.543_d10_Re2.2e+04,,,68391.43173340212,373.33699202790666,0.1666567055,1.0,10,0.543104,4.906814584162831,22401.55839561503,4.999942077837783,0,True,False,0.45689599999999997
ergun_inertial_phi0.543_d10_Re2.8e+04,,,108253.88698697176,468.79071618041945,0.1666567055,1.0,10,0.543104,4.925898902877741,28129.12416418909,4.998165383943957,0,True,False,0.45689599999999997
ergun_inertial_phi0.543_d10_Re3.6e+04,,,166207.6551164827,598.9326058610444,0.1666567055,1.0,10,0.543104,4.633350013964918,35938.10426434023,4.996655443185387,0,True,False,0.45689599999999997
ergun_inertial_phi0.543_d10_Re4.5e+04,,,291312.34722856875,768.0478147544883,0.1666567055,1.0,10,0.543104,4.938355799432466,46085.62328471615,4.995457830986983,0,True,False,0.45689599999999997
ergun_inertial_phi0.543_d10_Re5.7e+04,,,458502.1208256505,966.3083384600036,0.1666567055,1.0,10,0.543104,4.910321119398328,57981.96571574514,4.99458760505032,0,True,False,0.45689599999999997
ergun_inertial_phi0.543_d10_Re7.3e+04,,,710033.3385676093,1224.8014470267422,0.1666567055,1.0,10,0.543104,4.733118298790834,73492.47924661166,4.993876117491426,0,True,False,0.45689599999999997
ergun_inertial_phi0.543_d10_Re9.2e+04,,,1166967.3496245495,1595.266810231494,0.1666567055,1.0,10,0.543104,4.585556466512928,95721.7296145035,4.993258459096901,0,True,False,0.45689599999999997
ergun_inertial_phi0.543_d10_Re1.2e+05,,,1811214.887036729,1893.425575755041,0.1666567055,1.0,10,0.543104,5.052118177752722,113612.32481311956,4.992936896318951,0,True,False,0.45689599999999997
ergun_inertial_phi0.543_d10_Re1.5e+05,,,3395835.896693217,2589.9758552273984,0.1666567055,1.0,10,0.543104,5.0623860878959,155407.83957399172,4.992474186969057,0,True,False,0.45689599999999997
ergun_inertial_phi0.543_d10_Re1.9e+05,,,4531704.100152448,3122.158186227633,0.1666567055,1.0,10,0.543104,4.648916421044646,187340.6879645556,4.992259794467378,0,True,False,0.45689599999999997
ergun_inertial_phi0.543_d10_Re2.4e+05,,,7854675.429499483,3968.6337848212574,0.1666567055,1.0,10,0.543104,4.987078374867563,238132.25954003143,4.992037249245661,0,True,False,0.45689599999999997
ergun_inertial_phi0.543_d10_Re3.0e+05,,,14621232.183867471,5328.531678962068,0.1666567055,1.0,10,0.543104,5.149545141610814,319731.0101010048,4.991827762049994,0,True,False,0.45689599999999997
ergun_inertial_phi0.543_d10_Re3.9e+05,,,20819883.73053623,6139.137930741141,0.1666567055,1.0,10,0.543104,5.524125262678834,368370.29223172425,4.991747039520022,0,True,False,0.45689599999999997
ergun_inertial_phi0.543_d10_Re4.9e+05,,,31031819.09327317,8059.933275587236,0.1666567055,1.0,10,0.543104,4.776880113046891,483624.9013447128,4.991620582770006,0,True,False,0.45689599999999997
ergun_inertial_phi0.543_d10_Re6.2e+05,,,58268668.047271766,10817.862593832488,0.1666567055,1.0,10,0.543104,4.97911513794541,649110.551020252,4.991517541789328,0,True,False,0.45689599999999997
ergun_inertial_phi0.543_d10_Re7.9e+05,,,85144083.82331644,12989.358068431357,0.1666567055,1.0,10,0.543104,5.046370106432484,779408.066987821,4.991467199896818,0,True,False,0.45689599999999997
ergun_inertial_phi0.543_d10_Re1.0e+06,,,153269034.24402034,17093.48866869532,0.1666567055,1.0,10,0.543104,5.245573831005909,1025670.6213777472,4.991406985195831,0,True,False,0.45689599999999997
ergun_inertial_phi0.551_d6_Re1.0e+03,,,641.5812853142482,26.65350068412137,0.1666567055,1.0,6,0.550528,5.418691453740904,959.5833760480056,4.903407068473305,0,True,False,0.449472
ergun_inertial_phi0.551_d6_Re1.3e+03,,,1043.6628435039734,36.2623813430639,0.1666567055,1.0,6,0.550528,4.7621035082460175,1305.5237555886008,4.8532546280744535,0,True,False,0.449472
ergun_inertial_phi0.551_d6_Re1.6e+03,,,1460.6082437954728,43.64172516786672,0.1666567055,1.0,6,0.550528,4.601306654760234,1571.196011715234,4.829731809210734,0,True,False,0.449472
ergun_inertial_phi0.551_d6_Re2.0e+03,,,2514.836781471919,56.96706526961373,0.1666567055,1.0,6,0.550528,4.649576101717232,2050.9369280534734,4.802693321669184,0,True,False,0.449472
ergun_inertial_phi0.551_d6_Re2.6e+03,,,4115.463018876051,70.38809785878279,0.1666567055,1.0,6,0.550528,4.983924969283433,2534.122979844317,4.78580864672586,0,True,False,0.449472
ergun_inertial_phi0.551_d6_Re3.3e+03,,,6652.880022795863,92.39805064729757,0.1666567055,1.0,6,0.550528,4.675578190423409,3326.528639939936,4.7687365476601125,0,True,False,0.449472
ergun_inertial_phi0.551_d6_Re4.2e+03,,,11931.664298970934,118.5571054466789,0.1666567055,1.0,6,0.550528,5.09327471388514,4268.310900218014,4.756690030586693,0,True,False,0.449472
ergun_inertial_phi0.551_d6_Re5.3e+03,,,15577.614448176932,142.41294313261147,0.1666567055,1.0,6,0.550528,4.608432997141423,5127.172388486156,4.749562362444284,0,True,False,0.449472
ergun_inertial_phi0.551_d6_Re6.7e+03,,,30224.095841288447,192.1051522563064,0.1666567055,1.0,6,0.550528,4.913902584207596,6916.198841683201,4.740399531392518,0,True,False,0.449472
ergun_inertial_phi0.551_d6_Re8.5e+03,,,47616.29850939944,238.594070585148,0.1666567055,1.0,6,0.550528,5.018657860580213,8589.89993361466,4.73528294123257,0,True,False,0.449472
ergun_inertial_phi0.551_d6_Re1.1e+04,,,62040.92883152151,291.0557410492897,0.1666567055,1.0,6,0.550528,4.394173506171481,10478.632954230205,4.731471965813169,0,True,False,0.449472
ergun_inertial_phi0.551_d6_Re1.4e+04,,,109593.89912999015,371.8030906336412,0.1666567055,1.0,6,0.550528,4.756764358795945,13385.711286617548,4.727707798148147,0,True,False,0.449472
ergun_inertial_phi0.551_d6_Re1.7e+04,,,171795.10214969554,472.8014170529395,0.1666567055,1.0,6,0.550528,4.611099454020532,17021.86835991209,4.724809438587466,0,True,False,0.449472
ergun_inertial_phi0.551_d6_Re2.2e+04,,,271737.056454758,596.754926546727,0.1666567055,1.0,6,0.550528,4.578340522368988,21484.46141748771,4.72259321336027,0,True,False,0.449472
ergun_inertial_phi0.551_d6_Re2.8e+04,,,458729.6983161497,756.5823362551059,0.1666567055,1.0,6,0.550528,4.808346013384298,27238.592074116303,4.720807429475602,0,True,False,0.449472
ergun_inertial_phi0.551_d6_Re3.6e+04,,,788462.7965885717,1013.3329953728248,0.1666567055,1.0,6,0.550528,4.607104767119685,36482.16826317227,4.719118027356337,0,True,False,0.449472
ergun_inertial_phi0.551_d6_Re4.5e+04,,,1189305.9201330182,1247.7958130566424,0.1666567055,1.0,6,0.550528,4.583083639653092,44923.33420295443,4.718182604190569,0,True,False,0.449472
ergun_inertial_phi0.551_d6_Re5.7e+04,,,2069663.0432053704,1618.8768615392023,0.1666567055,1.0,6,0.550528,4.73830774092714,58283.050418485655,4.717255899663873,0,True,False,0.449472
ergun_inertial_phi0.551_d6_Re7.3e+04,,,3347367.792727755,2120.852736260801,0.1666567055,1.0,6,0.550528,4.465125354770815,76355.2620303346,4.716518354932852,0,True,False,0.449472
ergun_inertial_phi0.551_d6_Re9.2e+04,,,5406236.483488421,2593.652380244305,0.1666567055,1.0,6,0.550528,4.821950552993988,93377.0665559318,4.7160847594912365,0,True,False,0.449472
ergun_inertial_phi0.551_d6_Re1.2e+05,,,8393607.40355716,3220.6308146710853,0.1666567055,1.0,6,0.550528,4.855321747282939,115949.63929025052,4.715706116658986,0,True,False,0.449472
ergun_inertial_phi0.551_d6_Re1.5e+05,,,13679303.615103282,3956.790548473144,0.1666567055,1.0,6,0.550528,5.2423874594050215,142452.97373191422,4.715414697632819,0,True,False,0.449472
ergun_inertial_phi0.551_d6_Re1.9e+05,,,20864766.022013456,5035.566503097777,0.1666567055,1.0,6,0.550528,4.937056500803806,181291.22934442415,4.7151415674412265,0,True,False,0.449472
ergun_inertial_phi0.551_d6_Re2.4e+05,,,34440106.47314468,6432.428463422588,0.1666567055,1.0,6,0.550528,4.994198567823189,231581.26560071437,4.714924016964665,0,True,False,0.449472
ergun_inertial_phi0.551_d6_Re3.0e+05,,,55154507.84362767,8344.820620713344,0.1666567055,1.0,6,0.550528,4.7522387677421465,300431.4982350354,4.714744289340808,0,True,False,0.449472
ergun_inertial_phi0.551_d6_Re3.9e+05,,,95574832.3954916,10729.350813701809,0.1666567055,1.0,6,0.550528,4.981359717991911,386279.7160730556,4.714609937932242,0,True,False,0.449472
ergun_inertial_phi0.551_d6_Re4.9e+05,,,122780330.81615472,13462.859885239424,0.1666567055,1.0,6,0.550528,4.064483808304365,484691.9244508679,4.714514473938897,0,True,False,0.449472
ergun_inertial_phi0.551_d6_Re6.2e+05,,,225430487.21130335,16860.572232587216,0.1666567055,1.0,6,0.550528,4.757943492290951,607016.8799510038,4.714438963530065,0,True,False,0.449472
ergun_inertial_phi0.551_d6_Re7.9e+05,,,381029080.6146813,21601.528319033237,0.1666567055,1.0,6,0.550528,4.899371997458488,777701.5003707691,4.714373297767354,0,True,False,0.449472
ergun_inertial_phi0.551_d6_Re1.0e+06,,,639526799.08685,28635.19001599953,0.1666567055,1.0,6,0.550528,4.679612149435799,1030928.4560770176,4.7143159354382265,0,True,False,0.449472
ergun_inertial_phi0.551_d10_Re1.0e+03,,,133.48770274980342,15.937289040275491,0.1666567055,1.0,10,0.550528,5.255479675926255,956.294497269748,4.904057994746799,0,True,False,0.449472
ergun_inertial_phi0.551_d10_Re1.3e+03,,,228.16522241396476,21.846506231245275,0.1666567055,1.0,10,0.550528,4.780633635631651,1310.8687205655383,4.852687398074849,0,True,False,0.449472
ergun_inertial_phi0.551_d10_Re1.6e+03,,,387.1224871746368,28.58827063672544,0.1666567055,1.0,10,0.550528,4.736664557041452,1715.3987624413612,4.820014715487795,0,True,False,0.449472
ergun_inertial_phi0.551_d10_Re2.0e+03,,,516.5509388833997,32.91184851097334,0.1666567055,1.0,10,0.550528,4.768794462806587,1974.828940259673,4.806106089616927,0,True,False,0.449472
ergun_inertial_phi0.551_d10_Re2.6e+03,,,909.0054712597406,44.63328097818807,0.1666567055,1.0,10,0.550528,4.562983218001723,2678.156924096166,4.7819542230242265,0,True,False,0.449472
ergun_inertial_phi0.551_d10_Re3.3e+03,,,1540.554401354421,58.14151716304643,0.1666567055,1.0,10,0.550528,4.557265373880334,3488.699538888127,4.766198636610203,0,True,False,0.449472
ergun_inertial_phi0.551_d10_Re4.2e+03,,,2506.0921697583235,71.60567736576014,0.1666567055,1.0,10,0.550528,4.887672799700696,4296.597436684607,4.756409902038564,0,True,False,0.449472
ergun_inertial_phi0.551_d10_Re5.3e+03,,,3871.988279595018,87.89284846274634,0.1666567055,1.0,10,0.550528,5.012183414849862,5273.886112116044,4.748576944695871,0,True,False,0.449472
ergun_inertial_phi0.551_d10_Re6.7e+03,,,5823.899091231997,107.1194586267903,0.1666567055,1.0,10,0.550528,5.075479795283076,6427.551673088264,4.7423958996059765,0,True,False,0.449472
ergun_inertial_phi0.551_d10_Re8.5e+03,,,9281.948646282292,141.91475325880782,0.1666567055,1.0,10,0.550528,4.608759739514674,8515.39413508974,4.735467934329213,0,True,False,0.449472
ergun_inertial_phi0.551_d10_Re1.1e+04,,,16984.751185859277,184.5297594627352,0.1666567055,1.0,10,0.550528,4.987999001717379,11072.447334723964,4.730542441472855,0,True,False,0.449472
ergun_inertial_phi0.551_d10_Re1.4e+04,,,28679.813194304686,234.30597524965697,0.1666567055,1.0,10,0.550528,5.224077246648116,14059.198791113567,4.727057839353734,0,True,False,0.449472
ergun_inertial_phi0.551_d10_Re1.7e+04,,,45369.81413824858,300.11154583745207,0.1666567055,1.0,10,0.550528,5.037343798510488,18007.769020578176,4.72422528866166,0,True,False,0.449472
ergun_inertial_phi0.551_d10_Re2.2e+04,,,62476.50868094513,362.7576507471555,0.1666567055,1.0,10,0.550528,4.747703521352042,21766.759978772978,4.722483578488585,0,True,False,0.449472
ergun_inertial_phi0.551_d10_Re2.8e+04,,,106775.14183570351,475.8101052038168,0.1666567055,1.0,10,0.550528,4.7163153336897965,28550.31267876688,4.720501089182796,0,True,False,0.449472
ergun_inertial_phi0.551_d10_Re3.6e+04,,,173011.1879928094,599.0690538803557,0.1666567055,1.0,10,0.550528,4.820814455920243,35946.29163483348,4.7191922417917525,0,True,False,0.449472
ergun_inertial_phi0.551_d10_Re4.5e+04,,,280250.386942744,772.671191885505,0.1666567055,1.0,10,0.550528,4.694148020702932,46363.04249309098,4.718057062231187,0,True,False,0.449472
ergun_inertial_phi0.551_d10_Re5.7e+04,,,405025.61141022586,945.9888246758762,0.1666567055,1.0,10,0.550528,4.525957530187399,56762.72201815943,4.717339361940752,0,True,False,0.449472
ergun_inertial_phi0.551_d10_Re7.3e+04,,,697661.8764610052,1181.064253012492,0.1666567055,1.0,10,0.550528,5.001473150102893,70868.0907539296,4.716702524182714,0,True,False,0.449472
ergun_inertial_phi0.551_d10_Re9.2e+04,,,1156511.4441200537,1535.461096259855,0.1666567055,1.0,10,0.550528,4.905375979450856,92133.17229890008,4.716111018934768,0,True,False,0.449472
ergun_inertial_phi0.551_d10_Re1.2e+05,,,1510895.403761949,1878.819983679736,0.1666567055,1.0,10,0.550528,4.280199957992545,112735.93690952542,4.715750767760938,0,True,False,0.449472
ergun_inertial_phi0.551_d10_Re1.5e+05,,,2881068.049116592,2401.973155923179,0.1666567055,1.0,10,0.550528,4.993639851555615,144127.0033940026,4.71539988935412,0,True,False,0.449472
ergun_inertial_phi0.551_d10_Re1.9e+05,,,5057079.232537663,3247.885164436114,0.1666567055,1.0,10,0.550528,4.794004386779605,194884.7575434709,4.715071690186797,0,True,False,0.449472
ergun_inertial_phi0.551_d10_Re2.4e+05,,,7112090.221266766,3896.563832175472,0.1666567055,1.0,10,0.550528,4.68418098849118,233807.8039215453,4.714916548590712,0,True,False,0.449472
ergun_inertial_phi0.551_d10_Re3.0e+05,,,11678064.754085371,5019.979470233075,0.1666567055,1.0,10,0.550528,4.634117026627312,301216.77103673905,4.714742713347929,0,True,False,0.449472
ergun_inertial_phi0.551_d10_Re3.9e+05,,,16053754.923923736,5961.815335960301,0.1666567055,1.0,10,0.550528,4.516682771570363,357730.3006244955,4.714647460961907,0,True,False,0.449472
ergun_inertial_phi0.551_d10_Re4.9e+05,,,33447817.4312445,8109.6305159112335,0.1666567055,1.0,10,0.550528,5.085874609857462,486606.9139901025,4.714512999317084,0,True,False,0.449472
ergun_inertial_phi0.551_d10_Re6.2e+05,,,54687773.17948614,10399.693389729982,0.1666567055,1.0,10,0.550528,5.056490190952437,624018.8991213427,4.71443081160277,0,True,False,0.449472
ergun_inertial_phi0.551_d10_Re7.9e+05,,,78419997.47646555,12979.111828967953,0.1666567055,1.0,10,0.550528,4.655184254686787,778793.255874601,4.714372970390042,0,True,False,0.449472
ergun_inertial_phi0.551_d10_Re1.0e+06,,,106051812.90860112,14825.790952468433,0.1666567055,1.0,10,0.550528,4.824833741908707,889600.6259087147,4.714343922827688,0,True,False,0.449472
ergun_inertial_phi0.603_d6_Re1.0e+03,,,474.88120231704767,28.235765135252024,0.1666567055,1.0,6,0.603103,3.573856477116931,1016.5483009113734,3.272182864816924,0,True,False,0.39689700000000006
ergun_inertial_phi0.603_d6_Re1.3e+03,,,657.123412367076,34.73584647333711,0.1666567055,1.0,6,0.603103,3.2677018044031683,1250.5652155713751,3.2523545725842826,0,True,False,0.39689700000000006
ergun_inertial_phi0.603_d6_Re1.6e+03,,,974.701609229352,43.79009494018778,0.1666567055,1.0,6,0.603103,3.0497985943183137,1576.5376427720555,3.234545446769281,0,True,False,0.39689700000000006
ergun_inertial_phi0.603_d6_Re2.0e+03,,,1628.0741376183075,55.55528807506807,0.1666567055,1.0,6,0.603103,3.165006600246922,2000.1099112715176,3.220076339467105,0,True,False,0.39689700000000006
ergun_inertial_phi0.603_d6_Re2.6e+03,,,3006.933283126998,75.01090809172386,0.1666567055,1.0,6,0.603103,3.206462730453401,2700.5540953186737,3.20610817899563,0,True,False,0.39689700000000006
ergun_inertial_phi0.603_d6_Re3.3e+03,,,4278.297246251649,89.25099034757444,0.1666567055,1.0,6,0.603103,3.222523683185546,3213.227697492476,3.19974434271556,0,True,False,0.39689700000000006
ergun_inertial_phi0.603_d6_Re4.2e+03,,,7008.081298423254,116.733605158736,0.1666567055,1.0,6,0.603103,3.085734705125676,4202.66096615246,3.1918522336935444,0,True,False,0.39689700000000006
ergun_inertial_phi0.603_d6_Re5.3e+03,,,11206.7665216792,152.30160310441286,0.1666567055,1.0,6,0.603103,2.8988291850668317,5483.1854253021775,3.185866698144887,0,True,False,0.39689700000000006
ergun_inertial_phi0.603_d6_Re6.7e+03,,,18879.43134245345,185.55621761716336,0.1666567055,1.0,6,0.603103,3.2899487816570123,6680.423103065482,3.182346104512749,0,True,False,0.39689700000000006
ergun_inertial_phi0.603_d6_Re8.5e+03,,,27962.065102051885,227.6500809155282,0.1666567055,1.0,6,0.603103,3.2373143688281822,8195.892756881416,3.1793647100999163,0,True,False,0.39689700000000006
ergun_inertial_phi0.603_d6_Re1.1e+04,,,52911.57166161887,312.6073537569495,0.1666567055,1.0,6,0.603103,3.2486545457710068,11254.537385186084,3.175792989068777,0,True,False,0.39689700000000006
ergun_inertial_phi0.603_d6_Re1.4e+04,,,67122.94749415929,362.7285688340631,0.1666567055,1.0,6,0.603103,3.0609676840562834,13059.008975815728,3.17447052279371,0,True,False,0.39689700000000006
ergun_inertial_phi0.603_d6_Re1.7e+04,,,135486.81740707555,502.4655943160153,0.1666567055,1.0,6,0.603103,3.219849946987076,18089.84257099749,3.1721766603557677,0,True,False,0.39689700000000006
ergun_inertial_phi0.603_d6_Re2.2e+04,,,203882.33587456,614.2860850723902,0.1666567055,1.0,6,0.603103,3.241824466477808,22115.6208469172,3.171092762507625,0,True,False,0.39689700000000006
ergun_inertial_phi0.603_d6_Re2.8e+04,,,323746.00925194204,796.78625094642,0.1666567055,1.0,6,0.603103,3.0596518437735867,28686.01951139926,3.169977197914998,0,True,False,0.39689700000000006
ergun_inertial_phi0.603_d6_Re3.6e+04,,,511841.9433825684,980.8714760452804,0.1666567055,1.0,6,0.603103,3.192000211050936,35313.48371861151,3.1692724903018727,0,True,False,0.39689700000000006
ergun_inertial_phi0.603_d6_Re4.5e+04,,,800457.0279466617,1235.2555693785496,0.1666567055,1.0,6,0.603103,3.147571694292795,44471.8584471916,3.168644337946565,0,True,False,0.39689700000000006
ergun_inertial_phi0.603_d6_Re5.7e+04,,,1380466.416543752,1656.5402320139262,0.1666567055,1.0,6,0.603103,3.0183744794762903,59639.0127973792,3.1680283661792683,0,True,False,0.39689700000000006
ergun_inertial_phi0.603_d6_Re7.3e+04,,,2661193.67126916,2142.114480392251,0.1666567055,1.0,6,0.603103,3.47970460876274,77120.73056882495,3.167618959476281,0,True,False,0.39689700000000006
ergun_inertial_phi0.603_d6_Re9.2e+04,,,3113332.9551035254,2437.0512628306287,0.1666567055,1.0,6,0.603103,3.145194372912398,87739.08936405665,3.167449928786509,0,True,False,0.39689700000000006
ergun_inertial_phi0.603_d6_Re1.2e+05,,,5497897.631674797,3289.288229537016,0.1666567055,1.0,6,0.603103,3.048906019275373,118421.4539583713,3.1671318477778163,0,True,False,0.39689700000000006
ergun_inertial_phi0.603_d6_Re1.5e+05,,,8515224.996903567,4040.451703264921,0.1666567055,1.0,6,0.603103,3.1295906700677985,145464.95532152185,3.166962746621228,0,True,False,0.39689700000000006
ergun_inertial_phi0.603_d6_Re1.9e+05,,,14780588.00595184,5359.993214238911,0.1666567055,1.0,6,0.603103,3.086842579878122,192971.2890276321,3.166780452415576,0,True,False,0.39689700000000006
ergun_inertial_phi0.603_d6_Re2.4e+05,,,26442858.73558249,7027.188090732691,0.1666567055,1.0,6,0.603103,3.212894751636659,252993.8919523172,3.166648022983611,0,True,False,0.39689700000000006
ergun_inertial_phi0.603_d6_Re3.0e+05,,,40188022.38932136,8415.767450132784,0.1666567055,1.0,6,0.603103,3.404555618157819,302985.73675330874,3.166577774109485,0,True,False,0.39689700000000006
ergun_inertial_phi0.603_d6_Re3.9e+05,,,64050571.43957472,10915.362231266716,0.1666567055,1.0,6,0.603103,3.2255067422635912,392976.5273537121,3.1664963633703764,0,True,False,0.39689700000000006
ergun_inertial_phi0.603_d6_Re4.9e+05,,,104673203.96723242,13458.985993460688,0.1666567055,1.0,6,0.603103,3.467065814555668,484552.4560112232,3.166444561391919,0,True,False,0.39689700000000006
ergun_inertial_phi0.603_d6_Re6.2e+05,,,163192615.8233842,17674.701151109584,0.1666567055,1.0,6,0.603103,3.134350756033944,636327.2728120591,3.166391540038905,0,True,False,0.39689700000000006
ergun_inertial_phi0.603_d6_Re7.9e+05,,,234345567.4061976,20877.29363274147,0.1666567055,1.0,6,0.603103,3.2259645808117585,751627.493299085,3.1663655731829894,0,True,False,0.39689700000000006
ergun_inertial_phi0.603_d6_Re1.0e+06,,,348886390.5370834,26839.22317772341,0.1666567055,1.0,6,0.603103,2.9059985667196293,966269.7854443094,3.1663337395162428,0,True,False,0.39689700000000006
ergun_inertial_phi0.603_d10_Re1.0e+03,,,90.71393152437912,16.526685918111788,0.1666567055,1.0,10,0.603103,3.32125669118458,991.6604236552478,3.2748421767439586,0,True,False,0.39689700000000006
ergun_inertial_phi0.603_d10_Re1.3e+03,,,159.10979014028095,21.97760197885086,0.1666567055,1.0,10,0.603103,3.294096329289431,1318.7349355619451,3.247902112044762,0,True,False,0.39689700000000006
ergun_inertial_phi0.603_d10_Re1.6e+03,,,229.73562272131105,27.492918147003422,0.1666567055,1.0,10,0.603103,3.039391634566766,1649.6736848673288,3.2315164313256144,0,True,False,0.39689700000000006
ergun_inertial_phi0.603_d10_Re2.0e+03,,,375.11335977851456,34.030948355295045,0.1666567055,1.0,10,0.603103,3.2390259547335294,2041.9789442732647,3.218972107706741,0,True,False,0.39689700000000006
ergun_inertial_phi0.603_d10_Re2.6e+03,,,634.2768217520922,44.34554111286887,0.1666567055,1.0,10,0.603103,3.225365410188607,2660.8915002744293,3.2067027086255013,0,True,False,0.39689700000000006
ergun_inertial_phi0.603_d10_Re3.3e+03,,,984.0902087077048,56.17465104905064,0.1666567055,1.0,10,0.603103,3.118560287368259,3370.6805184055816,3.1981784436020497,0,True,False,0.39689700000000006
ergun_inertial_phi0.603_d10_Re4.2e+03,,,1612.0896745574194,70.335759715386,0.1666567055,1.0,10,0.603103,3.2586433511804827,4220.397823439874,3.191744519892888,0,True,False,0.39689700000000006
ergun_inertial_phi0.603_d10_Re5.3e+03,,,2325.915051372319,85.0506432071753,0.1666567055,1.0,10,0.603103,3.21542692686016,5103.343603967696,3.1873288331079115,0,True,False,0.39689700000000006
ergun_inertial_phi0.603_d10_Re6.7e+03,,,3563.5087269192154,110.97752855120726,0.1666567055,1.0,10,0.603103,2.893395014757108,6659.049704496124,3.182397856828027,0,True,False,0.39689700000000006
ergun_inertial_phi0.603_d10_Re8.5e+03,,,6684.2322379944135,146.33364722372136,0.1666567055,1.0,10,0.603103,3.1214985424599986,8780.543620173828,3.1784896228649924,0,True,False,0.39689700000000006
ergun_inertial_phi0.603_d10_Re1.1e+04,,,9641.52329112422,175.87329573640858,0.1666567055,1.0,10,0.603103,3.117064942443979,10553.028467036904,3.1764291996149265,0,True,False,0.39689700000000006
ergun_inertial_phi0.603_d10_Re1.4e+04,,,18091.04841466193,229.90817588470068,0.1666567055,1.0,10,0.603103,3.4225902154066703,13795.315057677091,3.174030283331545,0,True,False,0.39689700000000006
ergun_inertial_phi0.603_d10_Re1.7e+04,,,27147.56352653372,289.0947377377131,0.1666567055,1.0,10,0.603103,3.24825776359542,17346.72102573833,3.1724317425221127,0,True,False,0.39689700000000006
ergun_inertial_phi0.603_d10_Re2.2e+04,,,48068.52152946439,384.190407258004,0.1666567055,1.0,10,0.603103,3.25662483684428,23052.80223231126,3.17089475884725,0,True,False,0.39689700000000006
ergun_inertial_phi0.603_d10_Re2.8e+04,,,72234.57512665744,483.0819380398869,0.1666567055,1.0,10,0.603103,3.09530552408721,28986.648727427702,3.169938254385242,0,True,False,0.39689700000000006
ergun_inertial_phi0.603_d10_Re3.6e+04,,,116646.88784429744,607.5650794885535,0.1666567055,1.0,10,0.603103,3.16000338323336,36456.08364006412,3.169176890709661,0,True,False,0.39689700000000006
ergun_inertial_phi0.603_d10_Re4.5e+04,,,182411.74902467328,778.0249642850405,0.1666567055,1.0,10,0.603103,3.01346216347383,46684.28803694553,3.1685295527546127,0,True,False,0.39689700000000006
ergun_inertial_phi0.603_d10_Re5.7e+04,,,294393.790346356,933.8707072774667,0.1666567055,1.0,10,0.603103,3.375632340152054,56035.591515846136,3.168144509184045,0,True,False,0.39689700000000006
ergun_inertial_phi0.603_d10_Re7.3e+04,,,452506.495917145,1205.9714104645568,0.1666567055,1.0,10,0.603103,3.111363793200077,72362.60952395682,3.167710797505701,0,True,False,0.39689700000000006
ergun_inertial_phi0.603_d10_Re9.2e+04,,,728500.9617209655,1542.9459469010642,0.1666567055,1.0,10,0.603103,3.06005128795903,92582.29017980104,3.1673857067815447,0,True,False,0.39689700000000006
ergun_inertial_phi0.603_d10_Re1.2e+05,,,1229762.314898207,2033.0214143527537,0.1666567055,1.0,10,0.603103,2.975344610799864,121988.5757523722,3.167105250278076,0,True,False,0.39689700000000006
ergun_inertial_phi0.603_d10_Re1.5e+05,,,1962113.3557126464,2467.5983380775697,0.1666567055,1.0,10,0.603103,3.2223681461131544,148064.74967054775,3.166949744884552,0,True,False,0.39689700000000006
ergun_inertial_phi0.603_d10_Re1.9e+05,,,2991207.4955849303,3135.624417946502,0.1666567055,1.0,10,0.603103,3.042274974100215,188148.71016075028,3.1667947597200867,0,True,False,0.39689700000000006
ergun_inertial_phi0.603_d10_Re2.4e+05,,,4891928.599094889,3888.8307136561007,0.1666567055,1.0,10,0.603103,3.2347597711092293,233343.78907760783,3.1666838764352407,0,True,False,0.39689700000000006
ergun_inertial_phi0.603_d10_Re3.0e+05,,,7887428.3168726,4910.836259834422,0.1666567055,1.0,10,0.603103,3.270578048891661,294667.7869996909,3.166587809490638,0,True,False,0.39689700000000006
ergun_inertial_phi0.603_d10_Re3.9e+05,,,11611112.109403938,6140.048649388371,0.1666567055,1.0,10,0.603103,3.079854458325077,368424.93861660856,3.166514629073532,0,True,False,0.39689700000000006
ergun_inertial_phi0.603_d10_Re4.9e+05,,,19828205.001315974,8164.902253571529,0.1666567055,1.0,10,0.603103,2.9742770532795806,489923.4164671237,3.166442124392737,0,True,False,0.39689700000000006
ergun_inertial_phi0.603_d10_Re6.2e+05,,,35237454.44025625,10554.099451912074,0.1666567055,1.0,10,0.603103,3.163458655601193,633283.8165885905,3.166392353544524,0,True,False,0.39689700000000006
ergun_inertial_phi0.603_d10_Re7.9e+05,,,47569640.31511916,12731.385953127226,0.1666567055,1.0,10,0.603103,2.9347999269846854,763928.814921115,3.166363265539849,0,True,False,0.39689700000000006
ergun_inertial_phi0.603_d10_Re1.0e+06,,,80262936.84670752,15901.020138668668,0.1666567055,1.0,10,0.603103,3.174425005007304,954118.233104558,3.166335159239158,0,True,False,0.39689700000000006
ergun_inertial_phi0.609_d6_Re1.0e+03,,,350.02326304830507,26.828685471948408,0.1666567055,1.0,6,0.609453,2.917758691957827,965.890405362,3.1238297415114142,0,True,False,0.390547
ergun_inertial_phi0.609_d6_Re1.3e+03,,,709.243119640599,35.00315679521192,0.1666567055,1.0,6,0.609453,3.473217295290453,1260.1889623413415,3.0993930828275125,0,True,False,0.390547
ergun_inertial_phi0.609_d6_Re1.6e+03,,,1085.2675710901406,45.100787085760864,0.1666567055,1.0,6,0.609453,3.2012517889551733,1623.7253802821945,3.0814367814155545,0,True,False,0.390547
ergun_inertial_phi0.609_d6_Re2.0e+03,,,1735.122106957382,57.119953035066864,0.1666567055,1.0,6,0.609453,3.1908442793450047,2056.441216584599,3.068339199465843,0,True,False,0.390547
ergun_inertial_phi0.609_d6_Re2.6e+03,,,2388.476701869631,69.17764379012719,0.1666567055,1.0,6,0.609453,2.9946131564325698,2490.544028789548,3.0597727809233795,0,True,False,0.390547
ergun_inertial_phi0.609_d6_Re3.3e+03,,,4308.721097453105,92.1123830627738,0.1666567055,1.0,6,0.609453,3.046937860068387,3316.2439922145395,3.0496686543227054,0,True,False,0.390547
ergun_inertial_phi0.609_d6_Re4.2e+03,,,6523.604713923524,115.30808226410386,0.1666567055,1.0,6,0.609453,2.943875164431856,4151.33907459021,3.04353783586142,0,True,False,0.390547
ergun_inertial_phi0.609_d6_Re5.3e+03,,,10388.923643259022,146.03032183265208,0.1666567055,1.0,6,0.609453,2.9230464717249145,5257.405805348243,3.0384158445725804,0,True,False,0.390547
ergun_inertial_phi0.609_d6_Re6.7e+03,,,14372.366846947509,173.66171573959744,0.1666567055,1.0,6,0.609453,2.859376669433388,6252.195441590466,3.035357091490048,0,True,False,0.390547
ergun_inertial_phi0.609_d6_Re8.5e+03,,,31552.520978267738,240.3827106471132,0.1666567055,1.0,6,0.609453,3.276263762358188,8654.294824534853,3.030870216664665,0,True,False,0.390547
ergun_inertial_phi0.609_d6_Re1.1e+04,,,51130.08814161535,317.52881046530314,0.1666567055,1.0,6,0.609453,3.0427167055685564,11431.72041638504,3.0280328440941453,0,True,False,0.390547
ergun_inertial_phi0.609_d6_Re1.4e+04,,,81090.4308864622,391.9605187715185,0.1666567055,1.0,6,0.609453,3.1669135695716446,14111.42207313771,3.026353957805665,0,True,False,0.390547
ergun_inertial_phi0.609_d6_Re1.7e+04,,,104179.6265153222,474.276407999587,0.1666567055,1.0,6,0.609453,2.7788877384938333,17074.971207789305,3.025110879222926,0,True,False,0.390547
ergun_inertial_phi0.609_d6_Re2.2e+04,,,174555.25193628643,615.0374399787279,0.1666567055,1.0,6,0.609453,2.7687329085495844,22142.67124026622,3.023756194847134,0,True,False,0.390547
ergun_inertial_phi0.609_d6_Re2.8e+04,,,309759.97228969977,772.287657446504,0.1666567055,1.0,6,0.609453,3.116150029800346,27804.01743078393,3.022826801921485,0,True,False,0.390547
ergun_inertial_phi0.609_d6_Re3.6e+04,,,453580.1748361913,948.1866352795964,0.1666567055,1.0,6,0.609453,3.0270364824947023,34136.759121747906,3.022152461570361,0,True,False,0.390547
ergun_inertial_phi0.609_d6_Re4.5e+04,,,870761.552708614,1303.166617977355,0.1666567055,1.0,6,0.609453,3.076455251523749,46916.80232370926,3.021345971836472,0,True,False,0.390547
ergun_inertial_phi0.609_d6_Re5.7e+04,,,1379982.091956169,1618.4432460703963,0.1666567055,1.0,6,0.609453,3.16103825532928,58267.439328580615,3.020926325813462,0,True,False,0.390547
ergun_inertial_phi0.609_d6_Re7.3e+04,,,2300674.186966017,2129.702773546826,0.1666567055,1.0,6,0.609453,3.043465459299568,76673.88241561607,3.020509922958076,0,True,False,0.390547
ergun_inertial_phi0.609_d6_Re9.2e+04,,,3555602.4176056148,2661.99813300862,0.1666567055,1.0,6,0.609453,3.0105715284837866,95837.66071777842,3.0202463415991567,0,True,False,0.390547
ergun_inertial_phi0.609_d6_Re1.2e+05,,,5244981.922915477,3202.735813319224,0.1666567055,1.0,6,0.609453,3.067983459234889,115305.38073618252,3.0200682897343096,0,True,False,0.390547
ergun_inertial_phi0.609_d6_Re1.5e+05,,,8049672.8518582815,4056.8812894880352,0.1666567055,1.0,6,0.609453,2.9345727560496595,146056.45577776173,3.0198837426513725,0,True,False,0.390547
ergun_inertial_phi0.609_d6_Re1.9e+05,,,11890614.512863092,5147.7264313326805,0.1666567055,1.0,6,0.609453,2.6923073224513643,185329.2280999524,3.0197371054717728,0,True,False,0.390547
ergun_inertial_phi0.609_d6_Re2.4e+05,,,21041125.195887525,6673.54236859799,0.1666567055,1.0,6,0.609453,2.834701716969335,240261.8850016085,3.0196124190902505,0,True,False,0.390547
ergun_inertial_phi0.609_d6_Re3.0e+05,,,38312302.072817005,8414.582466452102,0.1666567055,1.0,6,0.609453,3.2465668998177604,302943.0747910267,3.019525381163795,0,True,False,0.390547
ergun_inertial_phi0.609_d6_Re3.9e+05,,,54473964.01241387,10546.064218529866,0.1666567055,1.0,6,0.609453,2.938728107597837,379681.0042616568,3.0194579520592923,0,True,False,0.390547
ergun_inertial_phi0.609_d6_Re4.9e+05,,,103710939.54211368,14161.095903519774,0.1666567055,1.0,6,0.609453,3.1030022542324454,509829.9235317516,3.019389998284223,0,True,False,0.390547
ergun_inertial_phi0.609_d6_Re6.2e+05,,,155970739.00959322,17762.250890595704,0.1666567055,1.0,6,0.609453,2.9661859947334785,639479.2518178887,3.0193498066463644,0,True,False,0.390547
ergun_inertial_phi0.609_d6_Re7.9e+05,,,243667361.58818984,22385.660782207186,0.1666567055,1.0,6,0.609453,2.91748595694513,805931.9562946906,3.0193171641597325,0,True,False,0.390547
ergun_inertial_phi0.609_d6_Re1.0e+06,,,384087008.3177669,27218.48995108577,0.1666567055,1.0,6,0.609453,3.110661922520203,979924.20536907,3.019294897439434,0,True,False,0.390547
ergun_inertial_phi0.609_d10_Re1.0e+03,,,86.92740945117933,16.369171067968715,0.1666567055,1.0,10,0.609453,3.2441681970526326,982.2089677614993,3.122091270860885,0,True,False,0.390547
ergun_inertial_phi0.609_d10_Re1.3e+03,,,146.78272862605024,22.72123482192745,0.1666567055,1.0,10,0.609453,2.843224131927476,1363.3555729881775,3.093324160666021,0,True,False,0.390547
ergun_inertial_phi0.609_d10_Re1.6e+03,,,224.48642107159264,26.23729134279227,0.1666567055,1.0,10,0.609453,3.261009624435286,1574.331573642698,3.0833896855571483,0,True,False,0.390547
ergun_inertial_phi0.609_d10_Re2.0e+03,,,373.89186810540576,33.906067361156694,0.1666567055,1.0,10,0.609453,3.252304339822104,2034.4856367724544,3.0688695844211176,0,True,False,0.390547
ergun_inertial_phi0.609_d10_Re2.6e+03,,,546.6871077118487,41.923345825344825,0.1666567055,1.0,10,0.609453,3.110476761232272,2515.551096463072,3.0593693653904146,0,True,False,0.390547
ergun_inertial_phi0.609_d10_Re3.3e+03,,,915.2925456334548,54.58868069165963,0.1666567055,1.0,10,0.609453,3.071529768242228,3275.516609300766,3.05004760041709,0,True,False,0.390547
ergun_inertial_phi0.609_d10_Re4.2e+03,,,1414.1175538422049,70.27915050282354,0.1666567055,1.0,10,0.609453,2.8630735620368606,4217.001067672224,3.0431587484554976,0,True,False,0.390547
ergun_inertial_phi0.609_d10_Re5.3e+03,,,2382.4917602019955,85.49997030944401,0.1666567055,1.0,10,0.609453,3.259113456969785,5130.304841496102,3.0388921125540915,0,True,False,0.390547
ergun_inertial_phi0.609_d10_Re6.7e+03,,,3897.5938081962154,113.03924083863303,0.1666567055,1.0,10,0.609453,3.050268798741746,6782.759835525073,3.0340925987807315,0,True,False,0.390547
ergun_inertial_phi0.609_d10_Re8.5e+03,,,6221.597665231939,141.9982633162095,0.1666567055,1.0,10,0.609453,3.0855732247507524,8520.405038020477,3.031053732158264,0,True,False,0.390547
ergun_inertial_phi0.609_d10_Re1.1e+04,,,8751.352860152558,174.27899327481367,0.1666567055,1.0,10,0.609453,2.8812776477957995,10457.364601798976,3.028856604569392,0,True,False,0.390547
ergun_inertial_phi0.609_d10_Re1.4e+04,,,17285.904904358358,238.0948758461305,0.1666567055,1.0,10,0.609453,3.0492429036401294,14286.546414787405,3.0262661636329007,0,True,False,0.390547
ergun_inertial_phi0.609_d10_Re1.7e+04,,,26068.263636552325,298.04410202703235,0.1666567055,1.0,10,0.609453,2.9346143741501063,17883.714977615007,3.0248432026014576,0,True,False,0.390547
ergun_inertial_phi0.609_d10_Re2.2e+04,,,45414.38789926413,384.2266688996996,0.1666567055,1.0,10,0.609453,3.0762275253400744,23054.97806085574,3.023575575856802,0,True,False,0.390547
ergun_inertial_phi0.609_d10_Re2.8e+04,,,69992.8730173725,474.64479917771376,0.1666567055,1.0,10,0.609453,3.1068219684226714,28480.39013814021,3.0227404742946358,0,True,False,0.390547
ergun_inertial_phi0.609_d10_Re3.6e+04,,,92495.48519383073,579.6459807877147,0.1666567055,1.0,10,0.609453,2.752928153044379,34780.83759358334,3.022097634672644,0,True,False,0.390547
ergun_inertial_phi0.609_d10_Re4.5e+04,,,174426.56984937988,729.4437039825985,0.1666567055,1.0,10,0.609453,3.2781519486111708,43769.23819501511,3.021500887170807,0,True,False,0.390547
ergun_inertial_phi0.609_d10_Re5.7e+04,,,293346.44731338666,994.0079964220838,0.1666567055,1.0,10,0.609453,2.9689376460750925,59644.04453093452,3.0208862913878614,0,True,False,0.390547
ergun_inertial_phi0.609_d10_Re7.3e+04,,,459752.7548117944,1202.157214084231,0.1666567055,1.0,10,0.609453,3.181279348834919,72133.74406253525,3.0205928890000893,0,True,False,0.390547
ergun_inertial_phi0.609_d10_Re9.2e+04,,,663937.9463789503,1531.601734095274,0.1666567055,1.0,10,0.609453,2.8303216408531915,91901.5967284481,3.020291508480259,0,True,False,0.390547
ergun_inertial_phi0.609_d10_Re1.2e+05,,,1273284.9872569416,2028.9757715405597,0.1666567055,1.0,10,0.609453,3.092942857418114,121745.8226750174,3.020021920573055,0,True,False,0.390547
ergun_inertial_phi0.609_d10_Re1.5e+05,,,1570718.9435375186,2298.537597083864,0.1666567055,1.0,10,0.609453,2.973002386219042,137920.49891949078,3.0199245629590146,0,True,False,0.390547
ergun_inertial_phi0.609_d10_Re1.9e+05,,,3086959.719196229,3159.051577353874,0.1666567055,1.0,10,0.609453,3.0932678610582585,189554.4237404761,3.019724949597611,0,True,False,0.390547
ergun_inertial_phi0.609_d10_Re2.4e+05,,,4703023.406901964,4009.73332365405,0.1666567055,1.0,10,0.609453,2.925136658374861,240598.3792625764,3.019611830765258,0,True,False,0.390547
ergun_inertial_phi0.609_d10_Re3.0e+05,,,7807043.8656067345,5047.4637387311695,0.1666567055,1.0,10,0.609453,3.064362960399613,302865.9257116522,3.019525466147668,0,True,False,0.390547
ergun_inertial_phi0.609_d10_Re3.9e+05,,,12048383.737590246,6375.847311508843,0.1666567055,1.0,10,0.609453,2.9638278534980094,382573.7039730959,3.0194559393243763,0,True,False,0.390547
ergun_inertial_phi0.609_d10_Re4.9e+05,,,20651247.969212703,8468.201025706754,0.1666567055,1.0,10,0.609453,2.879810979936051,508122.4304957087,3.019390664450228,0,True,False,0.390547
ergun_inertial_phi0.609_d10_Re6.2e+05,,,28612261.48190894,10241.725671789894,0.1666567055,1.0,10,0.609453,2.72775843540928,614540.269535683,3.0193562205013373,0,True,False,0.390547
ergun_inertial_phi0.609_d10_Re7.9e+05,,,56071197.5524046,13348.200596484592,0.1666567055,1.0,10,0.609453,3.146982896173503,800939.9055644114,3.019317945783748,0,True,False,0.390547
ergun_inertial_phi0.609_d10_Re1.0e+06,,,90733962.12651612,16942.166150033805,0.1666567055,1.0,10,0.609453,3.161054639954889,1016590.7275800436,3.01929117739349,0,True,False,0.390547
