filename,dP_L,v,mu,rho,D,eps,f,Re,eps_rel,f_true,branch
moody_eps9.46e-03_Re8.46e+03,1.5840376124721196,0.0827578720288055,0.001,1000.0,0.1,0.0009463494675899,0.0462569352425872,8275.787202880556,0.0094634946758993,0.043522660497561,colebrook
moody_eps9.46e-03_Re9.62e+03,2.0103636830048552,0.0965790880779375,0.001,1000.0,0.1,0.0009463494675899,0.0431060695290382,9657.908807793752,0.0094634946758993,0.0427403382446893,colebrook
moody_eps9.46e-03_Re1.09e+04,2.4698105799794368,0.1092872177218257,0.001,1000.0,0.1,0.0009463494675899,0.0413575594823109,10928.721772182576,0.0094634946758993,0.0421771187727211,colebrook
moody_eps9.46e-03_Re1.24e+04,3.4289216792538766,0.1274679075619247,0.001,1000.0,0.1,0.0009463494675899,0.0422071324860254,12746.790756192471,0.0094634946758993,0.0415476780643347,colebrook
moody_eps9.46e-03_Re1.41e+04,4.320112416945227,0.1440830313023146,0.001,1000.0,0.1,0.0009463494675899,0.0416197406909787,14408.30313023146,0.0094634946758993,0.0410987885403011,colebrook
moody_eps9.46e-03_Re1.61e+04,4.836405020572684,0.1524607977176969,0.001,1000.0,0.1,0.0009463494675899,0.0416136953494572,15246.079771769691,0.0094634946758993,0.0409062562428407,colebrook
moody_eps9.46e-03_Re1.83e+04,6.668323459842036,0.1817048173126995,0.001,1000.0,0.1,0.0009463494675899,0.0403937125744134,18170.48173126995,0.0094634946758993,0.0403624868720352,colebrook
moody_eps9.46e-03_Re2.08e+04,9.07986868289481,0.2141940508095251,0.001,1000.0,0.1,0.0009463494675899,0.0395817284317915,21419.40508095251,0.0094634946758993,0.039920453057892,colebrook
moody_eps9.46e-03_Re2.37e+04,10.458428525627689,0.2277389749272469,0.001,1000.0,0.1,0.0009463494675899,0.0403293948458948,22773.897492724696,0.0094634946758993,0.0397709102328851,colebrook
moody_eps9.46e-03_Re2.69e+04,15.478739102838496,0.2861621478380953,0.001,1000.0,0.1,0.0009463494675899,0.0378043001136301,28616.214783809533,0.0094634946758993,0.0392790279299244,colebrook
moody_eps9.46e-03_Re3.06e+04,18.467572363265347,0.3088934542523269,0.001,1000.0,0.1,0.0009463494675899,0.0387099307625667,30889.34542523269,0.0094634946758993,0.0391352510598495,colebrook
moody_eps9.46e-03_Re3.48e+04,25.313250782751936,0.360863906450966,0.001,1000.0,0.1,0.0009463494675899,0.0388768460769963,36086.39064509661,0.0094634946758993,0.0388713772448537,colebrook
moody_eps9.46e-03_Re3.95e+04,26.38991905604458,0.3802813189775612,0.001,1000.0,0.1,0.0009463494675899,0.0364970758972274,38028.13189775613,0.0094634946758993,0.0387904545752237,colebrook
moody_eps9.46e-03_Re4.50e+04,42.41081644840006,0.4695188066537287,0.001,1000.0,0.1,0.0009463494675899,0.0384769503930252,46951.88066537288,0.0094634946758993,0.0385013660075513,colebrook
moody_eps9.46e-03_Re5.11e+04,47.74256401723793,0.499859927586067,0.001,1000.0,0.1,0.0009463494675899,0.0382154599414923,49985.9927586067,0.0094634946758993,0.0384257408125624,colebrook
moody_eps9.46e-03_Re5.81e+04,63.08462727959311,0.5812353600252134,0.001,1000.0,0.1,0.0009463494675899,0.0373464634969145,58123.53600252134,0.0094634946758993,0.0382606638515584,colebrook
moody_eps9.46e-03_Re6.61e+04,84.00844141297839,0.6565228497735416,0.001,1000.0,0.1,0.0009463494675899,0.0389810228913303,65652.28497735415,0.0094634946758993,0.0381433458996218,colebrook
moody_eps9.46e-03_Re7.52e+04,102.96776569352988,0.7237639112045519,0.001,1000.0,0.1,0.0009463494675899,0.0393131131408488,72376.39112045518,0.0094634946758993,0.038058661341175,colebrook
moody_eps9.46e-03_Re8.55e+04,134.37878340417515,0.8384758384771199,0.001,1000.0,0.1,0.0009463494675899,0.0382278255594712,83847.58384771198,0.0094634946758993,0.0379448257389189,colebrook
moody_eps9.46e-03_Re9.72e+04,189.26483843144328,1.0158595953327856,0.001,1000.0,0.1,0.0009463494675899,0.0366802730416307,101585.95953327855,0.0094634946758993,0.0378184441845632,colebrook
moody_eps9.46e-03_Re1.10e+05,233.17402522397276,1.1038017904195283,0.001,1000.0,0.1,0.0009463494675899,0.0382761261448731,110380.17904195284,0.0094634946758993,0.0377705809821363,colebrook
moody_eps9.46e-03_Re1.26e+05,306.84944471299514,1.2916861948992446,0.001,1000.0,0.1,0.0009463494675899,0.0367825048870549,129168.61948992444,0.0094634946758993,0.0376898245520836,colebrook
moody_eps9.46e-03_Re1.43e+05,395.0897715999011,1.491943947412142,0.001,1000.0,0.1,0.0009463494675899,0.0354993800122019,149194.3947412142,0.0094634946758993,0.0376258431295797,colebrook
moody_eps9.46e-03_Re1.62e+05,486.9226117009021,1.6357582184160953,0.001,1000.0,0.1,0.0009463494675899,0.0363958374305663,163575.82184160952,0.0094634946758993,0.0375894412299864,colebrook
moody_eps9.46e-03_Re1.85e+05,649.3266584026196,1.8378222821844663,0.001,1000.0,0.1,0.0009463494675899,0.0384491022278682,183782.22821844663,0.0094634946758993,0.0375478150612578,colebrook
moody_eps9.46e-03_Re2.10e+05,839.5007808189459,2.0836951724337447,0.001,1000.0,0.1,0.0009463494675899,0.0386707619236478,208369.5172433745,0.0094634946758993,0.0375079464534316,colebrook
moody_eps9.46e-03_Re2.39e+05,1102.075824334128,2.402090136105255,0.001,1000.0,0.1,0.0009463494675899,0.0381999567814579,240209.0136105255,0.0094634946758993,0.0374683430167086,colebrook
moody_eps9.46e-03_Re2.72e+05,1335.9292375083248,2.7579969183567163,0.001,1000.0,0.1,0.0009463494675899,0.0351257735531214,275799.6918356716,0.0094634946758993,0.0374348165804041,colebrook
moody_eps9.46e-03_Re3.09e+05,1877.5288641563293,3.241945885897928,0.001,1000.0,0.1,0.0009463494675899,0.0357277029771532,324194.5885897928,0.0094634946758993,0.0374009635033993,colebrook
moody_eps9.46e-03_Re3.51e+05,2357.5025097485072,3.533976679340482,0.001,1000.0,0.1,0.0009463494675899,0.0377532897194835,353397.6679340482,0.0094634946758993,0.0373849947395452,colebrook
moody_eps9.46e-03_Re3.99e+05,2675.0740954860694,3.7978218769144414,0.001,1000.0,0.1,0.0009463494675899,0.0370933987137965,379782.1876914442,0.0094634946758993,0.0373726674109822,colebrook
moody_eps9.46e-03_Re4.54e+05,3621.558442854815,4.461820462038825,0.001,1000.0,0.1,0.0009463494675899,0.0363832350365828,446182.0462038825,0.0094634946758993,0.0373480655002446,colebrook
moody_eps9.46e-03_Re5.16e+05,5099.029092364083,5.208858509629673,0.001,1000.0,0.1,0.0009463494675899,0.0375865413187662,520885.8509629673,0.0094634946758993,0.0373278548287494,colebrook
moody_eps9.46e-03_Re5.87e+05,6497.88902243494,5.8830186493467815,0.001,1000.0,0.1,0.0009463494675899,0.0375492991311847,588301.8649346782,0.0094634946758993,0.0373140063132072,colebrook
moody_eps9.46e-03_Re6.67e+05,7751.755455154832,6.40664033153716,0.001,1000.0,0.1,0.0009463494675899,0.0377719470678111,640664.033153716,0.0094634946758993,0.0373052545495456,colebrook
moody_eps9.46e-03_Re7.59e+05,9872.43750030024,7.32260616623708,0.001,1000.0,0.1,0.0009463494675899,0.0368233278580689,732260.6166237079,0.0094634946758993,0.0372929463259735,colebrook
moody_eps9.46e-03_Re8.63e+05,12874.548817566842,8.485782307479269,0.001,1000.0,0.1,0.0009463494675899,0.0357584134446198,848578.2307479269,0.0094634946758993,0.0372811363787758,colebrook
moody_eps9.46e-03_Re9.81e+05,19465.393701659938,9.980692953943896,0.001,1000.0,0.1,0.0009463494675899,0.0390815515854165,998069.2953943897,0.0094634946758993,0.0372699920468378,colebrook
moody_eps9.46e-03_Re1.12e+06,23217.75808851544,11.047303856320305,0.001,1000.0,0.1,0.0009463494675899,0.0380485121366734,1104730.3856320302,0.0094634946758993,0.037263880802503,colebrook
moody_eps9.46e-03_Re1.27e+06,29078.27606422696,12.39042024354155,0.001,1000.0,0.1,0.0009463494675899,0.0378814485801321,1239042.024354155,0.0094634946758993,0.0372576794009244,colebrook
moody_eps9.46e-03_Re1.44e+06,43758.99290332456,15.155305324719336,0.001,1000.0,0.1,0.0009463494675899,0.0381037688083807,1515530.5324719336,0.0094634946758993,0.0372483689837317,colebrook
moody_eps9.46e-03_Re1.64e+06,47137.29876643418,15.88473819067637,0.001,1000.0,0.1,0.0009463494675899,0.0373623826951516,1588473.819067637,0.0094634946758993,0.0372464523208873,colebrook
moody_eps9.46e-03_Re1.86e+06,62843.37547466371,18.446669567528616,0.001,1000.0,0.1,0.0009463494675899,0.0369363147986094,1844666.9567528616,0.0094634946758993,0.0372409203184641,colebrook
moody_eps9.46e-03_Re2.12e+06,92273.54676240106,22.4494860760155,0.001,1000.0,0.1,0.0009463494675899,0.0366179816758448,2244948.60760155,0.0094634946758993,0.0372348021309159,colebrook
moody_eps9.46e-03_Re2.41e+06,105438.2246670908,23.55660077602405,0.001,1000.0,0.1,0.0009463494675899,0.0380016835217053,2355660.077602405,0.0094634946758993,0.0372334766825729,colebrook
moody_eps9.46e-03_Re2.74e+06,128625.68817839483,26.720241837419145,0.001,1000.0,0.1,0.0009463494675899,0.0360310516351742,2672024.183741914,0.0094634946758993,0.0372302940340977,colebrook
moody_eps9.46e-03_Re3.12e+06,153564.3652034029,29.29507116357469,0.001,1000.0,0.1,0.0009463494675899,0.0357874974286528,2929507.116357469,0.0094634946758993,0.0372282107705053,colebrook
moody_eps9.46e-03_Re3.54e+06,220456.65674045647,34.76595222532473,0.001,1000.0,0.1,0.0009463494675899,0.0364791705197353,3476595.222532473,0.0094634946758993,0.0372248081090077,colebrook
moody_eps9.46e-03_Re4.03e+06,312326.4867806653,40.85638483040439,0.001,1000.0,0.1,0.0009463494675899,0.0374213060328689,4085638.483040439,0.0094634946758993,0.0372220914641624,colebrook
moody_eps9.46e-03_Re4.58e+06,434119.6129594217,47.91769124330019,0.001,1000.0,0.1,0.0009463494675899,0.03781356580885,4791769.124330019,0.0094634946758993,0.0372198058627976,colebrook
moody_eps9.46e-03_Re5.21e+06,497994.8731263099,51.64623841793973,0.001,1000.0,0.1,0.0009463494675899,0.037340271883466,5164623.841793973,0.0094634946758993,0.0372188510389504,colebrook
moody_eps9.46e-03_Re5.93e+06,751056.6887728395,63.33352600253817,0.001,1000.0,0.1,0.0009463494675899,0.037448582118107,6333352.600253818,0.0094634946758993,0.03721658636226,colebrook
moody_eps9.46e-03_Re6.74e+06,925910.2626240496,69.05195832063427,0.001,1000.0,0.1,0.0009463494675899,0.0388371090033133,6905195.832063427,0.0094634946758993,0.0372157575102657,colebrook
moody_eps9.46e-03_Re7.66e+06,1085135.556191068,75.43630882106349,0.001,1000.0,0.1,0.0009463494675899,0.0381375798730937,7543630.882106348,0.0094634946758993,0.0372149805599795,colebrook
moody_eps9.46e-03_Re8.71e+06,1439351.7194644702,88.36745491173235,0.001,1000.0,0.1,0.0009463494675899,0.0368648297575264,8836745.491173234,0.0094634946758993,0.0372137507832755,colebrook
moody_eps9.46e-03_Re9.90e+06,1945195.0706705512,103.5621274135896,0.001,1000.0,0.1,0.0009463494675899,0.0362736475929795,10356212.741358958,0.0094634946758993,0.0372126981111248,colebrook
moody_eps9.46e-03_Re1.13e+07,2301197.510023121,111.73721411479828,0.001,1000.0,0.1,0.0009463494675899,0.0368627909062022,11173721.411479829,0.0094634946758993,0.0372122501808527,colebrook
moody_eps9.46e-03_Re1.28e+07,2912445.377765208,123.07700565162943,0.001,1000.0,0.1,0.0009463494675899,0.0384533287801135,12307700.565162944,0.0094634946758993,0.0372117273499736,colebrook
moody_eps9.46e-03_Re1.46e+07,3752385.704743772,144.67385209850997,0.001,1000.0,0.1,0.0009463494675899,0.0358556316868634,14467385.209850997,0.0094634946758993,0.0372109582673144,colebrook
moody_eps9.46e-03_Re1.66e+07,4800562.624869553,162.5016483070098,0.001,1000.0,0.1,0.0009463494675899,0.0363585532821282,16250164.83070098,0.0094634946758993,0.037210477408469,colebrook
moody_eps9.46e-03_Re1.88e+07,7312225.46671088,196.36597811420128,0.001,1000.0,0.1,0.0009463494675899,0.0379268766647164,19636597.811420128,0.0094634946758993,0.0372098044272269,colebrook
moody_eps9.46e-03_Re2.14e+07,9228679.502344145,222.01775661564832,0.001,1000.0,0.1,0.0009463494675899,0.0374450262645371,22201775.66156483,0.0094634946758993,0.0372094312946386,colebrook
moody_eps9.46e-03_Re2.43e+07,11022989.063418591,246.77651919423704,0.001,1000.0,0.1,0.0009463494675899,0.0362010947250173,24677651.919423703,0.0094634946758993,0.0372091447141562,colebrook
moody_eps9.46e-03_Re2.77e+07,14692333.464558763,282.540438897757,0.001,1000.0,0.1,0.0009463494675899,0.0368094680658313,28254043.8897757,0.0094634946758993,0.0372088194181358,colebrook
moody_eps9.46e-03_Re3.15e+07,18906664.14641994,319.4222260158301,0.001,1000.0,0.1,0.0009463494675899,0.0370607873354729,31942222.60158301,0.0094634946758993,0.0372085602433362,colebrook
moody_eps9.46e-03_Re3.58e+07,23399688.387623902,346.5719638798826,0.001,1000.0,0.1,0.0009463494675899,0.0389630741510265,34657196.38798826,0.0094634946758993,0.0372084047042097,colebrook
moody_eps9.46e-03_Re4.07e+07,32115288.31339112,402.24433339070094,0.001,1000.0,0.1,0.0009463494675899,0.0396973897732967,40224433.33907009,0.0094634946758993,0.0372081514277395,colebrook
moody_eps9.46e-03_Re4.63e+07,40376403.86771629,465.0662000204182,0.001,1000.0,0.1,0.0009463494675899,0.0373360248791933,46506620.00204182,0.0094634946758993,0.0372079384415785,colebrook
moody_eps9.46e-03_Re5.26e+07,54587629.650389336,535.9119253090086,0.001,1000.0,0.1,0.0009463494675899,0.0380134589989408,53591192.53090085,0.0094634946758993,0.0372077581578983,colebrook
moody_eps9.46e-03_Re5.98e+07,69568879.51428428,610.9234770084413,0.001,1000.0,0.1,0.0009463494675899,0.0372796112242503,61092347.70084413,0.0094634946758993,0.0372076128451903,colebrook
moody_eps9.46e-03_Re6.80e+07,87082313.94722539,691.5338609542267,0.001,1000.0,0.1,0.0009463494675899,0.0364194225764157,69153386.09542267,0.0094634946758993,0.0372074918271073,colebrook
moody_eps9.46e-03_Re7.73e+07,109418083.45161816,746.5686255536957,0.001,1000.0,0.1,0.0009463494675899,0.0392626518924035,74656862.55536957,0.0094634946758993,0.0372074242162867,colebrook
moody_eps9.46e-03_Re8.79e+07,149594725.83478227,895.3512780819051,0.001,1000.0,0.1,0.0009463494675899,0.0373215233535818,89535127.8081905,0.0094634946758993,0.0372072830423873,colebrook
moody_eps9.46e-03_Re1.00e+08,177110214.29489258,956.6517684265356,0.001,1000.0,0.1,0.0009463494675899,0.0387048908332042,95665176.84265356,0.0094634946758993,0.0372072376498328,colebrook
moody_eps1.25e-02_Re8.46e+03,1.6504471562013556,0.0839750393685906,0.001,1000.0,0.1,0.0012489295823494,0.0468091965858587,8397.503936859066,0.012489295823494,0.0463651455782034,colebrook
moody_eps1.25e-02_Re9.62e+03,2.086806139061953,0.0959447493014224,0.001,1000.0,0.1,0.0012489295823494,0.0453387640081625,9594.474930142243,0.012489295823494,0.0457591707094524,colebrook
moody_eps1.25e-02_Re1.09e+04,2.5178866439757237,0.1086617825470632,0.001,1000.0,0.1,0.0012489295823494,0.042649360097764,10866.17825470632,0.012489295823494,0.0452489561424233,colebrook
moody_eps1.25e-02_Re1.24e+04,3.6894756165074503,0.1272078414879496,0.001,1000.0,0.1,0.0012489295823494,0.0456002132155494,12720.784148794964,0.012489295823494,0.0446734868099322,colebrook
moody_eps1.25e-02_Re1.41e+04,4.62972597553969,0.1442081985061997,0.001,1000.0,0.1,0.0012489295823494,0.0445251487793037,14420.819850619971,0.012489295823494,0.044266654902606,colebrook
moody_eps1.25e-02_Re1.61e+04,5.327016740676622,0.1564489180767502,0.001,1000.0,0.1,0.0012489295823494,0.0435280216602893,15644.891807675029,0.012489295823494,0.0440247159887266,colebrook
moody_eps1.25e-02_Re1.83e+04,6.976406720195498,0.181265090719285,0.001,1000.0,0.1,0.0012489295823494,0.0424652262187076,18126.509071928507,0.012489295823494,0.0436283428149021,colebrook
moody_eps1.25e-02_Re2.08e+04,10.33607296867099,0.2174995477715894,0.001,1000.0,0.1,0.0012489295823494,0.0436987330450415,21749.954777158942,0.012489295823494,0.043203425322845,colebrook
moody_eps1.25e-02_Re2.37e+04,13.62018641191558,0.248256174039675,0.001,1000.0,0.1,0.0012489295823494,0.0441990496205965,24825.617403967502,0.012489295823494,0.0429353940654456,colebrook
moody_eps1.25e-02_Re2.69e+04,15.569346811095595,0.2709970496606553,0.001,1000.0,0.1,0.0012489295823494,0.0424005278230483,27099.70496606553,0.012489295823494,0.0427745709263643,colebrook
moody_eps1.25e-02_Re3.06e+04,19.738601460736295,0.3068083173133954,0.001,1000.0,0.1,0.0012489295823494,0.0419384249954883,30680.831731339546,0.012489295823494,0.0425676751257551,colebrook
moody_eps1.25e-02_Re3.48e+04,23.546910894227015,0.3381113447219042,0.001,1000.0,0.1,0.0012489295823494,0.0411949945796614,33811.13447219042,0.012489295823494,0.0424213721089798,colebrook
moody_eps1.25e-02_Re3.95e+04,32.344650026907864,0.3990273622806628,0.001,1000.0,0.1,0.0012489295823494,0.0406281546921454,39902.73622806628,0.012489295823494,0.0422003208126237,colebrook
moody_eps1.25e-02_Re4.50e+04,40.29775561778184,0.4471689319843464,0.001,1000.0,0.1,0.0012489295823494,0.0403058059504098,44716.89319843464,0.012489295823494,0.0420669720642045,colebrook
moody_eps1.25e-02_Re5.11e+04,58.67507205509399,0.5302618766418177,0.001,1000.0,0.1,0.0012489295823494,0.0417352306794715,53026.18766418176,0.012489295823494,0.0418923273753017,colebrook
moody_eps1.25e-02_Re5.81e+04,70.24033595237013,0.5774293099216176,0.001,1000.0,0.1,0.0012489295823494,0.0421326646421504,57742.93099216176,0.012489295823494,0.0418150270822184,colebrook
moody_eps1.25e-02_Re6.61e+04,85.34899634950733,0.6528602524320971,0.001,1000.0,0.1,0.0012489295823494,0.0400486569962812,65286.02524320971,0.012489295823494,0.0417141309659617,colebrook
moody_eps1.25e-02_Re7.52e+04,119.41574769893435,0.7410117018114037,0.001,1000.0,0.1,0.0012489295823494,0.0434952133404103,74101.17018114038,0.012489295823494,0.0416217602935713,colebrook
moody_eps1.25e-02_Re8.55e+04,159.7009881263677,0.8622514701087386,0.001,1000.0,0.1,0.0012489295823494,0.0429605380496758,86225.14701087386,0.012489295823494,0.0415250654713081,colebrook
moody_eps1.25e-02_Re9.72e+04,229.0437172792681,1.0475858334967645,0.001,1000.0,0.1,0.0012489295823494,0.0417416051390132,104758.58334967642,0.012489295823494,0.041419921985158,colebrook
moody_eps1.25e-02_Re1.10e+05,259.80894670651026,1.098997704815727,0.001,1000.0,0.1,0.0012489295823494,0.0430219931752609,109899.77048157266,0.012489295823494,0.0413969563779822,colebrook
moody_eps1.25e-02_Re1.26e+05,317.68549086170447,1.2591211139739311,0.001,1000.0,0.1,0.0012489295823494,0.0400767377709302,125912.1113973931,0.012489295823494,0.0413373085849711,colebrook
moody_eps1.25e-02_Re1.43e+05,381.09510516999376,1.372760420194794,0.001,1000.0,0.1,0.0012489295823494,0.0404458408261583,137276.0420194794,0.012489295823494,0.041303329673365,colebrook
moody_eps1.25e-02_Re1.62e+05,547.0003851158492,1.6370360358910576,0.001,1000.0,0.1,0.0012489295823494,0.0408226457776309,163703.60358910577,0.012489295823494,0.0412423892918996,colebrook
moody_eps1.25e-02_Re1.85e+05,663.1413896662506,1.82580587941208,0.001,1000.0,0.1,0.0012489295823494,0.039785693098367,182580.587941208,0.012489295823494,0.0412095746666072,colebrook
moody_eps1.25e-02_Re2.10e+05,883.9597365374025,2.0698318916644864,0.001,1000.0,0.1,0.0012489295823494,0.0412659959333822,206983.18916644863,0.012489295823494,0.0411759615906139,colebrook
moody_eps1.25e-02_Re2.39e+05,1025.42525804644,2.2605557042230244,0.001,1000.0,0.1,0.0012489295823494,0.0401331806272033,226055.5704223024,0.012489295823494,0.0411547100727642,colebrook
moody_eps1.25e-02_Re2.72e+05,1782.8627976014009,2.897019804680229,0.001,1000.0,0.1,0.0012489295823494,0.0424859163957481,289701.98046802287,0.012489295823494,0.0411039376122875,colebrook
moody_eps1.25e-02_Re3.09e+05,1989.7603714511756,3.209599333832746,0.001,1000.0,0.1,0.0012489295823494,0.0386303933534345,320959.93338327465,0.012489295823494,0.0410863413054557,colebrook
moody_eps1.25e-02_Re3.51e+05,2547.585336769238,3.4968252114364478,0.001,1000.0,0.1,0.0012489295823494,0.0416687897585817,349682.5211436448,0.012489295823494,0.0410729339053116,colebrook
moody_eps1.25e-02_Re3.99e+05,3346.231992325895,3.985391061037316,0.001,1000.0,0.1,0.0012489295823494,0.0421351125149091,398539.1061037316,0.012489295823494,0.0410545509005518,colebrook
moody_eps1.25e-02_Re4.54e+05,4404.710336034558,4.593279124455796,0.001,1000.0,0.1,0.0012489295823494,0.0417543449010787,459327.9124455796,0.012489295823494,0.0410371203670881,colebrook
moody_eps1.25e-02_Re5.16e+05,5518.282697371131,5.3235587452044,0.001,1000.0,0.1,0.0012489295823494,0.0389430389718078,532355.87452044,0.012489295823494,0.0410214292149411,colebrook
moody_eps1.25e-02_Re5.87e+05,6961.142064799884,5.929609671233632,0.001,1000.0,0.1,0.0012489295823494,0.0395966350422401,592960.9671233632,0.012489295823494,0.0410113345778049,colebrook
moody_eps1.25e-02_Re6.67e+05,9748.685136671951,6.761435771361863,0.001,1000.0,0.1,0.0012489295823494,0.0426479524787974,676143.5771361863,0.012489295823494,0.0410004192316676,colebrook
moody_eps1.25e-02_Re7.59e+05,11195.30029637516,7.569455515878094,0.001,1000.0,0.1,0.0012489295823494,0.0390783718293151,756945.5515878093,0.012489295823494,0.0409921087405752,colebrook
moody_eps1.25e-02_Re8.63e+05,14030.54988141164,8.28010783057342,0.001,1000.0,0.1,0.0012489295823494,0.0409291478459119,828010.7830573419,0.012489295823494,0.0409861378115983,colebrook
moody_eps1.25e-02_Re9.81e+05,19923.74875059505,9.626658048724668,0.001,1000.0,0.1,0.0012489295823494,0.0429981688975425,962665.8048724668,0.012489295823494,0.0409772379994259,colebrook
moody_eps1.25e-02_Re1.12e+06,26472.38515399117,11.057593365952233,0.001,1000.0,0.1,0.0012489295823494,0.0433013900708116,1105759.3365952233,0.012489295823494,0.0409701528007694,colebrook
moody_eps1.25e-02_Re1.27e+06,31852.853090920053,12.679661261927166,0.001,1000.0,0.1,0.0012489295823494,0.0396244303060874,1267966.1261927164,0.012489295823494,0.0409640527614098,colebrook
moody_eps1.25e-02_Re1.44e+06,48264.46200043193,15.42051078987608,0.001,1000.0,0.1,0.0012489295823494,0.040593822283306,1542051.078987608,0.012489295823494,0.0409566587820031,colebrook
moody_eps1.25e-02_Re1.64e+06,62980.35622771259,17.15241697671245,0.001,1000.0,0.1,0.0012489295823494,0.0428138671041001,1715241.6976712449,0.012489295823494,0.0409532038897589,colebrook
moody_eps1.25e-02_Re1.86e+06,72057.4379251723,18.564533587970928,0.001,1000.0,0.1,0.0012489295823494,0.0418158305132145,1856453.3587970927,0.012489295823494,0.0409508636118639,colebrook
moody_eps1.25e-02_Re2.12e+06,101820.87169038484,21.840763657718867,0.001,1000.0,0.1,0.0012489295823494,0.0426904927628982,2184076.3657718864,0.012489295823494,0.040946598692201,colebrook
moody_eps1.25e-02_Re2.41e+06,113424.40516243783,23.92111292298924,0.001,1000.0,0.1,0.0012489295823494,0.0396436600721176,2392111.292298924,0.012489295823494,0.040944496586647,colebrook
moody_eps1.25e-02_Re2.74e+06,167980.3664855166,28.39154939791872,0.001,1000.0,0.1,0.0012489295823494,0.041678332273389,2839154.939791872,0.012489295823494,0.040941021094916,colebrook
moody_eps1.25e-02_Re3.12e+06,183714.2995532562,29.48016746457379,0.001,1000.0,0.1,0.0012489295823494,0.0422778666377514,2948016.746457379,0.012489295823494,0.040940334271558,colebrook
moody_eps1.25e-02_Re3.54e+06,234303.48856570592,34.012428169429064,0.001,1000.0,0.1,0.0012489295823494,0.0405073166906134,3401242.816942906,0.012489295823494,0.0409379471524878,colebrook
moody_eps1.25e-02_Re4.03e+06,318311.82249737874,39.59910548094476,0.001,1000.0,0.1,0.0012489295823494,0.040598689367188,3959910.548094476,0.012489295823494,0.0409357562941912,colebrook
moody_eps1.25e-02_Re4.58e+06,417290.88223734096,45.78754150624059,0.001,1000.0,0.1,0.0012489295823494,0.0398083558121587,4578754.150624059,0.012489295823494,0.0409339533528703,colebrook
moody_eps1.25e-02_Re5.21e+06,601254.4777899507,53.74541595267497,0.001,1000.0,0.1,0.0012489295823494,0.0416299091077469,5374541.595267496,0.012489295823494,0.040932244969272,colebrook
moody_eps1.25e-02_Re5.93e+06,776093.8628843427,60.41047118370244,0.001,1000.0,0.1,0.0012489295823494,0.0425323910914379,6041047.118370243,0.012489295823494,0.040931160388479,colebrook
moody_eps1.25e-02_Re6.74e+06,1008588.115674908,69.98171381664909,0.001,1000.0,0.1,0.0012489295823494,0.0411883784317992,6998171.3816649085,0.012489295823494,0.0409299641666824,colebrook
moody_eps1.25e-02_Re7.66e+06,1195238.3351920713,77.06888097713717,0.001,1000.0,0.1,0.0012489295823494,0.0402463410629247,7706888.097713716,0.012489295823494,0.0409292698257742,colebrook
moody_eps1.25e-02_Re8.71e+06,1577988.2229991262,88.19675142901195,0.001,1000.0,0.1,0.0012489295823494,0.0405722016530558,8819675.142901195,0.012489295823494,0.0409284047313252,colebrook
moody_eps1.25e-02_Re9.90e+06,1834274.6621553383,94.02761161521865,0.001,1000.0,0.1,0.0012489295823494,0.0414938328415344,9402761.161521863,0.012489295823494,0.0409280331763102,colebrook
moody_eps1.25e-02_Re1.13e+07,2552323.51440314,109.21479807161,0.001,1000.0,0.1,0.0012489295823494,0.0427959570523811,10921479.807161,0.012489295823494,0.0409272516325968,colebrook
moody_eps1.25e-02_Re1.28e+07,3838350.003285044,135.40248154576162,0.001,1000.0,0.1,0.0012489295823494,0.0418717701946116,13540248.154576162,0.012489295823494,0.0409263157460946,colebrook
moody_eps1.25e-02_Re1.46e+07,4089732.630194376,141.16757768873987,0.001,1000.0,0.1,0.0012489295823494,0.0410445016431938,14116757.768873988,0.012489295823494,0.0409261563444459,colebrook
moody_eps1.25e-02_Re1.66e+07,5162257.276297858,160.62212012839086,0.001,1000.0,0.1,0.0012489295823494,0.0400183273672266,16062212.012839084,0.012489295823494,0.040925702887382,colebrook
moody_eps1.25e-02_Re1.88e+07,6848789.322140217,183.27213414518835,0.001,1000.0,0.1,0.0012489295823494,0.0407803480828728,18327213.41451884,0.012489295823494,0.0409252962260722,colebrook
moody_eps1.25e-02_Re2.14e+07,9416064.522154376,214.74711653033955,0.001,1000.0,0.1,0.0012489295823494,0.0408361451805761,21474711.653033957,0.012489295823494,0.0409248735397355,colebrook
moody_eps1.25e-02_Re2.43e+07,11982124.557893978,245.7015796215974,0.001,1000.0,0.1,0.0012489295823494,0.0396961079915452,24570157.96215974,0.012489295823494,0.0409245634598485,colebrook
moody_eps1.25e-02_Re2.77e+07,17313576.429479834,286.30494882411404,0.001,1000.0,0.1,0.0012489295823494,0.0422434203015993,28630494.8824114,0.012489295823494,0.0409242583764781,colebrook
moody_eps1.25e-02_Re3.15e+07,19789427.808930885,308.9867097800472,0.001,1000.0,0.1,0.0012489295823494,0.0414556408541756,30898670.97800472,0.012489295823494,0.0409241228553948,colebrook
moody_eps1.25e-02_Re3.58e+07,24588525.37652935,351.0099335535698,0.001,1000.0,0.1,0.0012489295823494,0.0399138540913554,35100993.35535698,0.012489295823494,0.0409239180538893,colebrook
moody_eps1.25e-02_Re4.07e+07,34742870.72362321,406.2514497414917,0.001,1000.0,0.1,0.0012489295823494,0.0421023026091412,40625144.974149175,0.012489295823494,0.0409237132871842,colebrook
moody_eps1.25e-02_Re4.63e+07,43539766.43899897,459.3341955041367,0.001,1000.0,0.1,0.0012489295823494,0.0412722869766597,45933419.55041367,0.012489295823494,0.0409235629237693,colebrook
moody_eps1.25e-02_Re5.26e+07,55368621.6731632,530.7107410194303,0.001,1000.0,0.1,0.0012489295823494,0.039316780995745,53071074.10194303,0.012489295823494,0.0409234081543439,colebrook
moody_eps1.25e-02_Re5.98e+07,59141468.84246184,549.2715189306466,0.001,1000.0,0.1,0.0012489295823494,0.0392055852629223,54927151.89306466,0.012489295823494,0.0409233744977732,colebrook
moody_eps1.25e-02_Re6.80e+07,89099127.44161393,667.916802962376,0.001,1000.0,0.1,0.0012489295823494,0.0399446580869792,66791680.2962376,0.012489295823494,0.0409232035504822,colebrook
moody_eps1.25e-02_Re7.73e+07,109471484.070448,751.6351549446777,0.001,1000.0,0.1,0.0012489295823494,0.0387540265582068,75163515.49446777,0.012489295823494,0.0409231154018387,colebrook
moody_eps1.25e-02_Re8.79e+07,165481678.01906097,885.3222103546992,0.001,1000.0,0.1,0.0012489295823494,0.0422257325342549,88532221.03546992,0.012489295823494,0.0409230092059388,colebrook
moody_eps1.25e-02_Re1.00e+08,225844294.2029894,1041.7873489359872,0.001,1000.0,0.1,0.0012489295823494,0.0416179764493454,104178734.8935987,0.012489295823494,0.0409229195319633,colebrook
moody_eps1.65e-02_Re7.44e+03,1.5039747860710069,0.0759464736612654,0.001,1000.0,0.1,0.0016482548520261,0.0521501214283814,7594.647366126541,0.0164825485202613,0.0504001634956107,colebrook
moody_eps1.65e-02_Re8.46e+03,1.939840064537179,0.086552873532088,0.001,1000.0,0.1,0.0016482548520261,0.0517884530559577,8655.2873532088,0.0164825485202613,0.0498230933288339,colebrook
moody_eps1.65e-02_Re9.62e+03,2.419179476527161,0.0994766651109574,0.001,1000.0,0.1,0.0016482548520261,0.0488940092423558,9947.66651109575,0.0164825485202613,0.0492741773959917,colebrook
moody_eps1.65e-02_Re1.09e+04,2.929929730264337,0.1114227261953641,0.001,1000.0,0.1,0.0016482548520261,0.0471997436467581,11142.27261953642,0.0164825485202613,0.0488723909625566,colebrook
moody_eps1.65e-02_Re1.24e+04,3.5342098617134377,0.1185772488794786,0.001,1000.0,0.1,0.0016482548520261,0.0502712391028171,11857.724887947868,0.0164825485202613,0.0486679896139876,colebrook
moody_eps1.65e-02_Re1.41e+04,4.617265633124232,0.1377469471321304,0.001,1000.0,0.1,0.0016482548520261,0.0486688283542752,13774.694713213048,0.0164825485202613,0.0482189063538986,colebrook
moody_eps1.65e-02_Re1.61e+04,5.946541204036775,0.1575440769259475,0.001,1000.0,0.1,0.0016482548520261,0.0479170715441799,15754.407692594756,0.0164825485202613,0.0478638379509685,colebrook
moody_eps1.65e-02_Re1.83e+04,8.918958483673052,0.190318219138511,0.001,1000.0,0.1,0.0016482548520261,0.0492474114021548,19031.821913851105,0.0164825485202613,0.0474311030459791,colebrook
moody_eps1.65e-02_Re2.08e+04,10.298680898639573,0.2071498369665397,0.001,1000.0,0.1,0.0016482548520261,0.0480001291479607,20714.983696653973,0.0164825485202613,0.0472598331013401,colebrook
moody_eps1.65e-02_Re2.37e+04,13.172623865702707,0.2348958510624018,0.001,1000.0,0.1,0.0016482548520261,0.0477476052608741,23489.585106240185,0.0164825485202613,0.0470290355854573,colebrook
moody_eps1.65e-02_Re2.69e+04,16.419753176675414,0.2611005530735733,0.001,1000.0,0.1,0.0016482548520261,0.0481704869546291,26110.055307357336,0.0164825485202613,0.0468545239453505,colebrook
moody_eps1.65e-02_Re3.06e+04,21.832077370719112,0.3095428942097842,0.001,1000.0,0.1,0.0016482548520261,0.0455704565506243,30954.289420978424,0.0164825485202613,0.0466073736672395,colebrook
moody_eps1.65e-02_Re3.48e+04,29.774075113008752,0.3602301309645237,0.001,1000.0,0.1,0.0016482548520261,0.0458889587474344,36023.01309645237,0.0164825485202613,0.0464180578215315,colebrook
moody_eps1.65e-02_Re3.95e+04,33.48863342055303,0.3802315364708595,0.001,1000.0,0.1,0.0016482548520261,0.0463266772915421,38023.15364708596,0.0164825485202613,0.0463568899270132,colebrook
moody_eps1.65e-02_Re4.50e+04,48.52136585960492,0.4530803112533917,0.001,1000.0,0.1,0.0016482548520261,0.047272942187746,45308.03112533917,0.0164825485202613,0.0461787775480908,colebrook
moody_eps1.65e-02_Re5.11e+04,61.72228827729896,0.5090450459543312,0.001,1000.0,0.1,0.0016482548520261,0.0476386651392255,50904.50459543312,0.0164825485202613,0.0460759004524748,colebrook
moody_eps1.65e-02_Re5.81e+04,77.90615667700534,0.5885697913076107,0.001,1000.0,0.1,0.0016482548520261,0.044978590294139,58856.97913076106,0.0164825485202613,0.0459627959054924,colebrook
moody_eps1.65e-02_Re6.61e+04,103.58939956236806,0.6573980743417205,0.001,1000.0,0.1,0.0016482548520261,0.0479389432339205,65739.80743417205,0.0164825485202613,0.0458866570650213,colebrook
moody_eps1.65e-02_Re7.52e+04,120.65711874100192,0.7119500332765416,0.001,1000.0,0.1,0.0016482548520261,0.0476084362257632,71195.00332765417,0.0164825485202613,0.0458366199421175,colebrook
moody_eps1.65e-02_Re8.55e+04,164.60374691753404,0.8374366256495925,0.001,1000.0,0.1,0.0016482548520261,0.0469424562902387,83743.66256495925,0.0164825485202613,0.0457459624804354,colebrook
moody_eps1.65e-02_Re9.72e+04,215.39571376533803,0.9584091804202346,0.001,1000.0,0.1,0.0016482548520261,0.0468991662760814,95840.91804202346,0.0164825485202613,0.0456807995223032,colebrook
moody_eps1.65e-02_Re1.10e+05,274.7514598754246,1.128286080031228,0.001,1000.0,0.1,0.0016482548520261,0.0431649800006863,112828.6080031228,0.0164825485202613,0.0456126657604499,colebrook
moody_eps1.65e-02_Re1.26e+05,319.5970353382023,1.1916983760874484,0.001,1000.0,0.1,0.0016482548520261,0.0450090703321401,119169.83760874484,0.0164825485202613,0.0455921679667719,colebrook
moody_eps1.65e-02_Re1.43e+05,420.40754980422525,1.3803678430276105,0.001,1000.0,0.1,0.0016482548520261,0.0441276536089127,138036.78430276102,0.0164825485202613,0.0455422343601306,colebrook
moody_eps1.65e-02_Re1.62e+05,619.089941910452,1.6635640131803813,0.001,1000.0,0.1,0.0016482548520261,0.0447408993757553,166356.40131803814,0.0164825485202613,0.045488408860539,colebrook
moody_eps1.65e-02_Re1.85e+05,732.1633394797001,1.8090650903900365,0.001,1000.0,0.1,0.0016482548520261,0.0447434624536556,180906.50903900363,0.0164825485202613,0.0454672695228669,colebrook
moody_eps1.65e-02_Re2.10e+05,921.675859992138,2.031051863684992,0.001,1000.0,0.1,0.0016482548520261,0.0446854547183831,203105.1863684992,0.0164825485202613,0.0454408229699512,colebrook
moody_eps1.65e-02_Re2.39e+05,1290.6259245104338,2.3248295786513515,0.001,1000.0,0.1,0.0016482548520261,0.0477582203648105,232482.95786513516,0.0164825485202613,0.0454135528471549,colebrook
moody_eps1.65e-02_Re2.72e+05,1818.0628203913016,2.8274355294659497,0.001,1000.0,0.1,0.0016482548520261,0.0454834562701359,282743.5529465949,0.0164825485202613,0.0453799896841725,colebrook
moody_eps1.65e-02_Re3.09e+05,2371.089300602058,3.2005617307329537,0.001,1000.0,0.1,0.0016482548520261,0.0462940834699513,320056.1730732954,0.0164825485202613,0.0453618679681862,colebrook
moody_eps1.65e-02_Re3.51e+05,2762.945897683769,3.4921663193576014,0.001,1000.0,0.1,0.0016482548520261,0.0453119275992409,349216.6319357601,0.0164825485202613,0.0453503931133628,colebrook
moody_eps1.65e-02_Re3.99e+05,3766.818291951403,3.974047975333136,0.001,1000.0,0.1,0.0016482548520261,0.0477022050633199,397404.7975333136,0.0164825485202613,0.045335111537976,colebrook
moody_eps1.65e-02_Re4.54e+05,4901.481111999055,4.678160432841143,0.001,1000.0,0.1,0.0016482548520261,0.0447926860483076,467816.0432841143,0.0164825485202613,0.0453184303710374,colebrook
moody_eps1.65e-02_Re5.16e+05,5529.59236409436,5.008630116557415,0.001,1000.0,0.1,0.0016482548520261,0.0440844260841623,500863.01165574143,0.0164825485202613,0.0453122149344184,colebrook
moody_eps1.65e-02_Re5.87e+05,7988.754987145403,5.891454324625129,0.001,1000.0,0.1,0.0016482548520261,0.0460324475817164,589145.4324625129,0.0164825485202613,0.0452990241198409,colebrook
moody_eps1.65e-02_Re6.67e+05,10022.380604237109,6.740254421859885,0.001,1000.0,0.1,0.0016482548520261,0.0441213006913029,674025.4421859884,0.0164825485202613,0.0452895947151053,colebrook
moody_eps1.65e-02_Re7.59e+05,13536.84845903624,7.639162523063698,0.001,1000.0,0.1,0.0016482548520261,0.0463933852394001,763916.2523063697,0.0164825485202613,0.0452818900832775,colebrook
moody_eps1.65e-02_Re8.63e+05,14437.49813617078,8.114520702586846,0.001,1000.0,0.1,0.0016482548520261,0.0438526852263886,811452.0702586846,0.0164825485202613,0.0452785048534469,colebrook
moody_eps1.65e-02_Re9.81e+05,20097.6551867736,9.496546612008949,0.001,1000.0,0.1,0.0016482548520261,0.0445701379215325,949654.6612008949,0.0164825485202613,0.045270585624597,colebrook
moody_eps1.65e-02_Re1.12e+06,27162.196531182155,11.082158182594796,0.001,1000.0,0.1,0.0016482548520261,0.0442329794107883,1108215.8182594797,0.0164825485202613,0.0452639305010034,colebrook
moody_eps1.65e-02_Re1.27e+06,33489.92778883385,12.686444330301244,0.001,1000.0,0.1,0.0016482548520261,0.0416163867289312,1268644.4330301243,0.0164825485202613,0.0452588886426391,colebrook
moody_eps1.65e-02_Re1.44e+06,46186.633206371866,14.472501573961967,0.001,1000.0,0.1,0.0016482548520261,0.044102081760102,1447250.1573961966,0.0164825485202613,0.0452545894813994,colebrook
moody_eps1.65e-02_Re1.64e+06,64072.67233928151,17.24059979485987,0.001,1000.0,0.1,0.0016482548520261,0.0431119922117426,1724059.979485987,0.0164825485202613,0.0452496854326355,colebrook
moody_eps1.65e-02_Re1.86e+06,70640.50707749379,17.916940913206023,0.001,1000.0,0.1,0.0016482548520261,0.0440104775250189,1791694.0913206025,0.0164825485202613,0.0452487174201445,colebrook
moody_eps1.65e-02_Re2.12e+06,104675.67043311655,21.979239182607465,0.001,1000.0,0.1,0.0016482548520261,0.0433361610532792,2197923.918260746,0.0164825485202613,0.0452441561560702,colebrook
moody_eps1.65e-02_Re2.41e+06,136765.3911591989,24.19559366839225,0.001,1000.0,0.1,0.0016482548520261,0.0467233143911874,2419559.3668392254,0.0164825485202613,0.0452423130598622,colebrook
moody_eps1.65e-02_Re2.74e+06,165249.98720343813,27.603259981252123,0.001,1000.0,0.1,0.0016482548520261,0.0433761176820376,2760325.9981252123,0.0164825485202613,0.0452400564237843,colebrook
moody_eps1.65e-02_Re3.12e+06,217952.8435007152,31.10193790664156,0.001,1000.0,0.1,0.0016482548520261,0.0450627441477857,3110193.7906641555,0.0164825485202613,0.045238253820145,colebrook
moody_eps1.65e-02_Re3.54e+06,271356.3402232461,35.054930325435926,0.001,1000.0,0.1,0.0016482548520261,0.0441643407942155,3505493.0325435926,0.0164825485202613,0.0452366499485376,colebrook
moody_eps1.65e-02_Re4.03e+06,384530.2504588792,41.103927278048126,0.001,1000.0,0.1,0.0016482548520261,0.0455191212485828,4110392.727804812,0.0164825485202613,0.0452347927096506,colebrook
moody_eps1.65e-02_Re4.58e+06,516802.4316483105,47.18279479729544,0.001,1000.0,0.1,0.0016482548520261,0.0464287744457256,4718279.479729543,0.0164825485202613,0.0452334059318381,colebrook
moody_eps1.65e-02_Re5.21e+06,574773.1059702481,50.87033614449632,0.001,1000.0,0.1,0.0016482548520261,0.0444219091789525,5087033.614449632,0.0164825485202613,0.0452327261622925,colebrook
moody_eps1.65e-02_Re5.93e+06,826682.4565287739,62.48606456074516,0.001,1000.0,0.1,0.0016482548520261,0.0423450227568762,6248606.456074515,0.0164825485202613,0.0452311092142285,colebrook
moody_eps1.65e-02_Re6.74e+06,1163561.3037609053,70.03124548694353,0.001,1000.0,0.1,0.0016482548520261,0.0474499287692992,7003124.548694353,0.0164825485202613,0.0452303462270379,colebrook
moody_eps1.65e-02_Re7.66e+06,1352417.7413273489,76.65171047505584,0.001,1000.0,0.1,0.0016482548520261,0.0460359546851025,7665171.047505585,0.0164825485202613,0.045229800455016,colebrook
moody_eps1.65e-02_Re8.71e+06,2011622.8794128792,95.50413862989866,0.001,1000.0,0.1,0.0016482548520261,0.0441095044018019,9550413.862989863,0.0164825485202613,0.0452286607890398,colebrook
moody_eps1.65e-02_Re9.90e+06,2420399.629296947,102.5040511873028,0.001,1000.0,0.1,0.0016482548520261,0.0460717823002747,10250405.11873028,0.0164825485202613,0.0452283443433751,colebrook
moody_eps1.65e-02_Re1.13e+07,2872938.223704781,110.95317702893146,0.001,1000.0,0.1,0.0016482548520261,0.0466741909427609,11095317.702893144,0.0164825485202613,0.0452280155617035,colebrook
moody_eps1.65e-02_Re1.28e+07,3824520.379842563,131.0593983403633,0.001,1000.0,0.1,0.0016482548520261,0.0445318395259196,13105939.834036328,0.0164825485202613,0.0452274036213319,colebrook
moody_eps1.65e-02_Re1.46e+07,5107775.920629028,151.31250357536612,0.001,1000.0,0.1,0.0016482548520261,0.0446182156265835,15131250.357536614,0.0164825485202613,0.0452269516129751,colebrook
moody_eps1.65e-02_Re1.66e+07,6253883.9923165655,165.51178863515642,0.001,1000.0,0.1,0.0016482548520261,0.0456585329004608,16551178.86351564,0.0164825485202613,0.0452267006740643,colebrook
moody_eps1.65e-02_Re1.88e+07,9314985.497517176,198.78279454238245,0.001,1000.0,0.1,0.0016482548520261,0.0471470577332191,19878279.454238243,0.0164825485202613,0.0452262530938414,colebrook
moody_eps1.65e-02_Re2.14e+07,10907702.29734205,220.43220625700556,0.001,1000.0,0.1,0.0016482548520261,0.0448965714439173,22043220.625700552,0.0164825485202613,0.0452260344123635,colebrook
moody_eps1.65e-02_Re2.43e+07,13612204.951938763,251.80203726978908,0.001,1000.0,0.1,0.0016482548520261,0.0429378204857349,25180203.726978905,0.0164825485202613,0.0452257842611583,colebrook
moody_eps1.65e-02_Re2.77e+07,17018047.22439069,269.9700415472465,0.001,1000.0,0.1,0.0016482548520261,0.0466991067321798,26997004.154724654,0.0164825485202613,0.0452256659676201,colebrook
moody_eps1.65e-02_Re3.15e+07,24638067.89224255,322.50730227547507,0.001,1000.0,0.1,0.0016482548520261,0.0473759070914584,32250730.227547508,0.0164825485202613,0.0452253988853899,colebrook
moody_eps1.65e-02_Re3.58e+07,31680872.08631207,375.1367444511041,0.001,1000.0,0.1,0.0016482548520261,0.0450243978518845,37513674.4451104,0.0164825485202613,0.0452252063382047,colebrook
moody_eps1.65e-02_Re4.07e+07,33530943.684259277,393.6793141814648,0.001,1000.0,0.1,0.0016482548520261,0.0432703672288798,39367931.41814647,0.0164825485202613,0.045225150763404,colebrook
moody_eps1.65e-02_Re4.63e+07,50724705.88430407,469.94711470971487,0.001,1000.0,0.1,0.0016482548520261,0.0459358289644876,46994711.47097149,0.0164825485202613,0.0452249682930329,colebrook
moody_eps1.65e-02_Re5.26e+07,71505028.29622939,564.0213560037255,0.001,1000.0,0.1,0.0016482548520261,0.0449547391300389,56402135.60037255,0.0164825485202613,0.0452248111943648,colebrook
moody_eps1.65e-02_Re5.98e+07,91893856.20298795,615.7142606111056,0.001,1000.0,0.1,0.0016482548520261,0.0484794905401252,61571426.06111056,0.0164825485202613,0.0452247453065882,colebrook
moody_eps1.65e-02_Re6.80e+07,118449450.29726684,698.5303914862506,0.001,1000.0,0.1,0.0016482548520261,0.048550357610826,69853039.14862506,0.0164825485202613,0.0452246600749774,colebrook
moody_eps1.65e-02_Re7.73e+07,143190205.48451197,803.8070251273668,0.001,1000.0,0.1,0.0016482548520261,0.0443240782516828,80380702.51273668,0.0164825485202613,0.0452245770809295,colebrook
moody_eps1.65e-02_Re8.79e+07,163468135.95081326,847.8284426482326,0.001,1000.0,0.1,0.0016482548520261,0.0454827946766461,84782844.26482326,0.0164825485202613,0.0452245484880768,colebrook
moody_eps1.65e-02_Re1.00e+08,237562546.61053592,1029.7717296762642,0.001,1000.0,0.1,0.0016482548520261,0.044804954216922,102977172.9676264,0.0164825485202613,0.0452244562433363,colebrook
moody_eps2.18e-02_Re7.44e+03,1.4667820789492232,0.073563062349308,0.001,1000.0,0.1,0.0021752579934227,0.0542095735103086,7356.306234930808,0.0217525799342277,0.0548686471910275,colebrook
moody_eps2.18e-02_Re8.46e+03,1.9794346886185643,0.0853829917436481,0.001,1000.0,0.1,0.0021752579934227,0.0543035768389182,8538.299174364818,0.0217525799342277,0.0542727084419704,colebrook
moody_eps2.18e-02_Re9.62e+03,2.8622403847859013,0.1035620794958273,0.001,1000.0,0.1,0.0021752579934227,0.0533745929585149,10356.207949582733,0.0217525799342277,0.0536072176419413,colebrook
moody_eps2.18e-02_Re1.09e+04,3.2305162840314474,0.1090299715677592,0.001,1000.0,0.1,0.0021752579934227,0.0543513245688091,10902.997156775924,0.0217525799342277,0.0534481540592211,colebrook
moody_eps2.18e-02_Re1.24e+04,4.331896101078557,0.1286618024788998,0.001,1000.0,0.1,0.0021752579934227,0.052336992745011,12866.18024788998,0.0217525799342277,0.0529832700962127,colebrook
moody_eps2.18e-02_Re1.41e+04,5.061908937457488,0.1383775321235961,0.001,1000.0,0.1,0.0021752579934227,0.0528704688579641,13837.75321235961,0.0217525799342277,0.0527998372016581,colebrook
moody_eps2.18e-02_Re1.61e+04,6.857819175514675,0.1618464651270687,0.001,1000.0,0.1,0.0021752579934227,0.0523611996768642,16184.646512706877,0.0217525799342277,0.0524440683339397,colebrook
moody_eps2.18e-02_Re1.83e+04,9.930194982029288,0.193414052241898,0.001,1000.0,0.1,0.0021752579934227,0.0530898775630309,19341.40522418981,0.0217525799342277,0.0520971681985181,colebrook
moody_eps2.18e-02_Re2.08e+04,12.59129604682164,0.2164344665734864,0.001,1000.0,0.1,0.0021752579934227,0.0537585550050006,21643.44665734864,0.0217525799342277,0.0519060585073321,colebrook
moody_eps2.18e-02_Re2.37e+04,12.974273291458507,0.2259737791982707,0.001,1000.0,0.1,0.0021752579934227,0.0508155861782389,22597.377919827075,0.0217525799342277,0.0518379393824452,colebrook
moody_eps2.18e-02_Re2.69e+04,18.50404867853635,0.2674907127265847,0.001,1000.0,0.1,0.0021752579934227,0.0517224802065824,26749.071272658475,0.0217525799342277,0.0515966267465227,colebrook
moody_eps2.18e-02_Re3.06e+04,23.763021050176736,0.3080445715679963,0.001,1000.0,0.1,0.0021752579934227,0.0500846367689248,30804.457156799635,0.0217525799342277,0.0514223134778553,colebrook
moody_eps2.18e-02_Re3.48e+04,31.010074360218816,0.3529155322142814,0.001,1000.0,0.1,0.0021752579934227,0.0497956330788945,35291.55322142814,0.0217525799342277,0.0512752079593877,colebrook
moody_eps2.18e-02_Re3.95e+04,43.2441090247989,0.4028632211439147,0.001,1000.0,0.1,0.0021752579934227,0.0532895076232105,40286.32211439147,0.0217525799342277,0.0511493251942592,colebrook
moody_eps2.18e-02_Re4.50e+04,52.92933043467514,0.4532746864041556,0.001,1000.0,0.1,0.0021752579934227,0.0515232753631351,45327.46864041556,0.0217525799342277,0.0510499624644936,colebrook
moody_eps2.18e-02_Re5.11e+04,76.54873657706234,0.5472402514901112,0.001,1000.0,0.1,0.0021752579934227,0.0511224848838543,54724.02514901112,0.0217525799342277,0.0509129745930205,colebrook
moody_eps2.18e-02_Re5.81e+04,80.41010934622747,0.5698166682851301,0.001,1000.0,0.1,0.0021752579934227,0.0495302306288844,56981.66682851301,0.0217525799342277,0.0508867076445019,colebrook
moody_eps2.18e-02_Re6.61e+04,108.96712627303434,0.6510045569815933,0.001,1000.0,0.1,0.0021752579934227,0.0514230031337568,65100.45569815934,0.0217525799342277,0.0508071357132946,colebrook
moody_eps2.18e-02_Re7.52e+04,141.73356203994467,0.7369352012897911,0.001,1000.0,0.1,0.0021752579934227,0.0521968258126731,73693.5201289791,0.0217525799342277,0.0507418248475894,colebrook
moody_eps2.18e-02_Re8.55e+04,172.61382052538644,0.839513765015883,0.001,1000.0,0.1,0.0021752579934227,0.0489835117903443,83951.3765015883,0.0217525799342277,0.0506812139015203,colebrook
moody_eps2.18e-02_Re9.72e+04,233.7260940029267,0.9551190686904732,0.001,1000.0,0.1,0.0021752579934227,0.051241539060743,95511.9068690473,0.0217525799342277,0.0506283890461418,colebrook
moody_eps2.18e-02_Re1.10e+05,309.05195138765345,1.09689627827071,0.001,1000.0,0.1,0.0021752579934227,0.0513724596733071,109689.62782707102,0.0217525799342277,0.0505787035149737,colebrook
moody_eps2.18e-02_Re1.26e+05,436.7094705277808,1.275841833296909,0.001,1000.0,0.1,0.0021752579934227,0.0536573141220788,127584.1833296909,0.0217525799342277,0.050531664650053,colebrook
moody_eps2.18e-02_Re1.43e+05,583.8015102422156,1.511369246830936,0.001,1000.0,0.1,0.0021752579934227,0.0511156688359528,151136.92468309362,0.0217525799342277,0.0504866468071734,colebrook
moody_eps2.18e-02_Re1.62e+05,710.2455349092065,1.6716372880183998,0.001,1000.0,0.1,0.0021752579934227,0.0508340144030396,167163.72880183998,0.0217525799342277,0.0504632341965803,colebrook
moody_eps2.18e-02_Re1.85e+05,851.4776897639649,1.8115747415911905,0.001,1000.0,0.1,0.0021752579934227,0.051890846479918,181157.47415911904,0.0217525799342277,0.0504461651413236,colebrook
moody_eps2.18e-02_Re2.10e+05,1115.158001878072,2.006565087715336,0.001,1000.0,0.1,0.0021752579934227,0.0553936391225142,200656.5087715336,0.0217525799342277,0.0504263359833664,colebrook
moody_eps2.18e-02_Re2.39e+05,1372.0254161013368,2.351953908320446,0.001,1000.0,0.1,0.0021752579934227,0.0496060377152021,235195.3908320446,0.0217525799342277,0.0503992563490007,colebrook
moody_eps2.18e-02_Re2.72e+05,1805.8997385608195,2.6967114143977926,0.001,1000.0,0.1,0.0021752579934227,0.0496654853594703,269671.14143977925,0.0217525799342277,0.0503791243891264,colebrook
moody_eps2.18e-02_Re3.09e+05,2218.895326396159,2.897631219242065,0.001,1000.0,0.1,0.0021752579934227,0.0528543318177618,289763.1219242065,0.0217525799342277,0.0503695954566769,colebrook
moody_eps2.18e-02_Re3.51e+05,2846.8206066077896,3.418354053599572,0.001,1000.0,0.1,0.0021752579934227,0.0487254671477662,341835.40535995713,0.0217525799342277,0.0503501013410312,colebrook
moody_eps2.18e-02_Re3.99e+05,3894.225946799156,3.910225766199275,0.001,1000.0,0.1,0.0021752579934227,0.0509386552280242,391022.57661992754,0.0217525799342277,0.0503364465548911,colebrook
moody_eps2.18e-02_Re4.54e+05,5634.670325206071,4.712295172762981,0.001,1000.0,0.1,0.0021752579934227,0.0507497064240302,471229.5172762981,0.0217525799342277,0.050320284559786,colebrook
moody_eps2.18e-02_Re5.16e+05,7776.680300375653,5.454549084929165,0.001,1000.0,0.1,0.0021752579934227,0.0522765035428986,545454.9084929165,0.0217525799342277,0.0503095565786834,colebrook
moody_eps2.18e-02_Re5.87e+05,8364.615274111804,5.854235389977728,0.001,1000.0,0.1,0.0021752579934227,0.0488130117945737,585423.5389977727,0.0217525799342277,0.0503049051740112,colebrook
moody_eps2.18e-02_Re6.67e+05,11891.316863418902,6.8667824700586575,0.001,1000.0,0.1,0.0021752579934227,0.0504374786062348,686678.2470058657,0.0217525799342277,0.0502955422699995,colebrook
moody_eps2.18e-02_Re7.59e+05,15089.183791389378,7.674151247147392,0.001,1000.0,0.1,0.0021752579934227,0.0512430575887253,767415.1247147393,0.0217525799342277,0.050289845333102,colebrook
moody_eps2.18e-02_Re8.63e+05,18787.123640091075,8.684496234532128,0.001,1000.0,0.1,0.0021752579934227,0.0498196906822795,868449.6234532129,0.0217525799342277,0.0502842070235779,colebrook
moody_eps2.18e-02_Re9.81e+05,23923.760016905417,9.543115222480994,0.001,1000.0,0.1,0.0021752579934227,0.0525386728340274,954311.5222480992,0.0217525799342277,0.0502803530868219,colebrook
moody_eps2.18e-02_Re1.12e+06,33121.07738081285,11.364248171867793,0.001,1000.0,0.1,0.0021752579934227,0.0512924014227657,1136424.817186779,0.0217525799342277,0.0502741051041855,colebrook
moody_eps2.18e-02_Re1.27e+06,39759.63100075515,12.447542433068044,0.001,1000.0,0.1,0.0021752579934227,0.0513221817056499,1244754.2433068044,0.0217525799342277,0.0502712551862196,colebrook
moody_eps2.18e-02_Re1.44e+06,48335.734831450725,14.019191534803012,0.001,1000.0,0.1,0.0021752579934227,0.0491872319012923,1401919.1534803011,0.0217525799342277,0.0502679031044017,colebrook
moody_eps2.18e-02_Re1.64e+06,78693.35739498782,17.168950971716733,0.001,1000.0,0.1,0.0021752579934227,0.0533925360234045,1716895.097171673,0.0217525799342277,0.05026303175047,colebrook
moody_eps2.18e-02_Re1.86e+06,86964.37562095899,19.13392664857901,0.001,1000.0,0.1,0.0021752579934227,0.0475076085567363,1913392.6648579007,0.0217525799342277,0.0502608047939914,colebrook
moody_eps2.18e-02_Re2.12e+06,113382.47606116575,21.57708074770359,0.001,1000.0,0.1,0.0021752579934227,0.0487069078063468,2157708.074770359,0.0217525799342277,0.0502586013802535,colebrook
moody_eps2.18e-02_Re2.41e+06,159162.07995988603,24.62592900051532,0.001,1000.0,0.1,0.0021752579934227,0.0524909406609186,2462592.9000515314,0.0217525799342277,0.0502564647407756,colebrook
moody_eps2.18e-02_Re2.74e+06,177845.37378878918,27.322442784007173,0.001,1000.0,0.1,0.0021752579934227,0.0476467758097123,2732244.278400717,0.0217525799342277,0.0502549722774661,colebrook
moody_eps2.18e-02_Re3.12e+06,232299.98375275463,30.899649071788687,0.001,1000.0,0.1,0.0021752579934227,0.048659997330994,3089964.9071788685,0.0217525799342277,0.0502533942610754,colebrook
moody_eps2.18e-02_Re3.54e+06,309754.2653243134,35.350557225215056,0.001,1000.0,0.1,0.0021752579934227,0.0495740914054878,3535055.722521506,0.0217525799342277,0.0502518766269803,colebrook
moody_eps2.18e-02_Re4.03e+06,417251.763545501,42.16990109408656,0.001,1000.0,0.1,0.0021752579934227,0.0469270238488695,4216990.109408655,0.0217525799342277,0.0502501727400144,colebrook
moody_eps2.18e-02_Re4.58e+06,500168.7295543511,44.89957137523343,0.001,1000.0,0.1,0.0021752579934227,0.049620614889922,4489957.137523343,0.0217525799342277,0.0502496357298903,colebrook
moody_eps2.18e-02_Re5.21e+06,651653.5720098601,51.025772877894745,0.001,1000.0,0.1,0.0021752579934227,0.0500573197963742,5102577.287789474,0.0217525799342277,0.050248639658998,colebrook
moody_eps2.18e-02_Re5.93e+06,953658.6502728184,59.92687434957269,0.001,1000.0,0.1,0.0021752579934227,0.0531104150253327,5992687.434957269,0.0217525799342277,0.050247555278039,colebrook
moody_eps2.18e-02_Re6.74e+06,1075168.3216717287,67.33130576847516,0.001,1000.0,0.1,0.0021752579934227,0.0474321031593169,6733130.576847517,0.0217525799342277,0.0502468716526237,colebrook
moody_eps2.18e-02_Re7.66e+06,1441680.6563344172,76.23688612160767,0.001,1000.0,0.1,0.0021752579934227,0.0496099476063967,7623688.6121607665,0.0217525799342277,0.0502462253185166,colebrook
moody_eps2.18e-02_Re8.71e+06,2002725.714366647,89.62925108835663,0.001,1000.0,0.1,0.0021752579934227,0.0498599610017603,8962925.108835664,0.0217525799342277,0.0502454951355547,colebrook
moody_eps2.18e-02_Re9.90e+06,2546315.3498639977,102.856558054889,0.001,1000.0,0.1,0.0021752579934227,0.0481369100803269,10285655.8054889,0.0217525799342277,0.0502449605831144,colebrook
moody_eps2.18e-02_Re1.13e+07,2821473.4287487045,105.10805639653248,0.001,1000.0,0.1,0.0021752579934227,0.0510780077285685,10510805.639653249,0.0217525799342277,0.0502448829924004,colebrook
moody_eps2.18e-02_Re1.28e+07,4345610.549745992,132.79632360919203,0.001,1000.0,0.1,0.0021752579934227,0.0492843115450949,13279632.360919202,0.0217525799342277,0.0502441439197542,colebrook
moody_eps2.18e-02_Re1.46e+07,5446966.996413419,147.8311014829765,0.001,1000.0,0.1,0.0021752579934227,0.0498486170143604,14783110.148297649,0.0217525799342277,0.0502438585764302,colebrook
moody_eps2.18e-02_Re1.66e+07,8025827.150523799,176.0781765049353,0.001,1000.0,0.1,0.0021752579934227,0.0517736441061221,17607817.65049353,0.0217525799342277,0.0502434542511768,colebrook
moody_eps2.18e-02_Re1.88e+07,9112095.265180882,189.92210943348783,0.001,1000.0,0.1,0.0021752579934227,0.0505239383661919,18992210.943348784,0.0217525799342277,0.0502433000058019,colebrook
moody_eps2.18e-02_Re2.14e+07,12740348.938995918,224.5804524369928,0.001,1000.0,0.1,0.0021752579934227,0.0505204736572769,22458045.24369928,0.0217525799342277,0.0502429972460617,colebrook
moody_eps2.18e-02_Re2.43e+07,15133850.995774295,245.04061368462183,0.001,1000.0,0.1,0.0021752579934227,0.0504084456872472,24504061.368462183,0.0217525799342277,0.0502428587170364,colebrook
moody_eps2.18e-02_Re2.77e+07,21319967.278138574,280.9794033398491,0.001,1000.0,0.1,0.0021752579934227,0.0540091767629851,28097940.333984908,0.0217525799342277,0.0502426642277798,colebrook
moody_eps2.18e-02_Re3.15e+07,25067257.24229521,312.19394743512294,0.001,1000.0,0.1,0.0021752579934227,0.0514384478553679,31219394.74351229,0.0217525799342277,0.0502425316393334,colebrook
moody_eps2.18e-02_Re3.58e+07,30732583.87166769,348.0432593212795,0.001,1000.0,0.1,0.0021752579934227,0.050741420035351,34804325.932127945,0.0217525799342277,0.0502424087050392,colebrook
moody_eps2.18e-02_Re4.07e+07,39459606.53926638,387.0797468829349,0.001,1000.0,0.1,0.0021752579934227,0.0526722474375653,38707974.68829349,0.0217525799342277,0.0502423007385308,colebrook
moody_eps2.18e-02_Re4.63e+07,57237461.10905191,476.5923244511108,0.001,1000.0,0.1,0.0021752579934227,0.0503983443622346,47659232.44511108,0.0217525799342277,0.0502421199415598,colebrook
moody_eps2.18e-02_Re5.26e+07,69041531.60175659,507.3128526540584,0.001,1000.0,0.1,0.0021752579934227,0.0536523417621959,50731285.26540583,0.0217525799342277,0.0502420725978388,colebrook
moody_eps2.18e-02_Re5.98e+07,97299143.58312678,632.7901395735938,0.001,1000.0,0.1,0.0021752579934227,0.0485981354349219,63279013.95735937,0.0217525799342277,0.0502419269554159,colebrook
moody_eps2.18e-02_Re6.80e+07,109303827.43574418,666.1367616715419,0.001,1000.0,0.1,0.0021752579934227,0.0492650085428648,66613676.167154185,0.0217525799342277,0.0502418974780514,colebrook
moody_eps2.18e-02_Re7.73e+07,143595603.52863777,760.1878630507567,0.001,1000.0,0.1,0.0021752579934227,0.0496968973536331,76018786.30507568,0.0217525799342277,0.0502418282725939,colebrook
moody_eps2.18e-02_Re8.79e+07,190110386.40945333,885.7181317095575,0.001,1000.0,0.1,0.0021752579934227,0.0484668472157672,88571813.17095575,0.0217525799342277,0.0502417588031181,colebrook
moody_eps2.18e-02_Re1.00e+08,265922259.96622455,1030.120967468404,0.001,1000.0,0.1,0.0021752579934227,0.0501196736626962,103012096.7468404,0.0217525799342277,0.0502416998298577,colebrook
moody_eps2.87e-02_Re8.46e+03,2.0365492480998024,0.0841335387348844,0.001,1000.0,0.1,0.0028707619650766,0.0575422182777366,8413.353873488448,0.0287076196507664,0.0596791048216722,colebrook
moody_eps2.87e-02_Re9.62e+03,2.6294855814306706,0.094740044934971,0.001,1000.0,0.1,0.0028707619650766,0.0585913651061261,9474.0044934971,0.0287076196507664,0.0593021914858907,colebrook
moody_eps2.87e-02_Re1.09e+04,3.43163294774334,0.1068055347943226,0.001,1000.0,0.1,0.0028707619650766,0.0601649148899084,10680.553479432265,0.0287076196507664,0.0589607368224527,colebrook
moody_eps2.87e-02_Re1.24e+04,3.862421188773872,0.1181200643837668,0.001,1000.0,0.1,0.0028707619650766,0.0553658888535676,11812.006438376682,0.0287076196507664,0.0587015280375136,colebrook
moody_eps2.87e-02_Re1.41e+04,5.166784849644932,0.1322989730500164,0.001,1000.0,0.1,0.0028707619650766,0.0590387871384958,13229.897305001645,0.0287076196507664,0.0584371468278957,colebrook
moody_eps2.87e-02_Re1.61e+04,6.2625067842004265,0.1462234014038376,0.001,1000.0,0.1,0.0028707619650766,0.0585793354833481,14622.340140383762,0.0287076196507664,0.0582258388064052,colebrook
moody_eps2.87e-02_Re1.83e+04,9.82090861254574,0.1847030156450957,0.001,1000.0,0.1,0.0028707619650766,0.0575749663750347,18470.301564509577,0.0287076196507664,0.0578033447737153,colebrook
moody_eps2.87e-02_Re2.08e+04,12.82773475685779,0.2085571126749499,0.001,1000.0,0.1,0.0028707619650766,0.0589834207037023,20855.711267494997,0.0287076196507664,0.0576179129577575,colebrook
moody_eps2.87e-02_Re2.37e+04,15.590022240903147,0.2329608155970404,0.001,1000.0,0.1,0.0028707619650766,0.0574527702413338,23296.08155970404,0.0287076196507664,0.0574666830719168,colebrook
moody_eps2.87e-02_Re2.69e+04,22.965660174580744,0.2848297137320874,0.001,1000.0,0.1,0.0028707619650766,0.0566158905652922,28482.97137320874,0.0287076196507664,0.0572298297401265,colebrook
moody_eps2.87e-02_Re3.06e+04,26.87476498661784,0.3032180798201068,0.001,1000.0,0.1,0.0028707619650766,0.0584607637009837,30321.807982010687,0.0287076196507664,0.0571649967601025,colebrook
moody_eps2.87e-02_Re3.48e+04,35.05300945784334,0.3508479102344149,0.001,1000.0,0.1,0.0028707619650766,0.0569531196075493,35084.79102344149,0.0287076196507664,0.0570282099745085,colebrook
moody_eps2.87e-02_Re3.95e+04,44.18813751156853,0.3978415752953189,0.001,1000.0,0.1,0.0028707619650766,0.0558361365646043,39784.15752953189,0.0287076196507664,0.0569249390061559,colebrook
moody_eps2.87e-02_Re4.50e+04,59.37465293924853,0.4502808395114219,0.001,1000.0,0.1,0.0028707619650766,0.0585685059405886,45028.0839511422,0.0287076196507664,0.0568348587886017,colebrook
moody_eps2.87e-02_Re5.11e+04,72.60663398099649,0.51474388751636,0.001,1000.0,0.1,0.0028707619650766,0.0548054695340862,51474.388751636,0.0287076196507664,0.0567490207714541,colebrook
moody_eps2.87e-02_Re5.81e+04,86.35083354620768,0.5649794928863805,0.001,1000.0,0.1,0.0028707619650766,0.0541042225568637,56497.94928863805,0.0287076196507664,0.0566955833566583,colebrook
moody_eps2.87e-02_Re6.61e+04,129.68999903025852,0.666310099506527,0.001,1000.0,0.1,0.0028707619650766,0.0584229779968825,66631.00995065269,0.0287076196507664,0.0566121213387722,colebrook
moody_eps2.87e-02_Re7.52e+04,160.7957623653055,0.7375893952097243,0.001,1000.0,0.1,0.0028707619650766,0.0591119473648137,73758.93952097243,0.0287076196507664,0.0565670530959224,colebrook
moody_eps2.87e-02_Re8.55e+04,190.7985827401341,0.841506701733961,0.001,1000.0,0.1,0.0028707619650766,0.0538877414807776,84150.67017339611,0.0287076196507664,0.0565149423867595,colebrook
moody_eps2.87e-02_Re9.72e+04,258.8259513710479,0.953437152786334,0.001,1000.0,0.1,0.0028707619650766,0.0569447476031802,95343.7152786334,0.0287076196507664,0.056471450045632,colebrook
moody_eps2.87e-02_Re1.10e+05,346.0099859906224,1.1080433770590954,0.001,1000.0,0.1,0.0028707619650766,0.0563644280050788,110804.33770590954,0.0287076196507664,0.0564257570963337,colebrook
moody_eps2.87e-02_Re1.26e+05,413.6068373031263,1.2035254820521282,0.001,1000.0,0.1,0.0028707619650766,0.0571093379010011,120352.5482052128,0.0287076196507664,0.0564033759078942,colebrook
moody_eps2.87e-02_Re1.43e+05,533.1617600130066,1.403546991954768,0.001,1000.0,0.1,0.0028707619650766,0.0541296318150533,140354.6991954768,0.0287076196507664,0.0563663243351134,colebrook
moody_eps2.87e-02_Re1.62e+05,756.2099420229978,1.6345644103679513,0.001,1000.0,0.1,0.0028707619650766,0.0566067604087888,163456.44103679512,0.0287076196507664,0.0563347789931795,colebrook
moody_eps2.87e-02_Re1.85e+05,1003.0272060358816,1.8968360759822855,0.001,1000.0,0.1,0.0028707619650766,0.055754908419401,189683.60759822855,0.0287076196507664,0.0563082531584295,colebrook
moody_eps2.87e-02_Re2.10e+05,1482.4079996836042,2.2588099795713554,0.001,1000.0,0.1,0.0028707619650766,0.0581083240789861,225880.99795713555,0.0287076196507664,0.0562817370064016,colebrook
moody_eps2.87e-02_Re2.39e+05,1606.5222034619728,2.445945448762223,0.001,1000.0,0.1,0.0028707619650766,0.0537060478165675,244594.5448762223,0.0287076196507664,0.0562710992985093,colebrook
moody_eps2.87e-02_Re2.72e+05,1821.6530756337709,2.544855344599113,0.001,1000.0,0.1,0.0028707619650766,0.0562560797705061,254485.5344599113,0.0287076196507664,0.0562661074163688,colebrook
moody_eps2.87e-02_Re3.09e+05,2927.659931636696,3.1667060230113795,0.001,1000.0,0.1,0.0028707619650766,0.0583895500296326,316670.602301138,0.0287076196507664,0.0562418543352093,colebrook
moody_eps2.87e-02_Re3.51e+05,3447.691113373704,3.411910147690337,0.001,1000.0,0.1,0.0028707619650766,0.0592329242931358,341191.01476903376,0.0287076196507664,0.0562347174719829,colebrook
moody_eps2.87e-02_Re3.99e+05,4053.4770452059606,3.8406907023702472,0.001,1000.0,0.1,0.0028707619650766,0.054959028284982,384069.0702370248,0.0287076196507664,0.0562244244548435,colebrook
moody_eps2.87e-02_Re4.54e+05,5654.069251886587,4.438402707641689,0.001,1000.0,0.1,0.0028707619650766,0.0574034124363848,443840.2707641689,0.0287076196507664,0.0562133905531726,colebrook
moody_eps2.87e-02_Re5.16e+05,7579.237589193795,5.0980073793879805,0.001,1000.0,0.1,0.0028707619650766,0.0583249798438679,509800.737938798,0.0287076196507664,0.0562042139886856,colebrook
moody_eps2.87e-02_Re5.87e+05,9708.441554632618,5.740894898994339,0.001,1000.0,0.1,0.0028707619650766,0.0589142460072079,574089.4898994339,0.0287076196507664,0.0561972972988638,colebrook
moody_eps2.87e-02_Re6.67e+05,12388.62996660865,6.697310074099423,0.001,1000.0,0.1,0.0028707619650766,0.0552398466091366,669731.0074099423,0.0287076196507664,0.0561894626477604,colebrook
moody_eps2.87e-02_Re7.59e+05,16525.997241958386,7.578927983311414,0.001,1000.0,0.1,0.0028707619650766,0.0575416234860971,757892.7983311414,0.0287076196507664,0.0561839909193309,colebrook
moody_eps2.87e-02_Re8.63e+05,19715.18278688358,8.479886676893527,0.001,1000.0,0.1,0.0028707619650766,0.0548340983447445,847988.6676893528,0.0287076196507664,0.0561795738619365,colebrook
moody_eps2.87e-02_Re9.81e+05,29735.104160986742,10.10177997679948,0.001,1000.0,0.1,0.0028707619650766,0.058277867227453,1010177.997679948,0.0287076196507664,0.0561736071139597,colebrook
moody_eps2.87e-02_Re1.12e+06,36457.41492168736,11.613165752327548,0.001,1000.0,0.1,0.0028707619650766,0.0540648020577817,1161316.5752327547,0.0287076196507664,0.0561695463765495,colebrook
moody_eps2.87e-02_Re1.27e+06,47073.30993790991,12.824286316276655,0.001,1000.0,0.1,0.0028707619650766,0.0572451003667846,1282428.6316276654,0.0287076196507664,0.0561669828900536,colebrook
moody_eps2.87e-02_Re1.44e+06,53927.41255219695,13.763609053298897,0.001,1000.0,0.1,0.0028707619650766,0.0569344228335312,1376360.9053298896,0.0287076196507664,0.0561653052128385,colebrook
moody_eps2.87e-02_Re1.64e+06,83029.6970753294,16.7187204542062,0.001,1000.0,0.1,0.0028707619650766,0.0594097023763813,1671872.0454206197,0.0287076196507664,0.0561612562825802,colebrook
moody_eps2.87e-02_Re1.86e+06,91136.62912618296,18.03370267199496,0.001,1000.0,0.1,0.0028707619650766,0.0560471000923054,1803370.267199496,0.0287076196507664,0.0561598810562165,colebrook
moody_eps2.87e-02_Re2.12e+06,143579.5818985579,22.91352253463721,0.001,1000.0,0.1,0.0028707619650766,0.0546939087466384,2291352.253463721,0.0287076196507664,0.0561561570765139,colebrook
moody_eps2.87e-02_Re2.41e+06,155864.70068309878,23.736248596846043,0.001,1000.0,0.1,0.0028707619650766,0.0553290994873859,2373624.859684604,0.0287076196507664,0.056155680027584,colebrook
moody_eps2.87e-02_Re2.74e+06,197917.8592667295,26.209327461824792,0.001,1000.0,0.1,0.0028707619650766,0.0576239767535965,2620932.746182479,0.0287076196507664,0.0561544263249787,colebrook
moody_eps2.87e-02_Re3.12e+06,321797.6766179725,33.52848500600549,0.001,1000.0,0.1,0.0028707619650766,0.0572512587267695,3352848.500600549,0.0287076196507664,0.0561517994176266,colebrook
moody_eps2.87e-02_Re3.54e+06,357599.4609239474,36.44027299995942,0.001,1000.0,0.1,0.0028707619650766,0.0538596599677963,3644027.299995942,0.0287076196507664,0.0561510477205343,colebrook
moody_eps2.87e-02_Re4.03e+06,438643.0941816621,39.99677112987776,0.001,1000.0,0.1,0.0028707619650766,0.0548392398545298,3999677.112987776,0.0287076196507664,0.0561502780478904,colebrook
moody_eps2.87e-02_Re4.58e+06,521083.5976731496,44.1719050878206,0.001,1000.0,0.1,0.0028707619650766,0.0534127745234329,4417190.50878206,0.0287076196507664,0.0561495326285179,colebrook
moody_eps2.87e-02_Re5.21e+06,768960.8971661358,53.15609403972408,0.001,1000.0,0.1,0.0028707619650766,0.0544287210290254,5315609.403972409,0.0287076196507664,0.0561483256610174,colebrook
moody_eps2.87e-02_Re5.93e+06,1043936.2608570996,60.46578600153826,0.001,1000.0,0.1,0.0028707619650766,0.0571063724173855,6046578.600153826,0.0287076196507664,0.056147608252448,colebrook
moody_eps2.87e-02_Re6.74e+06,1257072.952309711,68.01880965953993,0.001,1000.0,0.1,0.0028707619650766,0.0543416001825125,6801880.965953992,0.0287076196507664,0.0561470289277577,colebrook
moody_eps2.87e-02_Re7.66e+06,1837784.698057008,79.96137001600832,0.001,1000.0,0.1,0.0028707619650766,0.0574862757581243,7996137.001600831,0.0287076196507664,0.0561463362398518,colebrook
moody_eps2.87e-02_Re8.71e+06,2443354.680093168,91.44320304227011,0.001,1000.0,0.1,0.0028707619650766,0.0584404632579392,9144320.304227011,0.0287076196507664,0.0561458408605583,colebrook
moody_eps2.87e-02_Re9.90e+06,2951543.3704268853,100.34539053166787,0.001,1000.0,0.1,0.0028707619650766,0.0586251962871947,10034539.053166788,0.0287076196507664,0.0561455347966368,colebrook
moody_eps2.87e-02_Re1.13e+07,3599167.1664651087,113.68804012679072,0.001,1000.0,0.1,0.0028707619650766,0.0556932362114406,11368804.01267907,0.0287076196507664,0.0561451658197437,colebrook
moody_eps2.87e-02_Re1.28e+07,4437040.3032363225,125.5220343082604,0.001,1000.0,0.1,0.0028707619650766,0.0563226954722518,12552203.430826038,0.0287076196507664,0.0561449041999468,colebrook
moody_eps2.87e-02_Re1.46e+07,5690474.283699325,146.10216119975604,0.001,1000.0,0.1,0.0028707619650766,0.0533169355892517,14610216.119975602,0.0287076196507664,0.0561445501618198,colebrook
moody_eps2.87e-02_Re1.66e+07,8123759.289033911,166.86211887495446,0.001,1000.0,0.1,0.0028707619650766,0.0583541213266554,16686211.887495449,0.0287076196507664,0.0561442815065823,colebrook
moody_eps2.87e-02_Re1.88e+07,10340602.91639305,185.30183912854625,0.001,1000.0,0.1,0.0028707619650766,0.0602304901669003,18530183.912854623,0.0287076196507664,0.0561440933568973,colebrook
moody_eps2.87e-02_Re2.14e+07,12442328.894228956,209.1043206281482,0.001,1000.0,0.1,0.0028707619650766,0.0569122374298212,20910432.06281482,0.0287076196507664,0.0561438995501016,colebrook
moody_eps2.87e-02_Re2.43e+07,18578533.21132737,252.5912596724672,0.001,1000.0,0.1,0.0028707619650766,0.05823777595547,25259125.967246715,0.0287076196507664,0.0561436397912232,colebrook
moody_eps2.87e-02_Re2.77e+07,22399716.13364732,281.59020191522507,0.001,1000.0,0.1,0.0028707619650766,0.0564985668881396,28159020.19152251,0.0287076196507664,0.0561435111612784,colebrook
moody_eps2.87e-02_Re3.15e+07,27711086.281893708,320.31473030363424,0.001,1000.0,0.1,0.0028707619650766,0.0540169084044489,32031473.030363426,0.0287076196507664,0.0561433757080245,colebrook
moody_eps2.87e-02_Re3.58e+07,34229177.59981448,354.2278762833441,0.001,1000.0,0.1,0.0028707619650766,0.0545583201143774,35422787.62833441,0.0287076196507664,0.0561432814088475,colebrook
moody_eps2.87e-02_Re4.07e+07,50471453.17240885,413.8009075108207,0.001,1000.0,0.1,0.0028707619650766,0.0589512376348219,41380090.75108207,0.0287076196507664,0.0561431531826822,colebrook
moody_eps2.87e-02_Re4.63e+07,58513922.085344814,456.020405798135,0.001,1000.0,0.1,0.0028707619650766,0.0562756670250752,45602040.5798135,0.0287076196507664,0.0561430825932049,colebrook
moody_eps2.87e-02_Re5.26e+07,86792659.34554236,556.7553393642039,0.001,1000.0,0.1,0.0028707619650766,0.0559995077888858,55675533.93642039,0.0287076196507664,0.0561429574130422,colebrook
moody_eps2.87e-02_Re5.98e+07,103103809.64188668,603.894191569506,0.001,1000.0,0.1,0.0028707619650766,0.0565435411210688,60389419.1569506,0.0287076196507664,0.0561429131787483,colebrook
moody_eps2.87e-02_Re6.80e+07,126104195.4768242,687.0702943295057,0.001,1000.0,0.1,0.0028707619650766,0.0534265569538552,68707029.43295057,0.0287076196507664,0.0561428499313472,colebrook
moody_eps2.87e-02_Re7.73e+07,180355194.5251852,794.2241225805113,0.001,1000.0,0.1,0.0028707619650766,0.0571837331010814,79422412.25805113,0.0287076196507664,0.0561427879771803,colebrook
moody_eps2.87e-02_Re8.79e+07,205811732.7840316,831.5793328552592,0.001,1000.0,0.1,0.0028707619650766,0.0595240880082282,83157933.28552592,0.0287076196507664,0.0561427701323635,colebrook
moody_eps2.87e-02_Re1.00e+08,267873175.69650385,996.9393129997168,0.001,1000.0,0.1,0.0028707619650766,0.0539040973160676,99693931.29997168,0.0287076196507664,0.0561427072011254,colebrook
moody_eps3.79e-02_Re7.44e+03,2.0420249178450853,0.0777946908201613,0.001,1000.0,0.1,0.0037886422139578,0.0674824924365359,7779.469082016135,0.0378864221395781,0.0664507835265392,colebrook
moody_eps3.79e-02_Re8.46e+03,2.171153004788327,0.0821374838566331,0.001,1000.0,0.1,0.0037886422139578,0.0643632011589583,8213.748385663317,0.0378864221395781,0.0662831395546048,colebrook
moody_eps3.79e-02_Re9.62e+03,2.740508823603665,0.0925338166019932,0.001,1000.0,0.1,0.0037886422139578,0.0640118309932576,9253.381660199322,0.0378864221395781,0.0659435509433676,colebrook
moody_eps3.79e-02_Re1.09e+04,3.793928530427141,0.1067994349242209,0.001,1000.0,0.1,0.0037886422139578,0.0665244406199211,10679.943492422097,0.0378864221395781,0.0655819308104393,colebrook
moody_eps3.79e-02_Re1.24e+04,4.713950054616778,0.121083704015552,0.001,1000.0,0.1,0.0037886422139578,0.0643048273950232,12108.3704015552,0.0378864221395781,0.0653028988214344,colebrook
moody_eps3.79e-02_Re1.41e+04,5.66792816166824,0.1339174907560571,0.001,1000.0,0.1,0.0037886422139578,0.0632091174091606,13391.749075605714,0.0378864221395781,0.0651017018067297,colebrook
moody_eps3.79e-02_Re1.61e+04,8.298475048561214,0.1598251041141199,0.001,1000.0,0.1,0.0037886422139578,0.0649738043202112,15982.510411411991,0.0378864221395781,0.064791906568418,colebrook
moody_eps3.79e-02_Re1.83e+04,11.559560417353095,0.189585934453272,0.001,1000.0,0.1,0.0037886422139578,0.0643219330771226,18958.5934453272,0.0378864221395781,0.064538631158258,colebrook
moody_eps3.79e-02_Re2.08e+04,14.430772812999685,0.2179128757154311,0.001,1000.0,0.1,0.0037886422139578,0.0607790351213504,21791.287571543115,0.0378864221395781,0.0643607889733587,colebrook
moody_eps3.79e-02_Re2.37e+04,18.954904927457616,0.2440695194642603,0.001,1000.0,0.1,0.0037886422139578,0.0636391710447567,24406.951946426037,0.0378864221395781,0.0642326995923779,colebrook
moody_eps3.79e-02_Re2.69e+04,25.625787264208306,0.277529038031688,0.001,1000.0,0.1,0.0037886422139578,0.0665411575330563,27752.9038031688,0.0378864221395781,0.0641035928339432,colebrook
moody_eps3.79e-02_Re3.06e+04,30.19453211538268,0.3110948418283144,0.001,1000.0,0.1,0.0037886422139578,0.0623982887464073,31109.48418283144,0.0378864221395781,0.064001658210892,colebrook
moody_eps3.79e-02_Re3.48e+04,40.37049117697085,0.3506457780427834,0.001,1000.0,0.1,0.0037886422139578,0.0656684553235874,35064.57780427834,0.0378864221395781,0.0639063348469572,colebrook
moody_eps3.79e-02_Re3.95e+04,48.849667634898935,0.3874347159930616,0.001,1000.0,0.1,0.0037886422139578,0.0650870432325644,38743.47159930616,0.0378864221395781,0.0638349751788636,colebrook
moody_eps3.79e-02_Re4.50e+04,68.58604167463979,0.4628253206173937,0.001,1000.0,0.1,0.0037886422139578,0.0640370789504923,46282.53206173937,0.0378864221395781,0.0637239041502788,colebrook
moody_eps3.79e-02_Re5.11e+04,76.57476590131583,0.4953431413452008,0.001,1000.0,0.1,0.0037886422139578,0.0624170681886737,49534.31413452008,0.0378864221395781,0.0636863555961957,colebrook
moody_eps3.79e-02_Re5.81e+04,109.17894060482465,0.5779658400910832,0.001,1000.0,0.1,0.0037886422139578,0.065367899534771,57796.58400910832,0.0378864221395781,0.0636098355298643,colebrook
moody_eps3.79e-02_Re6.61e+04,134.14097355163858,0.6579624177934746,0.001,1000.0,0.1,0.0037886422139578,0.0619711098413225,65796.24177934747,0.0378864221395781,0.0635539558173181,colebrook
moody_eps3.79e-02_Re7.52e+04,197.0841524784386,0.7796918625751766,0.001,1000.0,0.1,0.0037886422139578,0.0648389086760387,77969.18625751766,0.0378864221395781,0.063490819407309,colebrook
moody_eps3.79e-02_Re8.55e+04,237.9068850116107,0.8836392889369472,0.001,1000.0,0.1,0.0037886422139578,0.0609378280938966,88363.92889369471,0.0378864221395781,0.0634506169627234,colebrook
moody_eps3.79e-02_Re9.72e+04,282.81233713527814,0.9360939446000984,0.001,1000.0,0.1,0.0037886422139578,0.0645489934828767,93609.39446000983,0.0378864221395781,0.0634337057739794,colebrook
moody_eps3.79e-02_Re1.10e+05,364.06707136509937,1.1114420804853866,0.001,1000.0,0.1,0.0037886422139578,0.0589437448973271,111144.20804853868,0.0378864221395781,0.0633887219083178,colebrook
moody_eps3.79e-02_Re1.26e+05,494.4550419685549,1.2645010911131418,0.001,1000.0,0.1,0.0037886422139578,0.061846964445532,126450.10911131416,0.0378864221395781,0.063359623654482,colebrook
moody_eps3.79e-02_Re1.43e+05,700.5927095396114,1.4703342284132024,0.001,1000.0,0.1,0.0037886422139578,0.0648132015234573,147033.42284132022,0.0378864221395781,0.0633300194889405,colebrook
moody_eps3.79e-02_Re1.62e+05,829.6233689134309,1.6472201718200608,0.001,1000.0,0.1,0.0037886422139578,0.0611515780130822,164722.0171820061,0.0378864221395781,0.0633104761374445,colebrook
moody_eps3.79e-02_Re1.85e+05,1071.1150847947442,1.897975067953361,0.001,1000.0,0.1,0.0037886422139578,0.0594682454046189,189797.50679533608,0.0378864221395781,0.0632890012043328,colebrook
moody_eps3.79e-02_Re2.10e+05,1246.7416735720435,2.038537625301187,0.001,1000.0,0.1,0.0037886422139578,0.0600024534702153,203853.7625301187,0.0378864221395781,0.0632792697861531,colebrook
moody_eps3.79e-02_Re2.39e+05,1485.624623876569,2.1983405595431464,0.001,1000.0,0.1,0.0037886422139578,0.0614821631860971,219834.05595431465,0.0378864221395781,0.0632697153521884,colebrook
moody_eps3.79e-02_Re2.72e+05,2327.771052788973,2.730667345752196,0.001,1000.0,0.1,0.0037886422139578,0.0624356539698975,273066.7345752196,0.0378864221395781,0.0632459440588402,colebrook
moody_eps3.79e-02_Re3.09e+05,3032.0109391743817,3.190042505905525,0.001,1000.0,0.1,0.0037886422139578,0.0595892363342167,319004.2505905525,0.0378864221395781,0.0632318000300206,colebrook
moody_eps3.79e-02_Re3.51e+05,3624.7778752252366,3.433743680952134,0.001,1000.0,0.1,0.0037886422139578,0.0614859160259506,343374.36809521343,0.0378864221395781,0.0632258312216078,colebrook
moody_eps3.79e-02_Re3.99e+05,5014.489811657668,4.025310768047524,0.001,1000.0,0.1,0.0037886422139578,0.0618953351404429,402531.07680475246,0.0378864221395781,0.063214346029689,colebrook
moody_eps3.79e-02_Re4.54e+05,6725.810044790512,4.608066904514206,0.001,1000.0,0.1,0.0037886422139578,0.0633486028804359,460806.6904514206,0.0378864221395781,0.0632059128265287,colebrook
moody_eps3.79e-02_Re5.16e+05,8105.940665307292,5.257263122225468,0.001,1000.0,0.1,0.0037886422139578,0.0586562087268733,525726.3122225468,0.0378864221395781,0.0631987180481349,colebrook
moody_eps3.79e-02_Re5.87e+05,10600.457399972714,5.869861733833246,0.001,1000.0,0.1,0.0037886422139578,0.0615316920505681,586986.1733833246,0.0378864221395781,0.0631933873346498,colebrook
moody_eps3.79e-02_Re6.67e+05,13678.62193012441,6.666186157157785,0.001,1000.0,0.1,0.0037886422139578,0.0615626728006429,666618.6157157785,0.0378864221395781,0.063187921606614,colebrook
moody_eps3.79e-02_Re7.59e+05,18687.191195621013,7.772077198142306,0.001,1000.0,0.1,0.0037886422139578,0.0618728061608106,777207.7198142306,0.0378864221395781,0.0631821879728047,colebrook
moody_eps3.79e-02_Re8.63e+05,25114.650807818653,8.876076098901919,0.001,1000.0,0.1,0.0037886422139578,0.0637551256232528,887607.6098901918,0.0378864221395781,0.0631778886071956,colebrook
moody_eps3.79e-02_Re9.81e+05,30116.498738794624,9.746132674792408,0.001,1000.0,0.1,0.0037886422139578,0.0634117644781748,974613.2674792408,0.0378864221395781,0.0631751863226026,colebrook
moody_eps3.79e-02_Re1.12e+06,35869.57253838946,10.88446857441652,0.001,1000.0,0.1,0.0037886422139578,0.060553846725571,1088446.857441652,0.0378864221395781,0.0631723029406708,colebrook
moody_eps3.79e-02_Re1.27e+06,48023.97936082185,12.16423215717075,0.001,1000.0,0.1,0.0037886422139578,0.0649110656510985,1216423.215717075,0.0378864221395781,0.0631697055168029,colebrook
moody_eps3.79e-02_Re1.44e+06,62778.06665811082,14.05009274981661,0.001,1000.0,0.1,0.0037886422139578,0.0636032854890383,1405009.274981661,0.0378864221395781,0.0631667401055476,colebrook
moody_eps3.79e-02_Re1.64e+06,82986.13343408065,16.152396042276226,0.001,1000.0,0.1,0.0037886422139578,0.0636153054102059,1615239.6042276227,0.0378864221395781,0.0631642503768169,colebrook
moody_eps3.79e-02_Re1.86e+06,113947.08288410972,18.910050443717758,0.001,1000.0,0.1,0.0037886422139578,0.0637305743470073,1891005.0443717756,0.0378864221395781,0.0631618236926372,colebrook
moody_eps3.79e-02_Re2.12e+06,148359.7796023865,22.106068632856203,0.001,1000.0,0.1,0.0037886422139578,0.0607187954073678,2210606.86328562,0.0378864221395781,0.0631597685797254,colebrook
moody_eps3.79e-02_Re2.41e+06,173183.96763933095,23.001781623912223,0.001,1000.0,0.1,0.0037886422139578,0.0654658375935497,2300178.1623912225,0.0378864221395781,0.0631592950556181,colebrook
moody_eps3.79e-02_Re2.74e+06,220570.98774335065,26.632630781628077,0.001,1000.0,0.1,0.0037886422139578,0.0621942517148614,2663263.078162807,0.0378864221395781,0.0631577017774869,colebrook
moody_eps3.79e-02_Re3.12e+06,365122.5727552738,33.54412728521682,0.001,1000.0,0.1,0.0037886422139578,0.0648986531405605,3354412.728521682,0.0378864221395781,0.0631556219703215,colebrook
moody_eps3.79e-02_Re3.54e+06,344085.5564268644,32.62677142250077,0.001,1000.0,0.1,0.0037886422139578,0.0646469794309096,3262677.142250077,0.0378864221395781,0.0631558473113138,colebrook
moody_eps3.79e-02_Re4.03e+06,490073.79132392816,40.65831181415862,0.001,1000.0,0.1,0.0037886422139578,0.0592915479400191,4065831.181415862,0.0378864221395781,0.063154219601441,colebrook
moody_eps3.79e-02_Re4.58e+06,728152.3771846767,47.26419872401552,0.001,1000.0,0.1,0.0037886422139578,0.0651910037667456,4726419.872401551,0.0378864221395781,0.0631532953996718,colebrook
moody_eps3.79e-02_Re5.21e+06,815506.51900836,50.542776274212976,0.001,1000.0,0.1,0.0037886422139578,0.0638468161762956,5054277.627421297,0.0378864221395781,0.0631529264056483,colebrook
moody_eps3.79e-02_Re5.93e+06,1121275.6031743062,60.4457938042824,0.001,1000.0,0.1,0.0037886422139578,0.0613776417326507,6044579.38042824,0.0378864221395781,0.0631520548898364,colebrook
moody_eps3.79e-02_Re6.74e+06,1434455.5138996022,66.62480012059119,0.001,1000.0,0.1,0.0037886422139578,0.0646316497542114,6662480.012059119,0.0378864221395781,0.0631516423580262,colebrook
moody_eps3.79e-02_Re7.66e+06,1917075.870078717,78.16587389366765,0.001,1000.0,0.1,0.0037886422139578,0.062753061907076,7816587.389366765,0.0378864221395781,0.0631510465036589,colebrook
moody_eps3.79e-02_Re8.71e+06,2154850.583022644,83.7743691415606,0.001,1000.0,0.1,0.0037886422139578,0.0614079819106111,8377436.91415606,0.0378864221395781,0.0631508162162965,colebrook
moody_eps3.79e-02_Re9.90e+06,3093150.67185476,100.17801669081774,0.001,1000.0,0.1,0.0037886422139578,0.0616433471961085,10017801.669081775,0.0378864221395781,0.0631502906668405,colebrook
moody_eps3.79e-02_Re1.13e+07,4335913.363855426,117.42273599140243,0.001,1000.0,0.1,0.0037886422139578,0.0628935633054183,11742273.599140244,0.0378864221395781,0.0631498964874398,colebrook
moody_eps3.79e-02_Re1.28e+07,4313053.454255396,122.7353529914412,0.001,1000.0,0.1,0.0037886422139578,0.057263182936476,12273535.29914412,0.0378864221395781,0.0631497973695395,colebrook
moody_eps3.79e-02_Re1.46e+07,6835413.422603315,145.74595924233688,0.001,1000.0,0.1,0.0037886422139578,0.0643578810440368,14574595.924233688,0.0378864221395781,0.0631494514858686,colebrook
moody_eps3.79e-02_Re1.66e+07,8448254.00550829,164.3073047204134,0.001,1000.0,0.1,0.0037886422139578,0.0625868674887305,16430730.472041342,0.0378864221395781,0.0631492430714936,colebrook
moody_eps3.79e-02_Re1.88e+07,10457563.40707788,183.86911329067732,0.001,1000.0,0.1,0.0037886422139578,0.0618647039236222,18386911.329067733,0.0378864221395781,0.0631490689640587,colebrook
moody_eps3.79e-02_Re2.14e+07,13998745.486293938,207.44217391879064,0.001,1000.0,0.1,0.0037886422139578,0.0650616395403106,20744217.39187906,0.0378864221395781,0.0631489027812106,colebrook
moody_eps3.79e-02_Re2.43e+07,18366473.083442923,240.17332554444508,0.001,1000.0,0.1,0.0037886422139578,0.0636804640119891,24017332.554444507,0.0378864221395781,0.0631487261295877,colebrook
moody_eps3.79e-02_Re2.77e+07,26529437.758214258,279.96492604002395,0.001,1000.0,0.1,0.0037886422139578,0.0676940953617588,27996492.604002398,0.0378864221395781,0.0631485670028169,colebrook
moody_eps3.79e-02_Re3.15e+07,30769518.81976582,312.39000074876185,0.001,1000.0,0.1,0.0037886422139578,0.0630603609214544,31239000.074876186,0.0378864221395781,0.063148467310413,colebrook
moody_eps3.79e-02_Re3.58e+07,44889381.05509561,370.7794044055936,0.001,1000.0,0.1,0.0037886422139578,0.0653043946394613,37077940.44055935,0.0378864221395781,0.0631483317588295,colebrook
moody_eps3.79e-02_Re4.07e+07,56220425.83070414,422.54647332182094,0.001,1000.0,0.1,0.0037886422139578,0.0629760132477083,42254647.332182094,0.0378864221395781,0.0631482429107273,colebrook
moody_eps3.79e-02_Re4.63e+07,60508041.90062462,442.080348479358,0.001,1000.0,0.1,0.0037886422139578,0.061921386870913,44208034.8479358,0.0378864221395781,0.063148214791842,colebrook
moody_eps3.79e-02_Re5.26e+07,71107698.90577394,486.4585709064559,0.001,1000.0,0.1,0.0037886422139578,0.0600972917502964,48645857.09064559,0.0378864221395781,0.0631481593026077,colebrook
moody_eps3.79e-02_Re5.98e+07,131655313.35738423,637.309386147993,0.001,1000.0,0.1,0.0037886422139578,0.0648287663480241,63730938.6147993,0.0378864221395781,0.0631480284632107,colebrook
moody_eps3.79e-02_Re6.80e+07,138633705.00006795,669.3339322677281,0.001,1000.0,0.1,0.0037886422139578,0.0618889537496452,66933393.2267728,0.0378864221395781,0.0631480082759309,colebrook
moody_eps3.79e-02_Re7.73e+07,173213731.54168615,751.2143753814958,0.001,1000.0,0.1,0.0037886422139578,0.0613881482574777,75121437.53814958,0.0378864221395781,0.0631479644872541,colebrook
moody_eps3.79e-02_Re8.79e+07,255280930.60628465,888.2106694244715,0.001,1000.0,0.1,0.0037886422139578,0.0647167051744878,88821066.94244714,0.0378864221395781,0.0631479092772317,colebrook
moody_eps3.79e-02_Re1.00e+08,324347425.6578745,995.0146782784444,0.001,1000.0,0.1,0.0037886422139578,0.065521144677784,99501467.82784444,0.0378864221395781,0.0631478767811049,colebrook
moody_eps5.00e-02_Re7.44e+03,2.2568367906545204,0.0786465176503354,0.001,1000.0,0.1,0.005,0.0729745043206563,7864.651765033543,0.0499999999999999,0.074393680123391,colebrook
moody_eps5.00e-02_Re8.46e+03,2.691409024989022,0.0843114482923501,0.001,1000.0,0.1,0.005,0.0757245324958841,8431.14482923501,0.0499999999999999,0.0742080794672544,colebrook
moody_eps5.00e-02_Re9.62e+03,3.3680724173729604,0.0963161108943074,0.001,1000.0,0.1,0.005,0.0726128596012848,9631.611089430744,0.0499999999999999,0.0738851826522561,colebrook
moody_eps5.00e-02_Re1.09e+04,4.276939961669219,0.1078815015814708,0.001,1000.0,0.1,0.005,0.0734969275162453,10788.150158147082,0.0499999999999999,0.0736405830477856,colebrook
moody_eps5.00e-02_Re1.24e+04,5.200885978763564,0.1202480065068507,0.001,1000.0,0.1,0.005,0.0719368733384845,12024.800650685072,0.0499999999999999,0.0734300602188032,colebrook
moody_eps5.00e-02_Re1.41e+04,7.026521269797749,0.1401559096423835,0.001,1000.0,0.1,0.005,0.0715397687678484,14015.590964238352,0.0499999999999999,0.0731678510878116,colebrook
moody_eps5.00e-02_Re1.61e+04,9.750189993316516,0.1649612809117081,0.001,1000.0,0.1,0.005,0.0716603679408553,16496.12809117081,0.0499999999999999,0.0729283799809287,colebrook
moody_eps5.00e-02_Re1.83e+04,12.075367155248864,0.1864347524630977,0.001,1000.0,0.1,0.005,0.0694826860940235,18643.47524630977,0.0499999999999999,0.0727718515233055,colebrook
moody_eps5.00e-02_Re2.08e+04,16.587601077003963,0.2086178217675156,0.001,1000.0,0.1,0.005,0.0762273399735454,20861.782176751563,0.0499999999999999,0.072643584071571,colebrook
moody_eps5.00e-02_Re2.37e+04,20.530933818629755,0.2319560922670017,0.001,1000.0,0.1,0.005,0.0763180264956773,23195.609226700177,0.0499999999999999,0.0725348333619236,colebrook
moody_eps5.00e-02_Re2.69e+04,29.33879113534426,0.2830763044562714,0.001,1000.0,0.1,0.005,0.0732259772704954,28307.63044562714,0.0499999999999999,0.0723587213835826,colebrook
moody_eps5.00e-02_Re3.06e+04,34.21823946549018,0.3042932693236662,0.001,1000.0,0.1,0.005,0.0739099595074333,30429.326932366617,0.0499999999999999,0.0723028582622612,colebrook
moody_eps5.00e-02_Re3.48e+04,38.638297024547406,0.3261411596968567,0.001,1000.0,0.1,0.005,0.0726501892766794,32614.11596968568,0.0499999999999999,0.072252870069335,colebrook
moody_eps5.00e-02_Re3.95e+04,60.53546408977557,0.4074979478895952,0.001,1000.0,0.1,0.005,0.0729103226043816,40749.79478895952,0.0499999999999999,0.0721135712816239,colebrook
moody_eps5.00e-02_Re4.50e+04,72.53104494032267,0.4460209466439686,0.001,1000.0,0.1,0.005,0.0729194559478342,44602.09466439686,0.0499999999999999,0.072065237898882,colebrook
moody_eps5.00e-02_Re5.11e+04,90.53334208714044,0.5047755826033271,0.001,1000.0,0.1,0.005,0.0710627272928778,50477.55826033271,0.0499999999999999,0.0720056540423916,colebrook
moody_eps5.00e-02_Re5.81e+04,124.50627781379296,0.589655624724751,0.001,1000.0,0.1,0.005,0.0716183571017709,58965.562472475096,0.0499999999999999,0.0719404513565111,colebrook
moody_eps5.00e-02_Re6.61e+04,147.2100906410396,0.6546446311838022,0.001,1000.0,0.1,0.005,0.0686999395174959,65464.46311838022,0.0499999999999999,0.0719019118561375,colebrook
moody_eps5.00e-02_Re7.52e+04,212.1271244640174,0.7811100220545565,0.001,1000.0,0.1,0.005,0.0695347312338955,78111.00220545565,0.0499999999999999,0.0718452362442414,colebrook
moody_eps5.00e-02_Re8.55e+04,251.60300920592735,0.834898351432879,0.001,1000.0,0.1,0.005,0.0721902622777553,83489.8351432879,0.0499999999999999,0.0718263189115642,colebrook
moody_eps5.00e-02_Re9.72e+04,323.13460302313024,0.9685733856592306,0.001,1000.0,0.1,0.005,0.0688887651597634,96857.33856592306,0.0499999999999999,0.0717883800386004,colebrook
moody_eps5.00e-02_Re1.10e+05,421.0279764963839,1.0872217486491282,0.001,1000.0,0.1,0.005,0.0712368467909422,108722.17486491284,0.0499999999999999,0.0717625021501377,colebrook
moody_eps5.00e-02_Re1.26e+05,593.6670260995319,1.302074837546442,0.001,1000.0,0.1,0.005,0.0700327258915086,130207.48375464418,0.0499999999999999,0.0717276196289496,colebrook
moody_eps5.00e-02_Re1.43e+05,695.2121370235326,1.3881543218793175,0.001,1000.0,0.1,0.005,0.0721558989967979,138815.43218793176,0.0499999999999999,0.0717166681001032,colebrook
moody_eps5.00e-02_Re1.62e+05,889.9556987285987,1.5980408140866889,0.001,1000.0,0.1,0.005,0.0696983745509153,159804.08140866886,0.0499999999999999,0.0716949024902306,colebrook
moody_eps5.00e-02_Re1.85e+05,1252.4940323619076,1.8740057917896444,0.001,1000.0,0.1,0.005,0.0713286169827565,187400.5791789645,0.0499999999999999,0.0716736934211261,colebrook
moody_eps5.00e-02_Re2.10e+05,1629.2456007512185,2.0977685135574715,0.001,1000.0,0.1,0.005,0.0740459701282399,209776.85135574717,0.0499999999999999,0.0716605878174517,colebrook
moody_eps5.00e-02_Re2.39e+05,2021.8438359806012,2.391719852998015,0.001,1000.0,0.1,0.005,0.0706898380983756,239171.9852998015,0.0499999999999999,0.0716470938937415,colebrook
moody_eps5.00e-02_Re2.72e+05,2317.056421943896,2.591177316827101,0.001,1000.0,0.1,0.005,0.0690195841904435,259117.7316827101,0.0499999999999999,0.0716396794593372,colebrook
moody_eps5.00e-02_Re3.09e+05,3270.038688795916,3.04412086230294,0.001,1000.0,0.1,0.005,0.0705763352969524,304412.086230294,0.0499999999999999,0.071626447521514,colebrook
moody_eps5.00e-02_Re3.51e+05,4030.32238134837,3.3758130378072444,0.001,1000.0,0.1,0.005,0.0707315230330074,337581.30378072447,0.0499999999999999,0.0716190081416904,colebrook
moody_eps5.00e-02_Re3.99e+05,5313.137695482687,3.948533485818972,0.001,1000.0,0.1,0.005,0.0681568351828361,394853.3485818972,0.0499999999999999,0.0716091030834865,colebrook
moody_eps5.00e-02_Re4.54e+05,6776.677823849069,4.454539064571926,0.001,1000.0,0.1,0.005,0.0683032377493752,445453.9064571926,0.0499999999999999,0.0716024698081835,colebrook
moody_eps5.00e-02_Re5.16e+05,8924.300240091596,4.913101831257129,0.001,1000.0,0.1,0.005,0.0739422458446008,491310.1831257129,0.0499999999999999,0.0715976380081542,colebrook
moody_eps5.00e-02_Re5.87e+05,11980.434286469132,5.96918667064968,0.001,1000.0,0.1,0.005,0.0672468949341264,596918.6670649679,0.0499999999999999,0.0715893325737703,colebrook
moody_eps5.00e-02_Re6.67e+05,14791.128443627967,6.441581475890067,0.001,1000.0,0.1,0.005,0.071292902378788,644158.1475890067,0.0499999999999999,0.0715864986530588,colebrook
moody_eps5.00e-02_Re7.59e+05,19961.36487450788,7.473896024557571,0.001,1000.0,0.1,0.005,0.071470385628395,747389.6024557571,0.0499999999999999,0.0715815521110283,colebrook
moody_eps5.00e-02_Re8.63e+05,26857.363431091497,8.613796915848129,0.001,1000.0,0.1,0.005,0.0723942569647449,861379.691584813,0.0499999999999999,0.0715774670376555,colebrook
moody_eps5.00e-02_Re9.81e+05,31202.207307901077,9.351529836572055,0.001,1000.0,0.1,0.005,0.0713592022021559,935152.9836572056,0.0499999999999999,0.0715753539020457,colebrook
moody_eps5.00e-02_Re1.12e+06,43553.53695298409,11.252074622029689,0.001,1000.0,0.1,0.005,0.0687999650860694,1125207.4622029683,0.0499999999999999,0.0715711861698639,colebrook
moody_eps5.00e-02_Re1.27e+06,60226.71169747797,12.750996213018013,0.001,1000.0,0.1,0.005,0.0740851072663677,1275099.6213018014,0.0499999999999999,0.0715687753091567,colebrook
moody_eps5.00e-02_Re1.44e+06,72630.40904837444,14.187579965376328,0.001,1000.0,0.1,0.005,0.072165868234964,1418757.9965376328,0.0499999999999999,0.0715669427006505,colebrook
moody_eps5.00e-02_Re1.64e+06,103888.97278746564,16.360666954539347,0.001,1000.0,0.1,0.005,0.0776242540548437,1636066.6954539346,0.0499999999999999,0.0715647820777118,colebrook
moody_eps5.00e-02_Re1.86e+06,130809.07876109373,19.20518865242093,0.001,1000.0,0.1,0.005,0.0709301253873275,1920518.8652420929,0.0499999999999999,0.0715626926749456,colebrook
moody_eps5.00e-02_Re2.12e+06,145922.97239779378,20.051808200022585,0.001,1000.0,0.1,0.005,0.0725849495789863,2005180.8200022583,0.0499999999999999,0.0715621852618369,colebrook
moody_eps5.00e-02_Re2.41e+06,215657.0401694098,23.91008995021448,0.001,1000.0,0.1,0.005,0.0754451308539269,2391008.995021448,0.0499999999999999,0.0715603278143262,colebrook
moody_eps5.00e-02_Re2.74e+06,312936.67088826286,28.93109478404697,0.001,1000.0,0.1,0.005,0.0747750509285366,2893109.478404697,0.0499999999999999,0.0715586524100037,colebrook
moody_eps5.00e-02_Re3.12e+06,342958.12590372644,31.547177698319263,0.001,1000.0,0.1,0.005,0.0689207617418382,3154717.7698319266,0.0499999999999999,0.0715579907834781,colebrook
moody_eps5.00e-02_Re3.54e+06,478631.587462137,36.58341299168076,0.001,1000.0,0.1,0.005,0.0715258310646985,3658341.299168076,0.0499999999999999,0.0715569834890536,colebrook
moody_eps5.00e-02_Re4.03e+06,625148.8671767993,41.990963125488335,0.001,1000.0,0.1,0.005,0.0709090671980115,4199096.312548833,0.0499999999999999,0.0715561709115943,colebrook
moody_eps5.00e-02_Re4.58e+06,645845.2836454395,43.6509266295927,0.001,1000.0,0.1,0.005,0.0677909239722521,4365092.66295927,0.0499999999999999,0.071555961857523,colebrook
moody_eps5.00e-02_Re5.21e+06,935253.426937334,50.39900287440478,0.001,1000.0,0.1,0.005,0.0736402773516913,5039900.287440478,0.0499999999999999,0.0715552537836655,colebrook
moody_eps5.00e-02_Re5.93e+06,1148224.1388512107,56.68029867050928,0.001,1000.0,0.1,0.005,0.0714812944095227,5668029.867050928,0.0499999999999999,0.0715547461910957,colebrook
moody_eps5.00e-02_Re6.74e+06,1620382.4656087167,65.94609145086187,0.001,1000.0,0.1,0.005,0.074519410319834,6594609.145086187,0.0499999999999999,0.0715541739396596,colebrook
moody_eps5.00e-02_Re7.66e+06,2046398.3300254948,76.73928677359442,0.001,1000.0,0.1,0.005,0.0694999754888699,7673928.677359442,0.0499999999999999,0.0715536815895343,colebrook
moody_eps5.00e-02_Re8.71e+06,2842980.0410577143,87.45265787836975,0.001,1000.0,0.1,0.005,0.0743460295663105,8745265.787836974,0.0499999999999999,0.071553313061502,colebrook
moody_eps5.00e-02_Re9.90e+06,3612996.7054585046,100.09863174850273,0.001,1000.0,0.1,0.005,0.0721176022474172,10009863.174850272,0.0499999999999999,0.0715529795661416,colebrook
moody_eps5.00e-02_Re1.13e+07,4259511.673735813,107.51262568717549,0.001,1000.0,0.1,0.005,0.0737005742445658,10751262.568717549,0.0499999999999999,0.0715528205263651,colebrook
moody_eps5.00e-02_Re1.28e+07,6098035.498260949,128.6949043918987,0.001,1000.0,0.1,0.005,0.0736371956362015,12869490.439189868,0.0499999999999999,0.0715524671027483,colebrook
moody_eps5.00e-02_Re1.46e+07,7333481.5692278845,144.41373319104747,0.001,1000.0,0.1,0.005,0.0703271811883443,14441373.319104746,0.0499999999999999,0.0715522718501612,colebrook
moody_eps5.00e-02_Re1.66e+07,10313505.47912302,172.73430811151675,0.001,1000.0,0.1,0.005,0.0691319949885152,17273430.811151676,0.0499999999999999,0.0715520097521543,colebrook
moody_eps5.00e-02_Re1.88e+07,12159610.159174964,183.7957624031838,0.001,1000.0,0.1,0.005,0.0719910750662757,18379576.24031838,0.0499999999999999,0.0715519293164998,colebrook
moody_eps5.00e-02_Re2.14e+07,14252759.072036464,199.91202729656752,0.001,1000.0,0.1,0.005,0.0713265294361411,19991202.72965675,0.0499999999999999,0.0715518280556983,colebrook
moody_eps5.00e-02_Re2.43e+07,22189303.33460837,253.31965937893284,0.001,1000.0,0.1,0.005,0.0691569564502644,25331965.937893283,0.0499999999999999,0.071551584583928,colebrook
moody_eps5.00e-02_Re2.77e+07,24656421.23374703,264.2078473378982,0.001,1000.0,0.1,0.005,0.0706429149687117,26420784.73378982,0.0499999999999999,0.071551547026528,colebrook
moody_eps5.00e-02_Re3.15e+07,37511426.76861171,326.50555305501695,0.001,1000.0,0.1,0.005,0.0703740321157646,32650555.305501696,0.0499999999999999,0.0715513803051425,colebrook
moody_eps5.00e-02_Re3.58e+07,42596529.98931483,340.3311039305984,0.001,1000.0,0.1,0.005,0.0735530917487631,34033110.39305984,0.0499999999999999,0.0715513515810212,colebrook
moody_eps5.00e-02_Re4.07e+07,58929322.63090836,404.7470432622141,0.001,1000.0,0.1,0.005,0.0719439162833423,40474704.32622141,0.0499999999999999,0.0715512436204374,colebrook
moody_eps5.00e-02_Re4.63e+07,89512331.54267862,502.2890899708473,0.001,1000.0,0.1,0.005,0.0709586549779619,50228908.99708474,0.0499999999999999,0.0715511328528394,colebrook
moody_eps5.00e-02_Re5.26e+07,91340629.37770468,498.6901535583452,0.001,1000.0,0.1,0.005,0.0734568682530292,49869015.35583452,0.0499999999999999,0.0715511361698624,colebrook
moody_eps5.00e-02_Re5.98e+07,139445358.40183064,623.2352326403554,0.001,1000.0,0.1,0.005,0.0718009292381861,62323523.26403554,0.0499999999999999,0.0715510436567967,colebrook
moody_eps5.00e-02_Re6.80e+07,173707516.92950243,692.5449692450638,0.001,1000.0,0.1,0.005,0.0724356981479703,69254496.92450638,0.0499999999999999,0.0715510065840971,colebrook
moody_eps5.00e-02_Re7.73e+07,234416740.0475103,787.5146826870956,0.001,1000.0,0.1,0.005,0.0755964320413803,78751468.26870956,0.0499999999999999,0.0715509663829157,colebrook
moody_eps5.00e-02_Re8.79e+07,249223433.7811354,837.04794972339,0.001,1000.0,0.1,0.005,0.0711407103107987,83704794.972339,0.0499999999999999,0.0715509490349485,colebrook
moody_eps5.00e-02_Re1.00e+08,381132628.1685154,1014.6790480652433,0.001,1000.0,0.1,0.005,0.0740369875564793,101467904.8065243,0.0499999999999999,0.071550900751207,colebrook
