Re_p,phi,f,regime_true,cluster
1.0037790292250603e-06,0.15,31779612720.08161,viscous,0
1.6282976316730142e-06,0.15,19824371560.502674,viscous,0
2.5107328996027427e-06,0.15,13022871992.36849,viscous,0
4.237981848235622e-06,0.15,7944414001.369474,viscous,0
6.373683182545337e-06,0.15,4729188458.834797,viscous,0
1.020536666038948e-05,0.15,3153001400.4160647,viscous,0
1.548982609636418e-05,0.15,2050491073.786544,viscous,0
2.555618633995597e-05,0.15,1211318795.429253,viscous,0
4.168958614478918e-05,0.15,758157834.7817726,viscous,0
6.852854969111412e-05,0.15,493653353.1342965,viscous,0
0.0001077019702714,0.15,319230739.77158105,viscous,0
0.0001692861485093,0.15,193049136.014503,viscous,0
0.0002834321619825,0.15,113828062.69280183,viscous,0
0.0004309043397182,0.15,71164273.75912103,viscous,0
0.0006942149996983,0.15,46767801.49800268,viscous,0
0.0010906698540031,0.15,29135758.943457007,viscous,0
0.0017871572687626,0.15,18460672.89398937,viscous,0
0.0028868477278556,0.15,11323103.699868027,viscous,0
0.0044926059136292,0.15,7101813.509862307,viscous,0
0.0074924019165013,0.15,4618578.94634004,viscous,0
0.0112562169181616,0.15,3077544.9768693526,viscous,0
0.0194411355702684,0.15,1717969.848221955,viscous,0
0.030062273376518,0.15,1051952.009529892,viscous,0
0.0497694007702038,0.15,712124.5521955972,viscous,0
0.0803210051516531,0.15,427426.8855146637,viscous,0
0.1228575959588525,0.15,246460.16807726707,viscous,0
0.1941232533168802,0.15,171391.2142843001,viscous,0
0.2983592972121145,0.15,110222.58293971086,viscous,0
0.501782923134035,0.15,66716.71571039032,viscous,0
0.7636201991900827,0.15,41109.04758259757,viscous,0
1.2474084241865735,0.15,24695.480506774053,viscous,0
2.1268980931683066,0.15,15157.821619566765,viscous,0
3.256571869689902,0.15,10168.821333143092,viscous,0
5.401261609372571,0.15,6821.6628023207,viscous,0
8.385058246511495,0.15,3824.8128137643625,viscous,0
13.16200176461058,0.15,2980.5912977842304,viscous,0
21.632880312354157,0.15,1866.5392390211173,viscous,0
35.412975033852,0.15,1261.4109580603335,viscous,0
52.50426947405961,0.15,1102.6985558136996,viscous,0
85.67271188351654,0.15,901.4323654520476,inertial,0
137.41982960262214,0.15,653.3950981971249,inertial,1
215.80616067427465,0.15,558.2349192175111,inertial,1
335.5260143496483,0.15,553.6228837480695,inertial,1
566.6757460053775,0.15,530.6674422068189,inertial,1
869.602757930766,0.15,519.7609795841046,inertial,2
1408.633608587136,0.15,501.5011546239163,inertial,2
2240.234639653705,0.15,438.643540178002,inertial,2
3652.384122409117,0.15,473.3243806779904,inertial,2
5818.481147905593,0.15,433.3840564426945,inertial,2
8884.38080814978,0.15,414.2824335251322,inertial,2
14998.26065911511,0.15,465.349348362444,inertial,2
23482.308476422717,0.15,418.9855391859908,inertial,2
38694.20321123346,0.15,414.1872809489837,inertial,2
58934.63128490088,0.15,455.2028659292497,inertial,2
89894.70894020642,0.15,449.7021328975813,inertial,2
150960.23936960608,0.15,443.3694104806066,inertial,2
244818.4848533577,0.15,445.3498197547017,inertial,2
400188.4869490443,0.15,424.418656740744,inertial,2
653316.9246151595,0.15,457.0866665065837,inertial,2
1025635.0481044016,0.15,467.2063606172396,inertial,2
1.0239089909591728e-06,0.15,32713191691.90636,viscous,0
1.600938788701258e-06,0.15,18676634303.274124,viscous,0
2.54109078202711e-06,0.15,12159770257.421732,viscous,0
3.905105979385714e-06,0.15,8329803625.995587,viscous,0
6.399584609906825e-06,0.15,4765864239.942213,viscous,0
1.0077668402132531e-05,0.15,3229415549.7352195,viscous,0
1.6788506397111584e-05,0.15,2043431914.6268756,viscous,0
2.651841248591272e-05,0.15,1275649116.7107017,viscous,0
4.419656535511079e-05,0.15,769560212.4524848,viscous,0
6.305090455705598e-05,0.15,541557925.0306584,viscous,0
0.0001092252777992,0.15,300285875.2350986,viscous,0
0.0001746323893615,0.15,187431700.00376815,viscous,0
0.0002785092098089,0.15,113246223.68327913,viscous,0
0.0004161900614413,0.15,76736335.48786363,viscous,0
0.0006870461936863,0.15,49332024.81414369,viscous,0
0.0011145130719637,0.15,28932732.681705423,viscous,0
0.0017505233687416,0.15,17881742.18803288,viscous,0
0.0028673245707634,0.15,10397790.342803312,viscous,0
0.0046231131805517,0.15,6909474.763512055,viscous,0
0.0070624962887118,0.15,4033315.845309841,viscous,0
0.0118708298882558,0.15,2665526.789191227,viscous,0
0.0183772722317532,0.15,1727252.3142324605,viscous,0
0.0314950886796258,0.15,1017463.3679813317,viscous,0
0.0477633357282488,0.15,624530.8928481085,viscous,0
0.0799500685026414,0.15,420955.1285819112,viscous,0
0.1255008538222199,0.15,256916.0924946065,viscous,0
0.1995623165797913,0.15,164368.93851491067,viscous,0
0.3158744965338886,0.15,101324.57022647365,viscous,0
0.4739278300611383,0.15,71796.00835595092,viscous,0
0.7466117422480661,0.15,42931.710422031865,viscous,0
1.2561173827036376,0.15,24683.314096879345,viscous,0
2.0562363182754755,0.15,15897.156694753136,viscous,0
3.1826046368180827,0.15,10807.603215320953,viscous,0
5.077560857222014,0.15,7251.373339167846,viscous,0
8.314445430611348,0.15,4201.979641311895,viscous,0
12.396884680408242,0.15,2839.14805791512,viscous,0
21.686728209958456,0.15,1916.565594818432,viscous,0
33.24565847829084,0.15,1527.0661971131942,viscous,0
51.53498270742959,0.15,1033.133761526749,viscous,0
84.34243269040175,0.15,845.9030587973376,inertial,0
133.95166928350702,0.15,659.9087820061523,inertial,1
208.00310838338373,0.15,617.221823433745,inertial,1
357.170792662837,0.15,518.154816122997,inertial,1
559.6169252531924,0.15,466.94488903777545,inertial,1
877.0116589320542,0.15,511.4030086573412,inertial,2
1426.6281399721788,0.15,519.976270045651,inertial,2
2216.542176349521,0.15,468.6293266625252,inertial,2
3603.9173354820296,0.15,462.5534742239757,inertial,2
5789.191406874935,0.15,433.9387536400086,inertial,2
9011.511883002231,0.15,517.9149497390832,inertial,2
14739.53590765528,0.15,400.436249356867,inertial,2
23143.59634225839,0.15,457.3742128502132,inertial,2
37132.711154459525,0.15,472.689760242744,inertial,2
62047.04430279126,0.15,437.9100030049412,inertial,2
94819.66663697094,0.15,419.4669940512685,inertial,2
150425.3150541694,0.15,409.6421128747247,inertial,2
254403.0937456578,0.15,477.3634718017643,inertial,2
377445.5626158859,0.15,415.5345121475576,inertial,2
593702.0127636687,0.15,420.0554854283181,inertial,2
911020.2951958964,0.15,416.3069443554226,inertial,2
1.0396742698147065e-06,0.2136363636363636,8993093306.070307,viscous,0
1.6387928747596031e-06,0.2136363636363636,5664618776.07213,viscous,0
2.689794515754295e-06,0.2136363636363636,3572065792.8242087,viscous,0
4.028955280010887e-06,0.2136363636363636,2682534615.821088,viscous,0
6.446616448205637e-06,0.2136363636363636,1388232648.172314,viscous,0
1.0461159036383431e-05,0.2136363636363636,907589667.6215664,viscous,0
1.7148729467970755e-05,0.2136363636363636,529746025.8281123,viscous,0
2.717773985380609e-05,0.2136363636363636,365272189.58033335,viscous,0
4.153550134352208e-05,0.2136363636363636,230907575.691049,viscous,0
6.602140234755662e-05,0.2136363636363636,162019328.53518584,viscous,0
0.0001058581225531,0.2136363636363636,87851803.31066197,viscous,0
0.0001672636264263,0.2136363636363636,55897992.82698085,viscous,0
0.0002758045384324,0.2136363636363636,35841425.17439696,viscous,0
0.000432627246196,0.2136363636363636,21785496.51601777,viscous,0
0.0006745317889191,0.2136363636363636,13531554.335903725,viscous,0
0.0012211033370758,0.2136363636363636,8206884.675798662,viscous,0
0.0017541076542536,0.2136363636363636,5072550.9587851,viscous,0
0.0027855849761572,0.2136363636363636,3411482.1073043244,viscous,0
0.0045863734190169,0.2136363636363636,1998522.885507052,viscous,0
0.0070411600127066,0.2136363636363636,1450775.728039099,viscous,0
0.0118489957892227,0.2136363636363636,788086.2055423495,viscous,0
0.0185486148014096,0.2136363636363636,499599.4824927349,viscous,0
0.0273100830676019,0.2136363636363636,350491.1424482255,viscous,0
0.0461336860473451,0.2136363636363636,196254.01693069877,viscous,0
0.0746472923413601,0.2136363636363636,132336.89806951504,viscous,0
0.1173532470435641,0.2136363636363636,75583.66018916616,viscous,0
0.1979119965361495,0.2136363636363636,50060.444424308094,viscous,0
0.3013225507756915,0.2136363636363636,32615.97978330368,viscous,0
0.4910385894921653,0.2136363636363636,19810.336846877926,viscous,0
0.7618618763947904,0.2136363636363636,13164.481689937767,viscous,0
1.3103037289786332,0.2136363636363636,7640.75224165319,viscous,0
2.052859679180816,0.2136363636363636,3954.295626847641,viscous,0
3.249902097235935,0.2136363636363636,3064.366134581425,viscous,0
5.12800659697184,0.2136363636363636,1934.2643675161648,viscous,0
8.240917726761793,0.2136363636363636,1322.455536640775,viscous,0
13.037887085621769,0.2136363636363636,850.8293169464137,viscous,0
21.77991382745799,0.2136363636363636,546.8355468277482,viscous,0
34.58162924551634,0.2136363636363636,419.91649052126303,viscous,0
52.27985738800832,0.2136363636363636,318.4455298803982,viscous,0
83.21793703648375,0.2136363636363636,264.21776720090145,inertial,0
138.0784727574409,0.2136363636363636,204.26365956988127,inertial,1
211.16524036362975,0.2136363636363636,189.0149533826728,inertial,1
358.79509719766,0.2136363636363636,166.69731741635263,inertial,1
563.9146240628855,0.2136363636363636,155.06182565541957,inertial,1
891.3184376910428,0.2136363636363636,149.61329147245465,inertial,2
1433.4198004909638,0.2136363636363636,137.02744159020978,inertial,2
2313.797007622211,0.2136363636363636,143.5864856358888,inertial,2
3664.3274760412137,0.2136363636363636,141.3065009752491,inertial,2
5846.363271349266,0.2136363636363636,135.30812108982752,inertial,2
9585.063423246098,0.2136363636363636,130.52305477590892,inertial,2
14320.278195160892,0.2136363636363636,143.48044082240196,inertial,2
24657.01423547675,0.2136363636363636,143.5029888236295,inertial,2
37414.61048283043,0.2136363636363636,131.66555679636167,inertial,2
59864.43733797671,0.2136363636363636,141.1539454638621,inertial,2
101175.87907326758,0.2136363636363636,145.6915770987092,inertial,2
146729.81839727933,0.2136363636363636,156.2594684193718,inertial,2
242484.5040063355,0.2136363636363636,135.10126552794543,inertial,2
409671.318071357,0.2136363636363636,140.80787843253194,inertial,2
619189.1560019371,0.2136363636363636,142.70332427484345,inertial,2
1025670.6213777472,0.2136363636363636,148.3318797048074,inertial,2
9.595833760480055e-07,0.2136363636363636,10955352012.111916,viscous,0
1.6433358641487763e-06,0.2136363636363636,5680047964.643156,viscous,0
2.489507719814684e-06,0.2136363636363636,3640468465.510554,viscous,0
4.090505385318054e-06,0.2136363636363636,2251459477.9510965,viscous,0
6.362003530249634e-06,0.2136363636363636,1557165858.7485204,viscous,0
1.0512331317701798e-05,0.2136363636363636,887249154.0409845,viscous,0
1.69787366972122e-05,0.2136363636363636,599928588.4433011,viscous,0
2.567253781815143e-05,0.2136363636363636,359537023.44651085,viscous,0
4.35913087361427e-05,0.2136363636363636,226216636.73578057,viscous,0
6.814940939484057e-05,0.2136363636363636,147942369.53842485,viscous,0
0.0001046454077645,0.2136363636363636,84425570.10831848,viscous,0
0.0001682668461184,0.2136363636363636,56882164.38240824,viscous,0
0.0002693431179706,0.2136363636363636,34468994.65225776,viscous,0
0.0004279220658076,0.2136363636363636,21551534.61924721,viscous,0
0.0006829146364785,0.2136363636363636,14188287.465227645,viscous,0
0.0011513409769823,0.2136363636363636,8066465.448428983,viscous,0
0.001784583430773,0.2136363636363636,5178097.842470342,viscous,0
0.0029143969436601,0.2136363636363636,3278811.689510173,viscous,0
0.0048060352907361,0.2136363636363636,1873996.2149180167,viscous,0
0.0073982629791303,0.2136363636363636,1314836.1162898983,viscous,0
0.0115637979514174,0.2136363636363636,847145.2158682703,viscous,0
0.0178831560896861,0.2136363636363636,591551.8806642425,viscous,0
0.0286477815375425,0.2136363636363636,347839.96907136345,viscous,0
0.0460637382685064,0.2136363636363636,218897.70110234435,viscous,0
0.0752216360728748,0.2136363636363636,127612.82166078764,viscous,0
0.1217420946165957,0.2136363636363636,82709.92973857342,viscous,0
0.1922853533743418,0.2136363636363636,42773.22324227035,viscous,0
0.3031256893373341,0.2136363636363636,31814.700498210765,viscous,0
0.4888509538407741,0.2136363636363636,20369.99835304873,viscous,0
0.8157059160138804,0.2136363636363636,11716.406124980434,viscous,0
1.2086110818503304,0.2136363636363636,8586.203945926954,viscous,0
2.085430257961586,0.2136363636363636,4632.905066337441,viscous,0
3.435129523087646,0.2136363636363636,2860.1032087312046,viscous,0
4.977933174412309,0.2136363636363636,2036.2162133502245,viscous,0
8.497617028004813,0.2136363636363636,1202.888146569145,viscous,0
13.933693603056236,0.2136363636363636,787.7460393780583,viscous,0
21.60075385901737,0.2136363636363636,597.5802577650277,viscous,0
33.37463654681378,0.2136363636363636,449.8267770277508,viscous,0
51.20034993012438,0.2136363636363636,349.8950421884872,viscous,0
85.38344257882383,0.2136363636363636,245.7916479503302,inertial,0
139.7507299521677,0.2136363636363636,220.591707693303,inertial,1
223.36369641339272,0.2136363636363636,203.04209517983244,inertial,1
360.1251751357805,0.2136363636363636,178.65607218517837,inertial,1
547.9348380021412,0.2136363636363636,159.3431862869264,inertial,1
904.6645015995958,0.2136363636363636,151.51630359421034,inertial,2
1433.746360258631,0.2136363636363636,150.95244359770447,inertial,2
2327.7252500640893,0.2136363636363636,144.48624789160513,inertial,2
3587.2740659696024,0.2136363636363636,137.95380898354188,inertial,2
5637.591861666888,0.2136363636363636,151.44571501395117,inertial,2
9225.724435050455,0.2136363636363636,147.8718870495968,inertial,2
14209.813783777834,0.2136363636363636,128.70763460753162,inertial,2
22867.196301963548,0.2136363636363636,149.90387420052687,inertial,2
38921.26890187014,0.2136363636363636,143.7465774495206,inertial,2
58777.30574608835,0.2136363636363636,140.37615292309127,inertial,2
95317.22178473003,0.2136363636363636,138.81996705062178,inertial,2
142491.6806614188,0.2136363636363636,135.27317699738276,inertial,2
243979.65418418488,0.2136363636363636,152.29467334474884,inertial,2
393835.2943156853,0.2136363636363636,151.40149474937206,inertial,2
618700.7284497735,0.2136363636363636,139.3786286702195,inertial,2
889600.6259087147,0.2136363636363636,144.4541204142085,inertial,2
1.0165483009113734e-06,0.2772727272727272,3949028002.9715614,viscous,0
1.574156471996817e-06,0.2772727272727272,2345931499.922912,viscous,0
2.497971356212183e-06,0.2772727272727272,1387359937.3867292,viscous,0
3.9891330890653525e-06,0.2772727272727272,905625490.0343914,viscous,0
6.779834611303281e-06,0.2772727272727272,542185196.4262613,viscous,0
1.015428328188598e-05,0.2772727272727272,364544304.5915921,viscous,0
1.6717590550470304e-05,0.2772727272727272,212549909.28177413,viscous,0
2.745514964761497e-05,0.2772727272727272,121812003.29618125,viscous,0
4.210526513765128e-05,0.2772727272727272,90245238.7705489,viscous,0
6.502348748664436e-05,0.2772727272727272,57556371.35082369,viscous,0
0.000112394017332,0.2772727272727272,33452426.346054006,viscous,0
0.0001641599917062,0.2772727272727272,21589369.472592466,viscous,0
0.0002862420563153,0.2772727272727272,13033633.798759172,viscous,0
0.0004404933396063,0.2772727272727272,8530273.869256197,viscous,0
0.0007192039343787,0.2772727272727272,4932732.265609949,viscous,0
0.0011144584541122,0.2772727272727272,3321742.352949776,viscous,0
0.001766648516381,0.2772727272727272,2066726.7079367903,viscous,0
0.00298220074913,0.2772727272727272,1174320.8552567123,viscous,0
0.0048542162374333,0.2772727272727272,831846.2042096629,viscous,0
0.0069515661672226,0.2772727272727272,525076.3848096809,viscous,0
0.0118103150218496,0.2772727272727272,299652.4863844752,viscous,0
0.0182612720074877,0.2772727272727272,198957.4681750193,viscous,0
0.0304934736835994,0.2772727272727272,117549.83823379585,viscous,0
0.050322915336837,0.2772727272727272,74165.5544478853,viscous,0
0.0758611628914462,0.2772727272727272,52155.60296252224,viscous,0
0.1238526994416365,0.2772727272727272,30290.021741011748,viscous,0
0.1922300239230991,0.2772727272727272,21000.673664340848,viscous,0
0.317762404285809,0.2772727272727272,11508.564821545093,viscous,0
0.4724612423365953,0.2772727272727272,7986.393722680609,viscous,0
0.764545760480495,0.2772727272727272,4466.640947632619,viscous,0
1.2533082443577512,0.2772727272727272,3034.391586575187,viscous,0
2.0979444346383023,0.2772727272727272,1837.0560116979625,viscous,0
3.3035133885041854,0.2772727272727272,1102.265433024374,viscous,0
5.147197572875715,0.2772727272727272,778.2321669868645,viscous,0
8.442834965705446,0.2772727272727272,497.55304942868514,viscous,0
13.462331465845445,0.2772727272727272,324.0808367857256,viscous,0
21.21766721566596,0.2772727272727272,237.4359374850769,viscous,0
32.29539552714956,0.2772727272727272,174.6680047040037,viscous,0
53.04440826198412,0.2772727272727272,116.94294909239412,viscous,0
88.0420835618866,0.2772727272727272,99.2671958536719,inertial,1
133.19489241094493,0.2772727272727272,85.3027402690133,inertial,1
219.17127784107743,0.2772727272727272,82.06196972329465,inertial,1
346.9053240457974,0.2772727272727272,71.59881773161548,inertial,1
580.3083908204569,0.2772727272727272,67.44139603350831,inertial,2
918.4905405096794,0.2772727272727272,61.842844843279536,inertial,2
1454.0798188365975,0.2772727272727272,61.680947345145874,inertial,2
2343.853858621482,0.2772727272727272,57.91997240840781,inertial,2
3541.3210830825333,0.2772727272727272,64.32393172673052,inertial,2
5756.481573035988,0.2772727272727272,58.904024111271525,inertial,2
9270.696704046077,0.2772727272727272,57.704694258588056,inertial,2
15376.06368216577,0.2772727272727272,55.96441970994034,inertial,2
23491.95928858394,0.2772727272727272,60.52972994897361,inertial,2
37575.98405341232,0.2772727272727272,57.09327667233851,inertial,2
58660.65633620815,0.2772727272727272,60.67178089401269,inertial,2
93244.85721560108,0.2772727272727272,61.32145391115691,inertial,2
146751.5852289138,0.2772727272727272,57.73285228078054,inertial,2
245642.5140905715,0.2772727272727272,55.74557579207992,inertial,2
399682.63564246544,0.2772727272727272,59.28649446668763,inertial,2
606891.8942353679,0.2772727272727272,54.99878796126448,inertial,2
954118.233104558,0.2772727272727272,59.48773236221765,inertial,2
9.658904053619998e-07,0.2772727272727272,3554289955.754796,viscous,0
1.5862704210129663e-06,0.2772727272727272,2596550443.223231,viscous,0
2.572738753746394e-06,0.2772727272727272,1484190286.8495183,viscous,0
4.10148345176707e-06,0.2772727272727272,931922914.1344523,viscous,0
6.25259706392571e-06,0.2772727272727272,575320482.9175317,viscous,0
1.0479830282515411e-05,0.2772727272727272,350409158.6401632,viscous,0
1.651343932906002e-05,0.2772727272727272,215289053.65373027,viscous,0
2.6324636492868737e-05,0.2772727272727272,134321332.98022813,viscous,0
3.94062386018308e-05,0.2772727272727272,87864927.67280702,viscous,0
6.86602970440765e-05,0.2772727272727272,57866205.50716118,viscous,0
0.0001141634648,0.2772727272727272,32351414.968235303,viscous,0
0.0001773894891089,0.2772727272727272,21682459.00691886,viscous,0
0.0002701833833467,0.2772727272727272,12496593.613603638,viscous,0
0.0004410321224958,0.2772727272727272,7631077.154683212,viscous,0
0.0006970907455393,0.2772727272727272,5435498.09792315,viscous,0
0.001077322195181,0.2772727272727272,3417290.617030884,viscous,0
0.0018637741284625,0.2772727272727272,2008115.1574510376,viscous,0
0.0029136163236963,0.2772727272727272,1320068.1890419722,viscous,0
0.0048260902388208,0.2772727272727272,767441.3375355618,viscous,0
0.0075932158017632,0.2772727272727272,482561.5932283108,viscous,0
0.0114995452655676,0.2772727272727272,324754.27623268735,viscous,0
0.0183355273544204,0.2772727272727272,194853.6115836532,viscous,0
0.0292858692520754,0.2772727272727272,111949.28520898946,viscous,0
0.0477903968522829,0.2772727272727272,72255.20237655989,viscous,0
0.0758504812464795,0.2772727272727272,52164.78825021339,viscous,0
0.1196624073737403,0.2772727272727272,29952.251058741615,viscous,0
0.2022580159927007,0.2772727272727272,18736.629312023702,viscous,0
0.3193364063283815,0.2772727272727272,11365.490822393303,viscous,0
0.5065961752389451,0.2772727272727272,7067.957465385323,viscous,0
0.7753496053513103,0.2772727272727272,4945.046069727206,viscous,0
1.241363038811324,0.2772727272727272,3138.299022312871,viscous,0
2.168930358673512,0.2772727272727272,1612.145215646282,viscous,0
3.1526389001542325,0.2772727272727272,1295.7644547209327,viscous,0
5.1283092614711565,0.2772727272727272,822.4302253006211,viscous,0
7.981679355601944,0.2772727272727272,528.5105481101709,viscous,0
13.082251514346328,0.2772727272727272,342.68362288187024,viscous,0
21.200590334171373,0.2772727272727272,218.93043302561563,viscous,0
32.46601383104042,0.2772727272727272,185.04738746353277,viscous,0
54.02985378163724,0.2772727272727272,128.03885473798024,viscous,0
85.43368665864763,0.2772727272727272,104.19521603871148,inertial,1
131.98747235349117,0.2772727272727272,82.93198938810029,inertial,1
226.9756522829325,0.2772727272727272,76.09915434798725,inertial,1
357.6443023581832,0.2772727272727272,67.53290910143936,inertial,1
580.3631629713054,0.2772727272727272,66.80889996198106,inertial,2
902.4488887242368,0.2772727272727272,65.1688031843354,inertial,2
1387.2613011970209,0.2772727272727272,56.46122190379472,inertial,2
2197.499461727276,0.2772727272727272,66.18672062304627,inertial,2
3769.36705161722,0.2772727272727272,59.27030600746214,inertial,2
5738.275211766753,0.2772727272727272,63.16317866689586,inertial,2
9202.535692651049,0.2772727272727272,55.97468691322925,inertial,2
15345.46584336465,0.2772727272727272,61.01020766727738,inertial,2
21882.47204609532,0.2772727272727272,58.57575826117306,inertial,2
37856.72512790767,0.2772727272727272,60.87672245629876,inertial,2
60484.39899240944,0.2772727272727272,57.53480535482083,inertial,2
95839.08131255444,0.2772727272727272,60.25223536118828,inertial,2
152387.34309289802,0.2772727272727272,58.26286280711104,inertial,2
254767.31076223892,0.2772727272727272,56.603240257572736,inertial,2
387853.07346014073,0.2772727272727272,53.61075748809776,inertial,2
636294.8051735376,0.2772727272727272,61.84702924419146,inertial,2
1016590.7275800436,0.2772727272727272,62.121866835814885,inertial,2
1.0133089888932228e-06,0.3409090909090909,1651056342.8259096,viscous,0
1.6201857510368096e-06,0.3409090909090909,1001605796.8883998,viscous,0
2.6440044881389462e-06,0.3409090909090909,611272474.837449,viscous,0
3.900468279645487e-06,0.3409090909090909,439948914.504528,viscous,0
6.8813210774265e-06,0.3409090909090909,227795409.6325882,viscous,0
1.0366329699207758e-05,0.3409090909090909,153305251.6380586,viscous,0
1.6420275024894428e-05,0.3409090909090909,100389143.67248616,viscous,0
2.555933185691446e-05,0.3409090909090909,63458190.04555231,viscous,0
4.055260875504025e-05,0.3409090909090909,39419286.74550589,viscous,0
6.53213827369226e-05,0.3409090909090909,23878886.762015987,viscous,0
0.0001026809489248,0.3409090909090909,17023741.59454867,viscous,0
0.0001753559805374,0.3409090909090909,8521375.779002272,viscous,0
0.0002709580125736,0.3409090909090909,5869591.129875676,viscous,0
0.0004315842624725,0.3409090909090909,3544746.6092025544,viscous,0
0.0007199235722885,0.3409090909090909,2239696.760715354,viscous,0
0.0011401103605644,0.3409090909090909,1481038.6168350475,viscous,0
0.00187136170263,0.3409090909090909,802626.2362758823,viscous,0
0.0030218929657737,0.3409090909090909,579912.2465496857,viscous,0
0.0046610453783862,0.3409090909090909,397537.1327659205,viscous,0
0.0073633833622309,0.3409090909090909,232746.70035329185,viscous,0
0.0114334141899698,0.3409090909090909,152268.60229480843,viscous,0
0.0187660564096497,0.3409090909090909,85711.61739065645,viscous,0
0.0317802655343722,0.3409090909090909,50995.7794820651,viscous,0
0.0476520462321445,0.3409090909090909,34203.2119088484,viscous,0
0.0743892912531793,0.3409090909090909,22733.361558754084,viscous,0
0.1242700231386935,0.3409090909090909,13500.478286612528,viscous,0
0.1808756104366544,0.3409090909090909,9593.184195250336,viscous,0
0.3068755064823115,0.3409090909090909,5070.42689327144,viscous,0
0.5044002602552368,0.3409090909090909,3383.555829096316,viscous,0
0.7668581723020412,0.3409090909090909,2459.7724917109863,viscous,0
1.2188068634319382,0.3409090909090909,1264.065384521367,viscous,0
1.9500566918646416,0.3409090909090909,936.719039733395,viscous,0
3.2076233634950158,0.3409090909090909,531.848203116802,viscous,0
5.141082393290187,0.3409090909090909,338.75230217572494,viscous,0
8.058624308952945,0.3409090909090909,225.83615849256563,viscous,0
13.423566020557464,0.3409090909090909,159.5665565368251,viscous,0
20.337017951349143,0.3409090909090909,111.30352468701123,viscous,0
34.331529374916684,0.3409090909090909,72.96088694600827,viscous,0
52.75525205905021,0.3409090909090909,57.237038347108566,viscous,0
82.29677045357761,0.3409090909090909,49.34643651835624,inertial,1
133.6602513650901,0.3409090909090909,42.74398958422189,inertial,1
218.07190502509468,0.3409090909090909,37.41741838177215,inertial,1
345.5928714286283,0.3409090909090909,32.81205371685412,inertial,1
555.3686320671104,0.3409090909090909,32.06500902627424,inertial,2
870.8754901699615,0.3409090909090909,31.66850266117813,inertial,2
1453.013447486704,0.3409090909090909,30.483570158910624,inertial,2
2389.224681569294,0.3409090909090909,28.872605439923237,inertial,2
3682.178165879572,0.3409090909090909,28.9604021253997,inertial,2
5831.34603406961,0.3409090909090909,28.198931587055988,inertial,2
9563.79928007608,0.3409090909090909,29.54253132299425,inertial,2
15311.758885367824,0.3409090909090909,27.426734910405024,inertial,2
23251.524234158245,0.3409090909090909,27.9087068750147,inertial,2
37097.15494133993,0.3409090909090909,28.163631768726347,inertial,2
59991.60886435593,0.3409090909090909,29.11400041196261,inertial,2
96054.31128656688,0.3409090909090909,28.33087097209369,inertial,2
154483.6811503962,0.3409090909090909,30.425670692899068,inertial,2
238822.3181202163,0.3409090909090909,29.11988389193828,inertial,2
391070.70260533487,0.3409090909090909,29.80578381049964,inertial,2
624853.4421280075,0.3409090909090909,29.09154112689142,inertial,2
970704.7999264244,0.3409090909090909,29.145008733454304,inertial,2
9.72722405845943e-07,0.3409090909090909,1734904675.8290358,viscous,0
1.5923737441245723e-06,0.3409090909090909,1034872086.3369684,viscous,0
2.484096650611285e-06,0.3409090909090909,689209187.3849221,viscous,0
4.160921618538877e-06,0.3409090909090909,412652428.9036568,viscous,0
6.959524476073341e-06,0.3409090909090909,235692735.65096164,viscous,0
1.0780231541475265e-05,0.3409090909090909,151617475.62423766,viscous,0
1.680635299931057e-05,0.3409090909090909,99661175.1032041,viscous,0
2.6740907137658317e-05,0.3409090909090909,63560027.31901375,viscous,0
4.199124074963872e-05,0.3409090909090909,39246108.7466061,viscous,0
6.878328848994142e-05,0.3409090909090909,26093835.05520373,viscous,0
0.0001054200892335,0.3409090909090909,14253578.554684697,viscous,0
0.0001702084300234,0.3409090909090909,9705974.98972988,viscous,0
0.0002773050085599,0.3409090909090909,5958172.271766048,viscous,0
0.0004565393049658,0.3409090909090909,3782562.759219389,viscous,0
0.0007027740613072,0.3409090909090909,2285913.2594096507,viscous,0
0.0011126007931153,0.3409090909090909,1452105.918926453,viscous,0
0.0017836021612932,0.3409090909090909,852377.942014431,viscous,0
0.0028289175836915,0.3409090909090909,569169.2822484835,viscous,0
0.0045557098657508,0.3409090909090909,356470.06256216293,viscous,0
0.0074672767868509,0.3409090909090909,214491.60673258823,viscous,0
0.0115367226992826,0.3409090909090909,146500.9464630677,viscous,0
0.0185404624523471,0.3409090909090909,89699.15523574942,viscous,0
0.0304296484612341,0.3409090909090909,55228.85447426412,viscous,0
0.0479982525843043,0.3409090909090909,33958.13914884174,viscous,0
0.0776676594318505,0.3409090909090909,21391.17378948202,viscous,0
0.1197203891369032,0.3409090909090909,13662.891909542506,viscous,0
0.1871823033856371,0.3409090909090909,8401.523214708623,viscous,0
0.2930848209414445,0.3409090909090909,5451.9965685005,viscous,0
0.5156034972611457,0.3409090909090909,3130.487884282065,viscous,0
0.8101507225654182,0.3409090909090909,2058.7766137933395,viscous,0
1.2375637523756169,0.3409090909090909,1452.0113827606122,viscous,0
2.0543300049838376,0.3409090909090909,760.0959148360948,viscous,0
3.3269236408956324,0.3409090909090909,496.06149748822605,viscous,0
5.12325998823896,0.3409090909090909,362.0162199447296,viscous,0
8.153564293390513,0.3409090909090909,244.09930064875175,viscous,0
13.445050794892696,0.3409090909090909,139.9524242141304,viscous,0
20.69562907084811,0.3409090909090909,110.12104426816336,viscous,0
32.9558233422808,0.3409090909090909,78.16568941511684,viscous,0
54.85722372047921,0.3409090909090909,60.03516186713372,viscous,0
83.21637563545269,0.3409090909090909,49.303469404856926,inertial,1
134.15784101851833,0.3409090909090909,38.93174536199477,inertial,1
210.9889642861781,0.3409090909090909,37.43987315138824,inertial,1
348.34260279193734,0.3409090909090909,33.842171536928866,inertial,1
538.0578153165759,0.3409090909090909,31.87381502951012,inertial,2
862.2624173377498,0.3409090909090909,29.61501322184069,inertial,2
1413.8097218709506,0.3409090909090909,28.251637656679208,inertial,2
2315.5383373430022,0.3409090909090909,33.77055021636634,inertial,2
3675.360690450572,0.3409090909090909,28.0573060830158,inertial,2
5743.526553438619,0.3409090909090909,27.198351303415876,inertial,2
9144.95965003122,0.3409090909090909,30.044046844497192,inertial,2
15037.322776713254,0.3409090909090909,27.75186350377464,inertial,2
23811.067991138363,0.3409090909090909,30.91774982546626,inertial,2
39731.77653253211,0.3409090909090909,28.14926940374567,inertial,2
58668.02900915414,0.3409090909090909,29.21912754463505,inertial,2
88084.85531601298,0.3409090909090909,28.36709169142404,inertial,2
152373.7619459254,0.3409090909090909,28.46126017498136,inertial,2
233988.48546935705,0.3409090909090909,28.7634112013583,inertial,2
382914.6953355182,0.3409090909090909,30.23989139835212,inertial,2
609036.769457049,0.3409090909090909,28.706276161393543,inertial,2
993035.92459295,0.3409090909090909,29.951390222282942,inertial,2
9.264667348423704e-07,0.4045454545454545,852432721.5392246,viscous,0
1.6341304798410231e-06,0.4045454545454545,482776180.3525657,viscous,0
2.4371679149775933e-06,0.4045454545454545,335037229.81814253,viscous,0
4.116765501476479e-06,0.4045454545454545,192511560.43691587,viscous,0
6.287073473844116e-06,0.4045454545454545,123127333.00751746,viscous,0
1.03005703110636e-05,0.4045454545454545,74647174.47559726,viscous,0
1.5679106036549597e-05,0.4045454545454545,49301541.31642871,viscous,0
2.648038908580727e-05,0.4045454545454545,29576835.4435564,viscous,0
4.227990648464996e-05,0.4045454545454545,19079608.668978512,viscous,0
6.953281442684367e-05,0.4045454545454545,12898901.529685805,viscous,0
0.0001105178761689,0.4045454545454545,6775795.87729527,viscous,0
0.00015946715262,0.4045454545454545,5013781.557663343,viscous,0
0.0002764445766069,0.4045454545454545,2741896.335027378,viscous,0
0.0004442342695732,0.4045454545454545,1740300.9265979151,viscous,0
0.000712367248664,0.4045454545454545,1109481.5666112904,viscous,0
0.0011376952161033,0.4045454545454545,647168.3313413967,viscous,0
0.0017722483300774,0.4045454545454545,449935.5348787736,viscous,0
0.0027482906587627,0.4045454545454545,321160.1782211195,viscous,0
0.0045078691562731,0.4045454545454545,191045.32648851207,viscous,0
0.0071738315800361,0.4045454545454545,110714.01815097449,viscous,0
0.0121121564587643,0.4045454545454545,67354.34331185544,viscous,0
0.0187797015027199,0.4045454545454545,43364.314290748,viscous,0
0.0286270651494037,0.4045454545454545,27535.57566123231,viscous,0
0.0462918705080213,0.4045454545454545,17541.320643507213,viscous,0
0.0748631799495864,0.4045454545454545,10722.549476384584,viscous,0
0.1212659101577314,0.4045454545454545,6628.09378419077,viscous,0
0.193946916249562,0.4045454545454545,4024.246765556874,viscous,0
0.3004643813374608,0.4045454545454545,2601.4553730155244,viscous,0
0.5115359372660676,0.4045454545454545,1616.0924935040618,viscous,0
0.8052902278248855,0.4045454545454545,1085.671622827357,viscous,0
1.2199114423862307,0.4045454545454545,691.6555921375052,viscous,0
1.954689514157604,0.4045454545454545,419.6341270920536,viscous,0
3.271776713352888,0.4045454545454545,283.23165714651554,viscous,0
5.031224646714192,0.4045454545454545,174.5759832143318,viscous,0
8.517627734881238,0.4045454545454545,102.15157645364803,viscous,0
13.285012794844349,0.4045454545454545,75.04148170309495,viscous,0
20.443085286802287,0.4045454545454545,55.4394955659836,viscous,0
34.13303604638822,0.4045454545454545,37.523263450409765,viscous,0
54.17069197451795,0.4045454545454545,30.834760004217625,inertial,1
82.41836785006058,0.4045454545454545,27.54450907390081,inertial,1
141.18656812577066,0.4045454545454545,20.527180316608007,inertial,1
214.4568556905598,0.4045454545454545,20.25068482556819,inertial,1
343.4928945556695,0.4045454545454545,16.489216547486684,inertial,1
574.6830966527834,0.4045454545454545,17.144641715676723,inertial,2
941.887147799516,0.4045454545454545,16.891376632512923,inertial,2
1428.9952408381885,0.4045454545454545,18.82108430629067,inertial,2
2257.8390092915656,0.4045454545454545,15.347027706656188,inertial,2
3650.12902697009,0.4045454545454545,16.891875475520198,inertial,2
5591.543487618907,0.4045454545454545,15.177776960517482,inertial,2
9374.79470965051,0.4045454545454545,13.486933577934977,inertial,2
14297.338385930178,0.4045454545454545,16.436373325091587,inertial,2
23186.58658739409,0.4045454545454545,14.541894316667031,inertial,2
39935.49534874006,0.4045454545454545,14.686218775538816,inertial,2
59270.988987542325,0.4045454545454545,15.461966915337603,inertial,2
96412.67263294062,0.4045454545454545,15.459335721721216,inertial,2
153244.81788173766,0.4045454545454545,15.789842020801874,inertial,2
244737.8923511298,0.4045454545454545,15.816145894829312,inertial,2
364943.56484200456,0.4045454545454545,16.092481480821625,inertial,2
600221.7595896984,0.4045454545454545,14.124513712059054,inertial,2
1042311.0770308132,0.4045454545454545,14.760169407744916,inertial,2
1.005410658203654e-06,0.4045454545454545,768718044.2654245,viscous,0
1.565129245113564e-06,0.4045454545454545,525821994.218613,viscous,0
2.472421500113728e-06,0.4045454545454545,331021757.23745847,viscous,0
4.122203908863279e-06,0.4045454545454545,206558342.84709492,viscous,0
6.4443460859368376e-06,0.4045454545454545,131351172.94599175,viscous,0
1.0948832178167146e-05,0.4045454545454545,79427917.00100505,viscous,0
1.6903431682914604e-05,0.4045454545454545,48603247.66038627,viscous,0
2.889707536023197e-05,0.4045454545454545,31081641.84069703,viscous,0
4.141241088925466e-05,0.4045454545454545,20314786.60376084,viscous,0
6.892095740612622e-05,0.4045454545454545,11697823.489588484,viscous,0
0.0001086164953552,0.4045454545454545,7578508.969899516,viscous,0
0.0001776236638479,0.4045454545454545,4572331.668967208,viscous,0
0.0002786795381773,0.4045454545454545,3090393.226248217,viscous,0
0.000444843573722,0.4045454545454545,1855743.6715475805,viscous,0
0.0007250353324151,0.4045454545454545,1202262.6413342224,viscous,0
0.0011663647094136,0.4045454545454545,701864.3499386857,viscous,0
0.0018069447820921,0.4045454545454545,418202.6601874461,viscous,0
0.00289355907381,0.4045454545454545,263606.99094955577,viscous,0
0.0044429856319646,0.4045454545454545,186799.2070764907,viscous,0
0.0072961940532065,0.4045454545454545,112747.29038549386,viscous,0
0.011471706085931,0.4045454545454545,74377.21560545397,viscous,0
0.0187525194512521,0.4045454545454545,45475.51404202451,viscous,0
0.0304333959131349,0.4045454545454545,26630.74497309124,viscous,0
0.0469603632115936,0.4045454545454545,17148.993984191973,viscous,0
0.0780088622380497,0.4045454545454545,10679.6074448873,viscous,0
0.1172650756845193,0.4045454545454545,7227.480006649192,viscous,0
0.192907282024156,0.4045454545454545,4353.910373790586,viscous,0
0.3036952257519313,0.4045454545454545,2747.1090939558103,viscous,0
0.4836560118918407,0.4045454545454545,1687.5434283030124,viscous,0
0.7841914515016984,0.4045454545454545,1025.3810361568835,viscous,0
1.242547339656454,0.4045454545454545,657.1808858418234,viscous,0
1.9160476466063228,0.4045454545454545,454.4860375303568,viscous,0
3.318976914322123,0.4045454545454545,252.13243351799093,viscous,0
4.941830121374489,0.4045454545454545,172.62066782556118,viscous,0
8.464485152222514,0.4045454545454545,114.15876676232855,viscous,0
13.023592860325094,0.4045454545454545,80.97336685068012,viscous,0
20.34532435328644,0.4045454545454545,53.55739629012764,viscous,0
34.01005294840411,0.4045454545454545,39.1709342180512,viscous,0
52.6182784950915,0.4045454545454545,27.346234229111616,inertial,1
87.2867968079676,0.4045454545454545,25.349460321828506,inertial,1
129.68357488177617,0.4045454545454545,22.60205518053945,inertial,1
218.1704401541432,0.4045454545454545,19.69399487311776,inertial,1
358.66388399302696,0.4045454545454545,17.326050695983565,inertial,1
568.9310308757878,0.4045454545454545,17.747837247905952,inertial,2
910.0687564645513,0.4045454545454545,18.03876804314626,inertial,2
1449.188636998365,0.4045454545454545,15.842468258095456,inertial,2
2395.3173283033607,0.4045454545454545,15.20884912629002,inertial,2
3575.141906938154,0.4045454545454545,15.21239766763951,inertial,2
5772.620548376082,0.4045454545454545,16.761301704791382,inertial,2
9616.351586047256,0.4045454545454545,16.19379992653276,inertial,2
14506.140186297129,0.4045454545454545,15.36343488337749,inertial,2
23175.14250507281,0.4045454545454545,16.543628157396903,inertial,2
36682.59370727349,0.4045454545454545,16.457409620466898,inertial,2
60150.1000680491,0.4045454545454545,15.888726221938828,inertial,2
100634.4728590688,0.4045454545454545,15.377408273744951,inertial,2
161469.70980499356,0.4045454545454545,14.672903620830986,inertial,2
239378.31125968028,0.4045454545454545,14.54798820565698,inertial,2
383257.4815414671,0.4045454545454545,16.20688840594967,inertial,2
640061.8159655666,0.4045454545454545,15.9838301774226,inertial,2
1008044.946916456,0.4045454545454545,14.843222684035936,inertial,2
9.609768546168474e-07,0.4681818181818181,436777198.4854638,viscous,0
1.6632218605008685e-06,0.4681818181818181,244071311.4681834,viscous,0
2.456132590267818e-06,0.4681818181818181,155893297.09761378,viscous,0
3.993019149941635e-06,0.4681818181818181,112039714.26700789,viscous,0
6.469231878951438e-06,0.4681818181818181,60671213.14276499,viscous,0
1.0209593665150554e-05,0.4681818181818181,39524427.05028968,viscous,0
1.6741702346480367e-05,0.4681818181818181,23891447.189605523,viscous,0
2.5830566928741767e-05,0.4681818181818181,15854682.894663466,viscous,0
4.297588928366324e-05,0.4681818181818181,9970568.789293678,viscous,0
6.881470700115678e-05,0.4681818181818181,5871633.777846488,viscous,0
0.0001027574757492,0.4681818181818181,3865645.13385392,viscous,0
0.0001741764300926,0.4681818181818181,2220377.1092490368,viscous,0
0.0002779516779432,0.4681818181818181,1444096.356552645,viscous,0
0.0004329949974641,0.4681818181818181,1009729.4460061786,viscous,0
0.0007084471513436,0.4681818181818181,624925.1673070556,viscous,0
0.0010929746417274,0.4681818181818181,400246.966686496,viscous,0
0.0018453618852975,0.4681818181818181,192874.3008497465,viscous,0
0.0028607312105723,0.4681818181818181,156103.689140199,viscous,0
0.0046897979230963,0.4681818181818181,86234.56376654799,viscous,0
0.0072673117738924,0.4681818181818181,53305.75321199511,viscous,0
0.0117620862815247,0.4681818181818181,32141.299920445315,viscous,0
0.0181116566790805,0.4681818181818181,24148.52880774612,viscous,0
0.0298063181412186,0.4681818181818181,13628.806951787632,viscous,0
0.0474882541125572,0.4681818181818181,9994.923061432004,viscous,0
0.0784952225601645,0.4681818181818181,5074.989250837373,viscous,0
0.1277796132416213,0.4681818181818181,3229.9808585696346,viscous,0
0.1985058192263037,0.4681818181818181,2031.1843343567573,viscous,0
0.3015131467951955,0.4681818181818181,1436.6275252111293,viscous,0
0.4840581716277684,0.4681818181818181,830.0375865324627,viscous,0
0.812835792627068,0.4681818181818181,488.4420256314187,viscous,0
1.2111661258067772,0.4681818181818181,360.07621784836385,viscous,0
1.903486375008764,0.4681818181818181,217.90504880624195,viscous,0
3.189412071253592,0.4681818181818181,129.66442353453334,viscous,0
4.980880365540213,0.4681818181818181,95.18385449063994,viscous,0
8.299741378190687,0.4681818181818181,56.15885790579679,viscous,0
13.351886982423784,0.4681818181818181,43.190531549464175,viscous,0
20.19879627675784,0.4681818181818181,29.626294509057143,viscous,0
35.57764456291152,0.4681818181818181,21.330676859396014,viscous,0
54.87961038446076,0.4681818181818181,16.436558752632276,inertial,1
83.52314753037132,0.4681818181818181,14.84329882225501,inertial,1
139.35112988902225,0.4681818181818181,12.004627384546277,inertial,1
215.2386545994846,0.4681818181818181,10.07005774284939,inertial,1
350.27098028774884,0.4681818181818181,9.900785632720323,inertial,2
554.6829344318057,0.4681818181818181,10.149100674948604,inertial,2
911.666973001693,0.4681818181818181,9.870980381572034,inertial,2
1520.278776772385,0.4681818181818181,9.9012131094844,inertial,2
2219.277828243418,0.4681818181818181,8.884203852417604,inertial,2
3887.363246646223,0.4681818181818181,8.875987792045164,inertial,2
5782.782157224745,0.4681818181818181,9.973710498591403,inertial,2
9737.56257402016,0.4681818181818181,9.086562032421606,inertial,2
14881.399021831849,0.4681818181818181,8.382623098715383,inertial,2
22963.952035094902,0.4681818181818181,8.92251599397968,inertial,2
37687.50967974465,0.4681818181818181,8.934325288730768,inertial,2
60484.65809409264,0.4681818181818181,10.127416944969903,inertial,2
97521.56624805272,0.4681818181818181,9.21433598070294,inertial,2
153625.91170426077,0.4681818181818181,8.99401314581704,inertial,2
254621.0704167697,0.4681818181818181,8.63197896974372,inertial,2
390466.8637164176,0.4681818181818181,8.586452974478574,inertial,2
627690.2286205395,0.4681818181818181,9.123769003982144,inertial,2
1028000.0290003108,0.4681818181818181,9.62905676662752,inertial,2
1.0200910928242387e-06,0.4681818181818181,439503113.8525199,viscous,0
1.6752752662497866e-06,0.4681818181818181,250689275.66199416,viscous,0
2.58014394359827e-06,0.4681818181818181,145440130.5285103,viscous,0
4.114735156419951e-06,0.4681818181818181,100443440.34086636,viscous,0
6.18814095257642e-06,0.4681818181818181,65380226.698561,viscous,0
1.0700973064924478e-05,0.4681818181818181,36312084.26774836,viscous,0
1.726571745975436e-05,0.4681818181818181,24518825.35523269,viscous,0
2.6348335387988187e-05,0.4681818181818181,15578672.931944557,viscous,0
4.344418225112892e-05,0.4681818181818181,8858505.198871046,viscous,0
7.196100566768447e-05,0.4681818181818181,5515873.151233565,viscous,0
0.0001056641238803,0.4681818181818181,4158685.557148813,viscous,0
0.0001768404440178,0.4681818181818181,2497897.3793539065,viscous,0
0.0002846465211324,0.4681818181818181,1479940.1568493585,viscous,0
0.000424070438063,0.4681818181818181,952077.8082631382,viscous,0
0.0007080159814257,0.4681818181818181,583397.4938125503,viscous,0
0.0010570659656656,0.4681818181818181,412060.4611398264,viscous,0
0.00189143776786,0.4681818181818181,235175.6622647472,viscous,0
0.0027820542474259,0.4681818181818181,151880.42301533354,viscous,0
0.0042984428568306,0.4681818181818181,104665.14025010046,viscous,0
0.0069045033479501,0.4681818181818181,61125.356526560856,viscous,0
0.0121044111931603,0.4681818181818181,36440.66740622761,viscous,0
0.0188654850394653,0.4681818181818181,20414.000231884045,viscous,0
0.0297343239398432,0.4681818181818181,13726.90579794018,viscous,0
0.0481687517600517,0.4681818181818181,9026.427585962972,viscous,0
0.0776214146091313,0.4681818181818181,5932.006858685891,viscous,0
0.1239819563309082,0.4681818181818181,3279.08023995143,viscous,0
0.2038789212312048,0.4681818181818181,2004.9790928817804,viscous,0
0.3127503301000591,0.4681818181818181,1342.9852204767458,viscous,0
0.4624205463596225,0.4681818181818181,915.653879187236,viscous,0
0.7981346213771715,0.4681818181818181,521.5337088677884,viscous,0
1.2585025812449084,0.4681818181818181,316.560674230258,viscous,0
2.0237606468725966,0.4681818181818181,229.99352449617527,viscous,0
3.2074874103964084,0.4681818181818181,134.40102406369655,viscous,0
5.057622465708711,0.4681818181818181,100.44373948204692,viscous,0
7.899452540596047,0.4681818181818181,64.05178896832226,viscous,0
13.185470570813523,0.4681818181818181,44.4967764130252,viscous,0
21.83323847476957,0.4681818181818181,27.88016079959413,viscous,0
32.01401831885474,0.4681818181818181,23.61101189442646,viscous,0
55.95129836459623,0.4681818181818181,15.573047706079567,inertial,1
87.48083379018962,0.4681818181818181,13.253204881765768,inertial,1
133.49972323081664,0.4681818181818181,11.225057092038004,inertial,1
224.45935914156885,0.4681818181818181,11.059653694252862,inertial,1
353.84709661673384,0.4681818181818181,11.008404482643387,inertial,2
568.1645220834979,0.4681818181818181,10.087135594423696,inertial,2
909.7345897961378,0.4681818181818181,9.02972292280984,inertial,2
1419.3625179723367,0.4681818181818181,8.81236591050509,inertial,2
2209.05935195689,0.4681818181818181,9.21370656484296,inertial,2
3742.460212462508,0.4681818181818181,10.174405500405838,inertial,2
5604.96703048843,0.4681818181818181,9.222298842893832,inertial,2
9229.492358673477,0.4681818181818181,9.357203457466982,inertial,2
15034.176598482583,0.4681818181818181,9.262799958224708,inertial,2
22923.460184118758,0.4681818181818181,9.268098143276868,inertial,2
38716.59570908485,0.4681818181818181,8.849535781066217,inertial,2
63890.19303135369,0.4681818181818181,8.969459500330036,inertial,2
94360.96809438973,0.4681818181818181,9.208802052677118,inertial,2
152434.9621349526,0.4681818181818181,8.472267709057887,inertial,2
245182.63945865183,0.4681818181818181,9.824004954733532,inertial,2
416208.5533953619,0.4681818181818181,8.816414734950069,inertial,2
643287.0999566292,0.4681818181818181,9.129904026594824,inertial,2
1008552.968292446,0.4681818181818181,9.662685466845188,inertial,2
1.0258916591972398e-06,0.5318181818181817,214723877.71395287,viscous,0
1.5534217263482928e-06,0.5318181818181817,133025381.17555895,viscous,0
2.546511135702959e-06,0.5318181818181817,87239351.00084005,viscous,0
4.137378323916805e-06,0.5318181818181817,54939646.76231893,viscous,0
6.703817371219641e-06,0.5318181818181817,28915223.57379021,viscous,0
1.0683656768339704e-05,0.5318181818181817,19416276.72890852,viscous,0
1.7173309546344547e-05,0.5318181818181817,12944555.160955915,viscous,0
2.703611425068149e-05,0.5318181818181817,7869384.584467258,viscous,0
4.273672727190464e-05,0.5318181818181817,4658906.5491601685,viscous,0
6.994847675378492e-05,0.5318181818181817,3073754.854763648,viscous,0
0.0001000381395833,0.5318181818181817,2304178.4081880646,viscous,0
0.0001816078190256,0.5318181818181817,1152055.2724010325,viscous,0
0.0002860738511007,0.5318181818181817,735995.2386616978,viscous,0
0.0004116590566868,0.5318181818181817,521586.14692933887,viscous,0
0.0007107335308085,0.5318181818181817,309621.9322938808,viscous,0
0.001127709445855,0.5318181818181817,196735.40813945205,viscous,0
0.0018074186364997,0.5318181818181817,119646.6093530755,viscous,0
0.0028170322589216,0.5318181818181817,76576.88166237353,viscous,0
0.0045335150886298,0.5318181818181817,47497.08067602525,viscous,0
0.00708005419397,0.5318181818181817,30053.0497215667,viscous,0
0.0117183892956144,0.5318181818181817,18949.97447311928,viscous,0
0.0186359792458649,0.5318181818181817,11627.6539294734,viscous,0
0.030306761417807,0.5318181818181817,7518.048082866888,viscous,0
0.0486213205266831,0.5318181818181817,4124.118481214432,viscous,0
0.075062415294239,0.5318181818181817,3022.337415568649,viscous,0
0.1234413859375706,0.5318181818181817,1837.6625910097068,viscous,0
0.1959887878875327,0.5318181818181817,1073.9427562540334,viscous,0
0.3217021879595553,0.5318181818181817,639.9136066830666,viscous,0
0.5102212346363147,0.5318181818181817,433.51448652210456,viscous,0
0.7570387616015659,0.5318181818181817,288.42090326120194,viscous,0
1.310323100353426,0.5318181818181817,167.27438591030491,viscous,0
1.9467581769778888,0.5318181818181817,116.04354097727014,viscous,0
3.146415066877013,0.5318181818181817,70.3785925460864,viscous,0
5.21873222618728,0.5318181818181817,49.25995765360897,viscous,0
8.092185319102265,0.5318181818181817,33.32063545588811,viscous,0
12.989772855528347,0.5318181818181817,22.16416505203596,viscous,0
21.06889156139919,0.5318181818181817,17.04865948498406,viscous,0
34.0436901603594,0.5318181818181817,11.289639660783118,viscous,1
54.39189791225335,0.5318181818181817,9.361762754748373,inertial,1
84.35819084989684,0.5318181818181817,7.707762225903413,inertial,1
136.53722744484307,0.5318181818181817,7.026869450123816,inertial,1
215.64683247344863,0.5318181818181817,6.026602812377655,inertial,1
331.2305732043615,0.5318181818181817,6.146210399966681,inertial,2
559.8665388489234,0.5318181818181817,6.510783076045274,inertial,2
884.7585569247367,0.5318181818181817,5.992493415403812,inertial,2
1472.700669734258,0.5318181818181817,5.578440443915051,inertial,2
2274.7455858300987,0.5318181818181817,5.425301908623145,inertial,2
3823.4048734926455,0.5318181818181817,5.104372897803991,inertial,2
5783.561010580694,0.5318181818181817,5.877895925617918,inertial,2
9219.317022077128,0.5318181818181817,5.316815566295707,inertial,2
14877.354608780044,0.5318181818181817,5.607590986452914,inertial,2
24003.49480998559,0.5318181818181817,5.533556121126843,inertial,2
38551.74134267132,0.5318181818181817,5.71676743111587,inertial,2
58242.44828342336,0.5318181818181817,5.348532638379058,inertial,2
98714.7185852894,0.5318181818181817,5.584056629343441,inertial,2
154702.46864061058,0.5318181818181817,5.634798429928806,inertial,2
252485.220830232,0.5318181818181817,5.219150443569856,inertial,2
377776.2779119309,0.5318181818181817,5.142298776905167,inertial,2
661952.0432290989,0.5318181818181817,5.167644924226939,inertial,2
992987.0923356818,0.5318181818181817,5.397007115160887,inertial,2
1.0314151640859196e-06,0.5318181818181817,194289862.0658473,viscous,0
1.595431680127513e-06,0.5318181818181817,145587040.48554844,viscous,0
2.6381865716590527e-06,0.5318181818181817,84569434.03636754,viscous,0
4.043614631659772e-06,0.5318181818181817,59024008.3808455,viscous,0
6.191213762507531e-06,0.5318181818181817,37081466.09694621,viscous,0
1.055771946958954e-05,0.5318181818181817,21325292.598273307,viscous,0
1.6741800494170747e-05,0.5318181818181817,13191198.42751844,viscous,0
2.7280724279063377e-05,0.5318181818181817,7563749.78440691,viscous,0
4.08204252900855e-05,0.5318181818181817,5398602.455256773,viscous,0
6.779348167982887e-05,0.5318181818181817,3250853.769249918,viscous,0
0.0001134017595468,0.5318181818181817,1872546.863331868,viscous,0
0.0001766350734898,0.5318181818181817,1261548.4899584183,viscous,0
0.0002961498492277,0.5318181818181817,688136.1873440396,viscous,0
0.0004334649241465,0.5318181818181817,492904.139287252,viscous,0
0.0007322570196207,0.5318181818181817,286530.5143852532,viscous,0
0.0011815402547328,0.5318181818181817,200399.92254649068,viscous,0
0.0018429570412458,0.5318181818181817,121236.40126591224,viscous,0
0.0027374861502804,0.5318181818181817,80586.78395890309,viscous,0
0.0043891150497802,0.5318181818181817,48913.304554325885,viscous,0
0.0073629685508,0.5318181818181817,29238.189609676858,viscous,0
0.0120277529530201,0.5318181818181817,18062.23248715761,viscous,0
0.0178242070869984,0.5318181818181817,11635.75556447568,viscous,0
0.0287063998390121,0.5318181818181817,7500.521013176612,viscous,0
0.0494561925144261,0.5318181818181817,4538.654859128978,viscous,0
0.0768739761954191,0.5318181818181817,2671.59676224017,viscous,0
0.1305008097197509,0.5318181818181817,1678.0847421466626,viscous,0
0.2087493578989802,0.5318181818181817,1007.9131592389,viscous,0
0.3048786733212114,0.5318181818181817,822.7003561364196,viscous,0
0.4796333087809544,0.5318181818181817,470.9485614256673,viscous,0
0.7832468631039696,0.5318181818181817,273.18945316314444,viscous,0
1.348500971188151,0.5318181818181817,159.34155473191285,viscous,0
2.0738496983808554,0.5318181818181817,117.14300124655756,viscous,0
3.1281817831875243,0.5318181818181817,68.50784413007418,viscous,0
4.882752874139467,0.5318181818181817,48.24695313619617,viscous,0
8.282382786474933,0.5318181818181817,32.37778077423473,viscous,0
13.067154056169262,0.5318181818181817,22.05884016420919,viscous,0
21.613475100452497,0.5318181818181817,16.16995589698773,viscous,0
33.91239443851087,0.5318181818181817,11.531532231844285,viscous,1
54.82068101964566,0.5318181818181817,9.5203087175215,inertial,1
83.64884900124535,0.5318181818181817,7.83108485346473,inertial,1
141.7754611529609,0.5318181818181817,7.66442129624428,inertial,1
214.82327291596096,0.5318181818181817,5.8266296501970976,inertial,1
354.8353251202132,0.5318181818181817,5.7953667490508725,inertial,2
569.2542859670253,0.5318181818181817,5.722477457475589,inertial,2
951.046193933212,0.5318181818181817,5.708862751087533,inertial,2
1459.8406922652364,0.5318181818181817,5.26690838331626,inertial,2
2085.4516332990115,0.5318181818181817,5.589582466935399,inertial,2
3653.718697351072,0.5318181818181817,5.708843494970029,inertial,2
5695.034333686425,0.5318181818181817,5.142338286987976,inertial,2
8815.543760374172,0.5318181818181817,5.625315032287319,inertial,2
15091.964964027537,0.5318181818181817,5.227565286693233,inertial,2
23227.457829979907,0.5318181818181817,5.261388643826325,inertial,2
35610.563163720624,0.5318181818181817,5.507771636053866,inertial,2
61756.63454174384,0.5318181818181817,5.390079716581826,inertial,2
92154.7427830402,0.5318181818181817,5.395673006761479,inertial,2
160035.9364007654,0.5318181818181817,6.060692645562468,inertial,2
247364.0202200808,0.5318181818181817,5.237232604463603,inertial,2
369275.59366600646,0.5318181818181817,5.042439162031614,inertial,2
624384.4351756893,0.5318181818181817,5.509261609471044,inertial,2
1007728.9127669448,0.5318181818181817,5.376131225886163,inertial,2
9.54758678462677e-07,0.5954545454545455,112552243.94829686,viscous,0
1.6043875945245145e-06,0.5954545454545455,69544938.4314949,viscous,0
2.653262062172396e-06,0.5954545454545455,40739909.90422816,viscous,0
4.286969671642072e-06,0.5954545454545455,26233541.757425424,viscous,0
6.5534081149713945e-06,0.5954545454545455,17941503.46934843,viscous,0
1.0291226462402011e-05,0.5954545454545455,10216234.088578498,viscous,0
1.637019804213182e-05,0.5954545454545455,7664540.809022177,viscous,0
2.5529456550271376e-05,0.5954545454545455,4153726.756444776,viscous,0
4.209853447255589e-05,0.5954545454545455,2705569.81243459,viscous,0
6.511248244210967e-05,0.5954545454545455,1719787.2286987675,viscous,0
0.0001065688809391,0.5954545454545455,1068773.1640515854,viscous,0
0.0001735437144994,0.5954545454545455,694094.0931981471,viscous,0
0.0002790751076669,0.5954545454545455,423821.94481350464,viscous,0
0.0004634022104268,0.5954545454545455,265040.3377906748,viscous,0
0.0006449212914118,0.5954545454545455,177049.81174323073,viscous,0
0.0010722766434043,0.5954545454545455,104766.4532141904,viscous,0
0.0018377375188116,0.5954545454545455,62639.877460746735,viscous,0
0.0028316899917243,0.5954545454545455,43859.88595501381,viscous,0
0.0043794994414633,0.5954545454545455,26428.54695281176,viscous,0
0.0074397178958059,0.5954545454545455,15650.955122122234,viscous,0
0.0112886105397385,0.5954545454545455,10291.789385044249,viscous,0
0.0191296658119612,0.5954545454545455,6191.128141612735,viscous,0
0.0301103234070847,0.5954545454545455,3924.8019911611714,viscous,0
0.0478329858988434,0.5954545454545455,2287.6923217236035,viscous,0
0.0753925948396719,0.5954545454545455,1579.2472659621867,viscous,0
0.1107050259064558,0.5954545454545455,1094.306467994589,viscous,0
0.1961244960591869,0.5954545454545455,564.7484166571409,viscous,0
0.3032503786597635,0.5954545454545455,382.8546568702517,viscous,0
0.5015356742989118,0.5954545454545455,230.8303389725424,viscous,0
0.8194260665205446,0.5954545454545455,148.28075695496344,viscous,0
1.2343741169456353,0.5954545454545455,95.27805882336742,viscous,0
2.0325902733746037,0.5954545454545455,62.8037888672942,viscous,0
3.291049279120392,0.5954545454545455,38.49506385327465,viscous,0
5.173829979701836,0.5954545454545455,25.79416227274452,viscous,0
8.432644811584098,0.5954545454545455,16.31688532310276,viscous,0
13.38130302066518,0.5954545454545455,10.977160007138512,viscous,0
21.27699698618952,0.5954545454545455,8.931633628633138,viscous,1
33.52886514371456,0.5954545454545455,6.1311608110210845,viscous,1
56.134020365962286,0.5954545454545455,5.673782397986672,inertial,1
85.61206093954549,0.5954545454545455,4.820647402949131,inertial,1
132.84773852837884,0.5954545454545455,4.338142762785151,inertial,1
228.7226467738284,0.5954545454545455,3.640667227446894,inertial,2
377.9691664046338,0.5954545454545455,3.5817182260059903,inertial,2
570.8774284623072,0.5954545454545455,3.412949586236939,inertial,2
899.9928780519523,0.5954545454545455,3.267493130749099,inertial,2
1393.0171042517882,0.5954545454545455,3.3976156226352785,inertial,2
2225.295102875848,0.5954545454545455,3.364589528812316,inertial,2
3732.8244165661495,0.5954545454545455,3.1749993868478814,inertial,2
5586.407270583845,0.5954545454545455,3.381962449768229,inertial,2
9093.916476451092,0.5954545454545455,3.2012251667225367,inertial,2
14832.411262921236,0.5954545454545455,3.267522384770367,inertial,2
23837.50904827176,0.5954545454545455,3.351409065853729,inertial,2
37467.05784129419,0.5954545454545455,3.344871720455321,inertial,2
62085.85223319609,0.5954545454545455,3.582922670573868,inertial,2
95713.1015441539,0.5954545454545455,3.1860411289254005,inertial,2
146808.1986501319,0.5954545454545455,2.999580783146885,inertial,2
236869.51622394315,0.5954545454545455,3.213773124149765,inertial,2
391323.4394580118,0.5954545454545455,3.052548897984316,inertial,2
653487.6425379529,0.5954545454545455,3.536530382555172,inertial,2
1038061.5822249206,0.5954545454545455,3.268411782157371,inertial,2
1.0073468948006733e-06,0.5954545454545455,110085285.22315274,viscous,0
1.6733317164388262e-06,0.5954545454545455,65396956.89192905,viscous,0
2.512393850447463e-06,0.5954545454545455,49693714.31676024,viscous,0
4.391459090705071e-06,0.5954545454545455,26355997.92283693,viscous,0
6.429279894226122e-06,0.5954545454545455,15954240.539853765,viscous,0
1.0945468330129092e-05,0.5954545454545455,10787925.672172723,viscous,0
1.569616046627573e-05,0.5954545454545455,7737632.648782193,viscous,0
2.7022589950506232e-05,0.5954545454545455,4227248.156873544,viscous,0
4.1672608534530495e-05,0.5954545454545455,2893905.6769314087,viscous,0
6.816422629993975e-05,0.5954545454545455,1747816.6353072398,viscous,0
0.0001121703569563,0.5954545454545455,1100305.1857528412,viscous,0
0.0001766838015205,0.5954545454545455,677633.4563820671,viscous,0
0.0002654756598499,0.5954545454545455,414225.4650358187,viscous,0
0.0004515773946461,0.5954545454545455,265954.5092414866,viscous,0
0.0007148401400622,0.5954545454545455,169639.89513538833,viscous,0
0.0011056799637711,0.5954545454545455,108176.17742685368,viscous,0
0.0017432245003793,0.5954545454545455,66911.86659064217,viscous,0
0.0029494100285751,0.5954545454545455,38113.94711483092,viscous,0
0.0048580397422944,0.5954545454545455,25334.13420876468,viscous,0
0.0076257706006172,0.5954545454545455,15090.604106334027,viscous,0
0.0112124422155906,0.5954545454545455,10017.297490781848,viscous,0
0.0189834008504407,0.5954545454545455,6043.454661972164,viscous,0
0.030477182703759,0.5954545454545455,3847.280767367797,viscous,0
0.0468039274706724,0.5954545454545455,2606.572450960019,viscous,0
0.0792442191094475,0.5954545454545455,1417.768841284208,viscous,0
0.1234284634057505,0.5954545454545455,952.8143520352296,viscous,0
0.1957920834550397,0.5954545454545455,594.1137358387292,viscous,0
0.2986788322830262,0.5954545454545455,421.3159046529355,viscous,0
0.480085366650067,0.5954545454545455,235.0865694579398,viscous,0
0.806966536491695,0.5954545454545455,148.7721337687765,viscous,0
1.2340236426252138,0.5954545454545455,94.42024290636652,viscous,0
2.0091719318212067,0.5954545454545455,59.90396753108675,viscous,0
3.2877445060759043,0.5954545454545455,36.52936213157362,viscous,0
5.207125581220465,0.5954545454545455,27.725440296184264,viscous,0
8.277091419580481,0.5954545454545455,16.644867023477804,viscous,0
12.85948923167346,0.5954545454545455,12.42212144992166,viscous,0
20.60160785686064,0.5954545454545455,9.569988067375448,viscous,1
31.72821752043114,0.5954545454545455,7.617188935316889,viscous,1
50.39997282321531,0.5954545454545455,5.6486180285766014,inertial,1
82.81204782343872,0.5954545454545455,4.956410288210772,inertial,1
133.50836079462616,0.5954545454545455,3.9914498380450794,inertial,1
216.0493289075432,0.5954545454545455,3.8122266031370766,inertial,2
328.9740898714339,0.5954545454545455,3.7918436467550185,inertial,2
518.3100029246935,0.5954545454545455,3.794262626627063,inertial,2
880.7490466457505,0.5954545454545455,3.655309018811488,inertial,2
1395.46130932016,0.5954545454545455,3.3029132005556034,inertial,2
2314.3216709327457,0.5954545454545455,3.3054746861833038,inertial,2
3460.6567908738884,0.5954545454545455,3.3720856462377102,inertial,2
5556.102543421757,0.5954545454545455,3.371950868468467,inertial,2
9639.792139202342,0.5954545454545455,3.531205621185446,inertial,2
14774.597260644325,0.5954545454545455,3.333335819699753,inertial,2
23375.12873943819,0.5954545454545455,3.252813583966065,inertial,2
38097.57961308205,0.5954545454545455,3.329861739096881,inertial,2
59523.42625587673,0.5954545454545455,3.400763779219863,inertial,2
90521.9187995324,0.5954545454545455,3.699221071962676,inertial,2
156549.1044275281,0.5954545454545455,3.128171311377476,inertial,2
246223.46032986656,0.5954545454545455,3.169588732498886,inertial,2
385650.8572221404,0.5954545454545455,3.2067235640916434,inertial,2
646898.0523047792,0.5954545454545455,3.046313613901764,inertial,2
989424.5157519548,0.5954545454545455,3.087918310374421,inertial,2
9.993866995066005e-07,0.6590909090909091,59965294.03978297,viscous,0
1.5313057369181603e-06,0.6590909090909091,42730109.79395616,viscous,0
2.673926713166898e-06,0.6590909090909091,22137671.177060843,viscous,0
4.139707036273484e-06,0.6590909090909091,14599286.05021125,viscous,0
6.557390855653571e-06,0.6590909090909091,10024697.763446486,viscous,0
1.031452133363026e-05,0.6590909090909091,6456541.654604338,viscous,0
1.6465849440412946e-05,0.6590909090909091,3680586.821641574,viscous,0
2.807659372456794e-05,0.6590909090909091,2198693.6647992157,viscous,0
3.986986938444763e-05,0.6590909090909091,1544435.487135794,viscous,0
6.513395069106645e-05,0.6590909090909091,860246.756547759,viscous,0
0.0001051034004777,0.6590909090909091,588840.9440344297,viscous,0
0.0001670252970317,0.6590909090909091,339879.3254911818,viscous,0
0.0002727282438366,0.6590909090909091,227820.2929599297,viscous,0
0.0004315139093226,0.6590909090909091,132182.8673287742,viscous,0
0.0006594015667874,0.6590909090909091,88825.41855820686,viscous,0
0.0011530491302747,0.6590909090909091,55521.590284641024,viscous,0
0.0018387708521994,0.6590909090909091,32826.59039383931,viscous,0
0.0028794690601882,0.6590909090909091,22531.52920842007,viscous,0
0.0044637421018147,0.6590909090909091,13893.302869101964,viscous,0
0.0069188064279958,0.6590909090909091,9107.936707072437,viscous,0
0.0115324092316677,0.6590909090909091,4985.2800957907375,viscous,0
0.0191097746737337,0.6590909090909091,3015.9952966745727,viscous,0
0.0290587281306554,0.6590909090909091,2264.952599338927,viscous,0
0.0461676335370859,0.6590909090909091,1278.3079908593909,viscous,0
0.0745510771118692,0.6590909090909091,851.5827970273768,viscous,0
0.1150339342169743,0.6590909090909091,565.6721820049804,viscous,0
0.1927369472835818,0.6590909090909091,312.99829357443974,viscous,0
0.3018858171537654,0.6590909090909091,202.29962636711497,viscous,0
0.5176935666110791,0.6590909090909091,120.97861032900428,viscous,0
0.7694052988839012,0.6590909090909091,79.82187230092877,viscous,0
1.284275553656932,0.6590909090909091,49.70580031439738,viscous,0
2.00323679516189,0.6590909090909091,33.475361326515014,viscous,0
3.2597111268015477,0.6590909090909091,19.673508768618184,viscous,0
4.863123275177244,0.6590909090909091,14.974166778582,viscous,0
8.69870432770022,0.6590909090909091,8.718194539615729,viscous,1
13.08599799665746,0.6590909090909091,7.20853920380905,viscous,1
22.1156292760839,0.6590909090909091,4.85269981714935,viscous,1
34.8101738716534,0.6590909090909091,3.9794609772582135,inertial,1
52.67104418543872,0.6590909090909091,2.9286760980092432,inertial,1
83.24431974225132,0.6590909090909091,2.867619606860715,inertial,1
138.37435902761993,0.6590909090909091,2.461162895547861,inertial,1
212.7199489324566,0.6590909090909091,2.1877175138689,inertial,2
331.49737370008813,0.6590909090909091,2.2535996614518736,inertial,2
531.1849531092613,0.6590909090909091,2.196693421029665,inertial,2
868.4719211495958,0.6590909090909091,2.1084268277802454,inertial,2
1514.375018292198,0.6590909090909091,2.129064533036328,inertial,2
2246.239754818862,0.6590909090909091,2.092617849271953,inertial,2
3468.3426627469075,0.6590909090909091,2.246795403000338,inertial,2
5939.609923711368,0.6590909090909091,2.039012444039512,inertial,2
9312.9881963083,0.6590909090909091,2.021240851665441,inertial,2
14950.461810752424,0.6590909090909091,1.952209348066594,inertial,2
23788.45230594365,0.6590909090909091,2.248917220039008,inertial,2
38201.96578556652,0.6590909090909091,2.0246926427332106,inertial,2
61949.15869483425,0.6590909090909091,2.298269607478307,inertial,2
98304.65106122415,0.6590909090909091,2.0945037892754126,inertial,2
149964.58436710708,0.6590909090909091,2.130026776132912,inertial,2
259941.37009232055,0.6590909090909091,1.8840546161030047,inertial,2
403601.9734339828,0.6590909090909091,2.0993331737355074,inertial,2
655129.9333764976,0.6590909090909091,2.0705320808636807,inertial,2
937150.2335093308,0.6590909090909091,2.301959729473748,inertial,2
9.658164368169e-07,0.6590909090909091,65617036.910244696,viscous,0
1.5912108754438635e-06,0.6590909090909091,38189602.65109731,viscous,0
2.5619623281557456e-06,0.6590909090909091,23126314.50520232,viscous,0
4.098269006800792e-06,0.6590909090909091,15087355.97507188,viscous,0
6.668117485492665e-06,0.6590909090909091,9188489.504717289,viscous,0
1.0497873614297873e-05,0.6590909090909091,6198297.774541771,viscous,0
1.6165408742155955e-05,0.6590909090909091,3779802.999867704,viscous,0
2.6912910561513623e-05,0.6590909090909091,2382628.913080884,viscous,0
4.229511818590711e-05,0.6590909090909091,1446772.2807778344,viscous,0
6.699065407175222e-05,0.6590909090909091,967054.73330121,viscous,0
0.0001070813425543,0.6590909090909091,588438.6406880784,viscous,0
0.0001721713250231,0.6590909090909091,354196.2684776097,viscous,0
0.0002659150654786,0.6590909090909091,229628.05971171465,viscous,0
0.0004402319340169,0.6590909090909091,128422.60790499674,viscous,0
0.0006883519575142,0.6590909090909091,86472.27032979942,viscous,0
0.0010738168601737,0.6590909090909091,53356.56040197134,viscous,0
0.0018766530335346,0.6590909090909091,30818.435044642672,viscous,0
0.0027955393065056,0.6590909090909091,20314.20525669873,viscous,0
0.0047534431582838,0.6590909090909091,13413.231936826944,viscous,0
0.0073884403478476,0.6590909090909091,8277.872812021616,viscous,0
0.0115182915859503,0.6590909090909091,5213.623699084361,viscous,0
0.018297973326266,0.6590909090909091,3441.0852668431958,viscous,0
0.0304505230631912,0.6590909090909091,2095.113297005482,viscous,0
0.0506594903002861,0.6590909090909091,1247.3257603052866,viscous,0
0.0775573743513035,0.6590909090909091,827.6668439132054,viscous,0
0.1160526793291549,0.6590909090909091,526.867575442345,viscous,0
0.1855365357290982,0.6590909090909091,357.3562938888123,viscous,0
0.3055639271787996,0.6590909090909091,220.01438406473525,viscous,0
0.5113822656936318,0.6590909090909091,117.85006601709192,viscous,0
0.7528011292057322,0.6590909090909091,78.43164095820865,viscous,0
1.3038518329305402,0.6590909090909091,48.004931149573736,viscous,0
1.9310135776118529,0.6590909090909091,33.23983293225017,viscous,0
3.392568009176128,0.6590909090909091,21.70958958854006,viscous,0
5.078092945682418,0.6590909090909091,14.292575582487505,viscous,0
8.379876151103756,0.6590909090909091,8.683180288993745,viscous,1
12.933042625695602,0.6590909090909091,6.655389453211948,viscous,1
21.247029816724925,0.6590909090909091,4.824761370543654,viscous,1
32.152696787140854,0.6590909090909091,4.0424443008399615,inertial,1
52.53502602323011,0.6590909090909091,3.049628156644771,inertial,1
82.45896849694992,0.6590909090909091,2.790842195551914,inertial,1
142.72458934122574,0.6590909090909091,2.4885256958435003,inertial,1
225.4055576578314,0.6590909090909091,2.10380383447505,inertial,2
339.97431331378664,0.6590909090909091,2.1248759405445896,inertial,2
552.3133971609552,0.6590909090909091,2.280105278587344,inertial,2
875.0496927964408,0.6590909090909091,2.0234035455328887,inertial,2
1461.807927778783,0.6590909090909091,2.045911587679357,inertial,2
2288.143817468345,0.6590909090909091,2.0413218529503685,inertial,2
3681.794882537731,0.6590909090909091,2.060370124085895,inertial,2
5930.234185884726,0.6590909090909091,2.160032595522572,inertial,2
9886.492628674208,0.6590909090909091,2.0815239926312192,inertial,2
14347.759718823096,0.6590909090909091,1.970202722258514,inertial,2
23179.23030360236,0.6590909090909091,2.1258746833746245,inertial,2
36895.285769303584,0.6590909090909091,2.2499271155624045,inertial,2
60571.86268839602,0.6590909090909091,1.9853378832195243,inertial,2
94846.01886102864,0.6590909090909091,2.0188878356850872,inertial,2
154441.2445030929,0.6590909090909091,1.979963225096976,inertial,2
254995.7894291088,0.6590909090909091,2.0471669999086872,inertial,2
389160.59729639685,0.6590909090909091,2.182323966086279,inertial,2
612150.8430632123,0.6590909090909091,2.0836828739562607,inertial,2
1055238.084437629,0.6590909090909091,2.127063985622553,inertial,2
1.0088536520604218e-06,0.7227272727272727,29567138.201100323,viscous,1
1.5503724467647403e-06,0.7227272727272727,21504093.00445801,viscous,1
2.5391808916726085e-06,0.7227272727272727,13228268.4793584,viscous,1
3.992630683826471e-06,0.7227272727272727,8146557.426970069,viscous,1
6.469702099745537e-06,0.7227272727272727,4821124.784462078,viscous,1
1.0784535590537444e-05,0.7227272727272727,2895801.496716225,viscous,1
1.7013576812182173e-05,0.7227272727272727,1660536.1546838256,viscous,1
2.616534163627204e-05,0.7227272727272727,1293171.6083884058,viscous,1
4.20855748553324e-05,0.7227272727272727,737511.3305017551,viscous,1
6.735713478463172e-05,0.7227272727272727,439645.333196678,viscous,1
0.0001033790315666,0.7227272727272727,279099.500615014,viscous,1
0.0001816394027364,0.7227272727272727,167516.93220409812,viscous,1
0.0002661884302727,0.7227272727272727,109689.83801220582,viscous,1
0.0004523218355111,0.7227272727272727,64413.344499838895,viscous,1
0.0006907327082638,0.7227272727272727,41825.14418004514,viscous,1
0.0010825362756429,0.7227272727272727,30645.624066141056,viscous,1
0.0017881405892217,0.7227272727272727,16812.48136766809,viscous,1
0.0028170264907374,0.7227272727272727,11238.633218082898,viscous,1
0.004590054571122,0.7227272727272727,6754.549255648687,viscous,1
0.0073483525162573,0.7227272727272727,4084.767792375945,viscous,1
0.0115220881606724,0.7227272727272727,2432.140283855344,viscous,1
0.0183983613192645,0.7227272727272727,1851.4851392937333,viscous,1
0.0287361020072653,0.7227272727272727,1064.56971797264,viscous,1
0.0481216170496407,0.7227272727272727,675.2248483374241,viscous,1
0.0824119476437283,0.7227272727272727,364.6524217412576,viscous,1
0.1183908474207076,0.7227272727272727,273.428330059254,viscous,1
0.1953938323140993,0.7227272727272727,174.2590252033774,viscous,1
0.3169390269531053,0.7227272727272727,94.45764394010764,viscous,1
0.492440005918413,0.7227272727272727,64.67281588588409,viscous,1
0.8032088351880678,0.7227272727272727,37.15024636096717,viscous,1
1.192956880364701,0.7227272727272727,24.820015832336857,viscous,1
2.0564853625747457,0.7227272727272727,16.01661346225538,viscous,1
3.051888974583732,0.7227272727272727,10.988038494621682,viscous,1
4.859900251076968,0.7227272727272727,7.472094703441001,viscous,1
8.016404261052546,0.7227272727272727,4.955826920965724,viscous,1
13.108259248882645,0.7227272727272727,3.648956344800483,viscous,1
21.0285745938947,0.7227272727272727,2.920708026396059,viscous,1
36.033490209290825,0.7227272727272727,2.225947377729228,inertial,1
53.25285183750604,0.7227272727272727,1.9302169866113008,inertial,1
83.70048125549859,0.7227272727272727,1.5835619736777486,inertial,1
133.1195738693538,0.7227272727272727,1.5371353713727516,inertial,2
226.5266683573781,0.7227272727272727,1.587258140158183,inertial,2
362.7660163810096,0.7227272727272727,1.4181791628272191,inertial,2
545.4998271239599,0.7227272727272727,1.3465018119302246,inertial,2
904.134795726271,0.7227272727272727,1.3110995054316696,inertial,2
1502.4958782449085,0.7227272727272727,1.2532355399135562,inertial,2
2221.4053838279424,0.7227272727272727,1.3240249462570652,inertial,2
3850.06715429476,0.7227272727272727,1.181221395255479,inertial,2
5645.324965620548,0.7227272727272727,1.3766160477280922,inertial,2
9062.661410417695,0.7227272727272727,1.4284727680764848,inertial,2
14414.118286975869,0.7227272727272727,1.358384188692534,inertial,2
23535.99191404513,0.7227272727272727,1.3165561608606786,inertial,2
36540.52736817501,0.7227272727272727,1.1869321570449147,inertial,2
61626.21913108886,0.7227272727272727,1.2522630262310157,inertial,2
93558.0901563013,0.7227272727272727,1.2165530487347176,inertial,2
148876.1331346235,0.7227272727272727,1.375549236445275,inertial,2
238676.43475598437,0.7227272727272727,1.2510811106833255,inertial,2
415761.1877755743,0.7227272727272727,1.257937537585247,inertial,2
625945.4308126984,0.7227272727272727,1.309247639284151,inertial,2
991159.337820657,0.7227272727272727,1.2419090898098837,inertial,2
1.0391120441808176e-06,0.7227272727272727,29872042.100646093,viscous,1
1.5674303890752555e-06,0.7227272727272727,18184972.01411461,viscous,1
2.464316831658873e-06,0.7227272727272727,11777090.65247339,viscous,1
3.820142232014441e-06,0.7227272727272727,8479974.035641363,viscous,1
6.529645069474428e-06,0.7227272727272727,4805582.880379716,viscous,1
9.96466892760886e-06,0.7227272727272727,2992165.1833495125,viscous,1
1.6489624504710688e-05,0.7227272727272727,1859572.7922357577,viscous,1
2.636581181102245e-05,0.7227272727272727,1088700.398252758,viscous,1
4.378689672722032e-05,0.7227272727272727,722873.8123163828,viscous,1
6.783968355147577e-05,0.7227272727272727,474148.4502129632,viscous,1
0.0001121084852625,0.7227272727272727,292155.5182579421,viscous,1
0.0001735450242677,0.7227272727272727,173275.65705927217,viscous,1
0.0002719108740156,0.7227272727272727,117466.35918018672,viscous,1
0.0004314480660268,0.7227272727272727,67643.27508151997,viscous,1
0.0007156172038399,0.7227272727272727,43819.90505967061,viscous,1
0.0011458847969555,0.7227272727272727,25551.810794351528,viscous,1
0.0018119889435971,0.7227272727272727,17649.61474614313,viscous,1
0.0028273233109064,0.7227272727272727,10661.931181898875,viscous,1
0.0045408269892467,0.7227272727272727,7259.716462677729,viscous,1
0.0075187088186919,0.7227272727272727,3800.723168488958,viscous,1
0.0111681950560436,0.7227272727272727,2826.963858799781,viscous,1
0.0185528210551341,0.7227272727272727,1692.2940986815331,viscous,1
0.0300633915345469,0.7227272727272727,1070.080592199202,viscous,1
0.0453716872486211,0.7227272727272727,656.3400812411962,viscous,1
0.0766701110700344,0.7227272727272727,404.4327990118448,viscous,1
0.1181388154521875,0.7227272727272727,253.1022388291485,viscous,1
0.1907667777771898,0.7227272727272727,161.7788585060886,viscous,1
0.3167035703284676,0.7227272727272727,96.4043534371415,viscous,1
0.4930842587378991,0.7227272727272727,56.951456479711474,viscous,1
0.7664434969501687,0.7227272727272727,45.136057792904914,viscous,1
1.2004781876029915,0.7227272727272727,28.619124377585383,viscous,1
2.000799466559777,0.7227272727272727,15.00556466470365,viscous,1
3.3687323521682644,0.7227272727272727,11.03996890975647,viscous,1
5.073500050111219,0.7227272727272727,7.63023882636817,viscous,1
8.139867701511298,0.7227272727272727,5.051078500475932,viscous,1
13.207188172133948,0.7227272727272727,3.557007847424176,viscous,1
21.3238619566198,0.7227272727272727,2.7708537299260128,viscous,1
33.00738722802405,0.7227272727272727,2.2438030201013297,inertial,1
52.72673879605333,0.7227272727272727,1.877233670331384,inertial,1
84.28101517081852,0.7227272727272727,1.6558403749648758,inertial,1
143.36652895379896,0.7227272727272727,1.4502291223655133,inertial,2
208.89123173751557,0.7227272727272727,1.5503690260253205,inertial,2
351.70868362055853,0.7227272727272727,1.3282866390204138,inertial,2
552.726216526301,0.7227272727272727,1.2807476867524428,inertial,2
914.895632889455,0.7227272727272727,1.3666252875213691,inertial,2
1447.8778961891494,0.7227272727272727,1.32091354465247,inertial,2
2134.138252329284,0.7227272727272727,1.224775898851746,inertial,2
3656.178903646088,0.7227272727272727,1.1328810044292208,inertial,2
5776.692579309196,0.7227272727272727,1.2261414905256456,inertial,2
9426.549962246972,0.7227272727272727,1.275987129063943,inertial,2
15250.637359613978,0.7227272727272727,1.3092730179506833,inertial,2
23679.00065792813,0.7227272727272727,1.225523797233657,inertial,2
38410.45910605095,0.7227272727272727,1.448624986058222,inertial,2
57197.35149881417,0.7227272727272727,1.2217213966007487,inertial,2
101095.54911740772,0.7227272727272727,1.318977425797926,inertial,2
152259.7316175945,0.7227272727272727,1.336811281509515,inertial,2
247834.9168569221,0.7227272727272727,1.2442051991699314,inertial,2
384161.0124801191,0.7227272727272727,1.3415930686077426,inertial,2
632532.7695050566,0.7227272727272727,1.356562375354121,inertial,2
1019807.0292882026,0.7227272727272727,1.2465200101229552,inertial,2
1.0467849190601348e-06,0.7863636363636363,12843035.590214444,viscous,1
1.575737693584106e-06,0.7863636363636363,8591906.872827763,viscous,1
2.4463799939689106e-06,0.7863636363636363,5936998.476849881,viscous,1
3.948680918973974e-06,0.7863636363636363,3445574.5045506344,viscous,1
6.696417988784087e-06,0.7863636363636363,2195415.9526973385,viscous,1
1.020593315015262e-05,0.7863636363636363,1292156.6102129016,viscous,1
1.6556963047152057e-05,0.7863636363636363,785043.7179479954,viscous,1
2.573736987048198e-05,0.7863636363636363,536521.7563594833,viscous,1
4.217532049851685e-05,0.7863636363636363,324681.3059996536,viscous,1
6.739300162804236e-05,0.7863636363636363,223856.01535680145,viscous,1
0.0001101714405326,0.7863636363636363,136916.07759803653,viscous,1
0.0001774035696491,0.7863636363636363,80287.99589407137,viscous,1
0.000265988611329,0.7863636363636363,49511.01734656344,viscous,1
0.0004403516159697,0.7863636363636363,31326.3210077067,viscous,1
0.0006843552760553,0.7863636363636363,20999.19176676748,viscous,1
0.0011662610795645,0.7863636363636363,12031.637036509475,viscous,1
0.0018003445378846,0.7863636363636363,7609.939884542277,viscous,1
0.0028097265187237,0.7863636363636363,5531.351528835622,viscous,1
0.0044121206318395,0.7863636363636363,3166.122018242469,viscous,1
0.0072207293130569,0.7863636363636363,1939.881645531512,viscous,1
0.0120622719148793,0.7863636363636363,1227.460421712063,viscous,1
0.0185934912892667,0.7863636363636363,801.7658518024432,viscous,1
0.0291466774552329,0.7863636363636363,492.4888901074077,viscous,1
0.0502517359736207,0.7863636363636363,272.9406942719196,viscous,1
0.0765646625834903,0.7863636363636363,199.01980923889204,viscous,1
0.1185138924193844,0.7863636363636363,119.95009591290014,viscous,1
0.1923242782350401,0.7863636363636363,69.95530456260178,viscous,1
0.31390083778116,0.7863636363636363,43.735135192858486,viscous,1
0.5205803905312358,0.7863636363636363,27.84238587779677,viscous,1
0.7862616277274453,0.7863636363636363,18.7132900117731,viscous,1
1.267751447327608,0.7863636363636363,11.756634200167694,viscous,1
2.022229151434796,0.7863636363636363,7.511934183865208,viscous,1
3.1766360611114144,0.7863636363636363,5.339771250389488,viscous,1
4.83092452200929,0.7863636363636363,3.538869432203112,viscous,1
8.229353184689533,0.7863636363636363,2.5224926842636832,viscous,1
12.98840336155815,0.7863636363636363,1.865481165102047,viscous,1
20.77211797912222,0.7863636363636363,1.318117569042526,inertial,1
34.488711372569256,0.7863636363636363,1.192951150150874,inertial,1
52.040362509458376,0.7863636363636363,1.1189433044294563,inertial,1
87.30323836519804,0.7863636363636363,0.9014782449154486,inertial,2
141.2571680177127,0.7863636363636363,0.8922476992436735,inertial,2
223.7599328553005,0.7863636363636363,0.8071174356798111,inertial,2
342.8629802383926,0.7863636363636363,0.7772846010237495,inertial,2
547.9152024867042,0.7863636363636363,0.7077697930904122,inertial,2
918.9095204903108,0.7863636363636363,0.7392293624141565,inertial,2
1445.3234909446298,0.7863636363636363,0.7296595364739663,inertial,2
2277.4773161460275,0.7863636363636363,0.7301789061292185,inertial,2
3622.9557854899926,0.7863636363636363,0.7133383028589153,inertial,2
5688.526989590144,0.7863636363636363,0.7971914802014947,inertial,2
9308.688840117362,0.7863636363636363,0.7769814696952,inertial,2
14398.16366220806,0.7863636363636363,0.6897597622183285,inertial,2
22974.510725434728,0.7863636363636363,0.7500562220884746,inertial,2
39404.34171276969,0.7863636363636363,0.7914286876897917,inertial,2
60783.2829206682,0.7863636363636363,0.7470312551598981,inertial,2
94091.29491078905,0.7863636363636363,0.7940327145938451,inertial,2
151912.42057501365,0.7863636363636363,0.7561008663371942,inertial,2
259906.96463793537,0.7863636363636363,0.7320717014644744,inertial,2
388643.44292063056,0.7863636363636363,0.7593490825639045,inertial,2
613937.3540840321,0.7863636363636363,0.716480101583303,inertial,2
1038908.3730722116,0.7863636363636363,0.7164398463906144,inertial,2
9.731389203780145e-07,0.7863636363636363,14654171.021838317,viscous,1
1.5388114314834329e-06,0.7863636363636363,9078264.464999735,viscous,1
2.5318415718532186e-06,0.7863636363636363,5495331.7791058,viscous,1
4.058304086852713e-06,0.7863636363636363,3233280.5559534053,viscous,1
6.4032423375766165e-06,0.7863636363636363,2344576.475847964,viscous,1
1.0767477681356324e-05,0.7863636363636363,1270124.159647222,viscous,1
1.7158286357262613e-05,0.7863636363636363,782868.6974293167,viscous,1
2.546584105641433e-05,0.7863636363636363,499815.3779939031,viscous,1
4.0984304941892754e-05,0.7863636363636363,351512.5705657047,viscous,1
6.702965197306198e-05,0.7863636363636363,228237.97114546903,viscous,1
0.0001108753956931,0.7863636363636363,124751.88544948385,viscous,1
0.0001715453894742,0.7863636363636363,81191.00183834776,viscous,1
0.0002842465168108,0.7863636363636363,48589.26836869413,viscous,1
0.0004404319849765,0.7863636363636363,30812.92813913984,viscous,1
0.0007317772120727,0.7863636363636363,18907.277034016704,viscous,1
0.0011026062551457,0.7863636363636363,11834.98214261739,viscous,1
0.0018485294180392,0.7863636363636363,7395.033805998305,viscous,1
0.0028622663304902,0.7863636363636363,4819.660481501392,viscous,1
0.0045560327080186,0.7863636363636363,2799.252463134394,viscous,1
0.0071480013771742,0.7863636363636363,1866.4909562096132,viscous,1
0.0124789648942043,0.7863636363636363,1207.634372352643,viscous,1
0.018918821099623,0.7863636363636363,843.5777705884796,viscous,1
0.0309897657005543,0.7863636363636363,425.48779998378745,viscous,1
0.045837520972217,0.7863636363636363,312.07041564877665,viscous,1
0.0759367599945644,0.7863636363636363,188.15194276628557,viscous,1
0.1185762935760718,0.7863636363636363,131.0542992969912,viscous,1
0.1921148755738994,0.7863636363636363,78.31923891143681,viscous,1
0.3239959600015249,0.7863636363636363,42.94775656275581,viscous,1
0.5039933759544873,0.7863636363636363,31.08344703675383,viscous,1
0.8266169796622886,0.7863636363636363,18.482749130300547,viscous,1
1.2806302713454651,0.7863636363636363,11.80911210137014,viscous,1
2.0970814555496475,0.7863636363636363,7.703808631403323,viscous,1
3.23663664358975,0.7863636363636363,4.999169086625548,viscous,1
4.945849094463607,0.7863636363636363,3.584245979936271,viscous,1
8.70053470726671,0.7863636363636363,2.3299995611642603,viscous,1
12.89109122749942,0.7863636363636363,1.8387413764673888,viscous,1
20.8574142237485,0.7863636363636363,1.4040539101258818,inertial,1
34.18254272008947,0.7863636363636363,1.2001200241192045,inertial,1
55.49131128835807,0.7863636363636363,1.0537888921875265,inertial,1
86.02666042590323,0.7863636363636363,0.8394336038172288,inertial,2
137.4554045172219,0.7863636363636363,0.8432848935542342,inertial,2
225.4366845309023,0.7863636363636363,0.8343625889473013,inertial,2
340.7507809569013,0.7863636363636363,0.7884602308296039,inertial,2
537.1662723185073,0.7863636363636363,0.7735906643943196,inertial,2
897.9642759565909,0.7863636363636363,0.8321622724515657,inertial,2
1443.1633463668688,0.7863636363636363,0.8107765720818632,inertial,2
2330.999967842828,0.7863636363636363,0.762454380858209,inertial,2
3786.647084750661,0.7863636363636363,0.7220813761170178,inertial,2
5811.916869125409,0.7863636363636363,0.7512638905078086,inertial,2
8719.553197995701,0.7863636363636363,0.8371025473860263,inertial,2
13914.382388529466,0.7863636363636363,0.7968621086534328,inertial,2
24902.579585607054,0.7863636363636363,0.7616429450243085,inertial,2
37563.671011421575,0.7863636363636363,0.6995569364235679,inertial,2
59759.41300260445,0.7863636363636363,0.8269558199309034,inertial,2
94677.81783637524,0.7863636363636363,0.7324334043319489,inertial,2
143307.57764176792,0.7863636363636363,0.8200051971274961,inertial,2
248425.1904202432,0.7863636363636363,0.7573849982384147,inertial,2
404395.7635913115,0.7863636363636363,0.7487537738983144,inertial,2
619809.5980595471,0.7863636363636363,0.8550240236457936,inertial,2
973470.2930370276,0.7863636363636363,0.7801095879422468,inertial,2
1.0067282382507094e-06,0.85,5485556.727049472,viscous,1
1.5976129425138524e-06,0.85,3222342.5579982125,viscous,1
2.540903575519306e-06,0.85,2136799.1949616293,viscous,1
3.994424213836238e-06,0.85,1319662.4483145955,viscous,1
6.316958860583712e-06,0.85,835473.5080051547,viscous,1
1.0526383690499632e-05,0.85,523033.8499936478,viscous,1
1.7454531077812785e-05,0.85,324496.9439388784,viscous,1
2.606008897897827e-05,0.85,205274.61137787116,viscous,1
4.2156546213908285e-05,0.85,128101.0792950682,viscous,1
6.769500171376559e-05,0.85,89457.18596402455,viscous,1
0.0001076262477524,0.85,51400.662217529294,viscous,1
0.0001666335691553,0.85,30596.81188395215,viscous,1
0.0002747329276493,0.85,19590.896886574246,viscous,1
0.0004432979954703,0.85,13267.919460663854,viscous,1
0.0006931175095188,0.85,7662.45423177003,viscous,1
0.0011577003063185,0.85,4645.145234815996,viscous,1
0.0017988155832055,0.85,3039.4591745123817,viscous,1
0.0030346646594166,0.85,1665.1752557837276,viscous,1
0.0044701439035366,0.85,1270.510462791146,viscous,1
0.0075774220889881,0.85,689.2955259407986,viscous,1
0.0121103176343478,0.85,443.6514770395757,viscous,1
0.0182693922828215,0.85,291.89494991354616,viscous,1
0.0301429857668332,0.85,187.2280072738168,viscous,1
0.046405423872483,0.85,120.08406627513529,viscous,1
0.0752276896061016,0.85,69.22645855372907,viscous,1
0.1278756243011074,0.85,41.35403816997071,viscous,1
0.1947473587914241,0.85,27.025869427195133,viscous,1
0.3061292765902826,0.85,18.46310690614256,viscous,1
0.4977577715205895,0.85,10.895936155807853,viscous,1
0.7883939416330412,0.85,7.528680366567794,viscous,1
1.3213930596468244,0.85,4.773133203008488,viscous,1
2.0847939986894413,0.85,3.1620026220857085,viscous,1
3.160696901252886,0.85,2.130900728724657,viscous,1
5.2926776190402585,0.85,1.4162572762152357,viscous,1
7.955076404514955,0.85,1.1158246548426738,viscous,1
12.443934232797112,0.85,0.8357257298058627,viscous,1
20.28555579229274,0.85,0.6840947262265393,inertial,1
34.875626267443266,0.85,0.6569428745008786,inertial,2
54.51805082695013,0.85,0.5034686540654877,inertial,2
87.44375094367132,0.85,0.5007021081928575,inertial,2
134.19769774944857,0.85,0.4894847168254904,inertial,2
215.12098564376544,0.85,0.4400484084639486,inertial,2
349.2370872921929,0.85,0.4586257185522573,inertial,2
550.7619858665605,0.85,0.4452539774302431,inertial,2
842.0100931423414,0.85,0.4403526989778391,inertial,2
1400.5830075539768,0.85,0.4202290139243498,inertial,2
2103.8952199322016,0.85,0.3999902867373763,inertial,2
3440.167605126559,0.85,0.4422215285929412,inertial,2
5632.486664974589,0.85,0.4343079790965812,inertial,2
9433.796753235403,0.85,0.416484414558537,inertial,2
14325.339978198852,0.85,0.4545148035433791,inertial,2
23784.506609807704,0.85,0.4021053494853363,inertial,2
38241.10535110369,0.85,0.4136222361667216,inertial,2
61054.54739026669,0.85,0.4455578960874921,inertial,2
93844.1247240748,0.85,0.4381349146540607,inertial,2
140347.60098030634,0.85,0.439332213980807,inertial,2
231362.64935724056,0.85,0.4849962614977249,inertial,2
396127.1987023317,0.85,0.4145372978380716,inertial,2
647702.3757951999,0.85,0.4110050345702957,inertial,2
1003581.6533468614,0.85,0.4213969874566004,inertial,2
1.0000353298437885e-06,0.85,5343813.98424583,viscous,1
1.6184462528072587e-06,0.85,3272300.196612037,viscous,1
2.560033643394828e-06,0.85,2215230.774831056,viscous,1
4.00323205068842e-06,0.85,1431369.4023004435,viscous,1
6.605226753783938e-06,0.85,819808.2514652637,viscous,1
1.0238878529915446e-05,0.85,535433.3116782627,viscous,1
1.6384715227903898e-05,0.85,326904.5481253446,viscous,1
2.6424087459854327e-05,0.85,205782.8624541789,viscous,1
4.251183261424688e-05,0.85,138783.8373853927,viscous,1
6.956452042760506e-05,0.85,82428.90203192449,viscous,1
0.0001098090995952,0.85,48559.17257619101,viscous,1
0.0001672896037342,0.85,32479.715638747555,viscous,1
0.0002858460719733,0.85,20414.30769316368,viscous,1
0.0004217659111608,0.85,11924.34898574228,viscous,1
0.0007400807426749,0.85,7974.558888119993,viscous,1
0.0011032757883171,0.85,4962.4188468056045,viscous,1
0.0017984094855566,0.85,3229.5686066085677,viscous,1
0.0028266325481837,0.85,2003.0586845666928,viscous,1
0.0046193828770241,0.85,1208.139748254731,viscous,1
0.007553346138924,0.85,733.3601933908063,viscous,1
0.0112487037614835,0.85,511.55199986378113,viscous,1
0.0184009724310502,0.85,312.8189627399996,viscous,1
0.0300625381032983,0.85,174.48900012840565,viscous,1
0.0480052912538478,0.85,111.31580070759962,viscous,1
0.0767143384276425,0.85,70.62280202274887,viscous,1
0.1252868654014268,0.85,42.74329647093915,viscous,1
0.1920196916039038,0.85,28.04863073208288,viscous,1
0.3028181178610802,0.85,18.326842942102267,viscous,1
0.498547027368919,0.85,11.7762944973328,viscous,1
0.792446695903492,0.85,7.196810914617691,viscous,1
1.2060959874921546,0.85,5.224371640724057,viscous,1
1.9882503052681133,0.85,3.2560793077316164,viscous,1
3.1231832546981826,0.85,2.359074254171152,viscous,1
5.258653645339414,0.85,1.408505500825438,viscous,1
8.31359991432717,0.85,1.1640634219908876,viscous,1
13.072026014650744,0.85,0.7787085327615794,inertial,1
21.28068695267774,0.85,0.7520362579713085,inertial,1
31.96050908685888,0.85,0.6309018034051775,inertial,2
53.18384387565817,0.85,0.5283560498817795,inertial,2
86.04021200678179,0.85,0.4916128689674786,inertial,2
140.2278708108157,0.85,0.440233031190112,inertial,2
217.7018163523688,0.85,0.4319927935775451,inertial,2
343.33564810522495,0.85,0.5145023807054447,inertial,2
542.9263574377405,0.85,0.4474907034916133,inertial,2
897.7255108462432,0.85,0.3938738302517061,inertial,2
1372.7626940753246,0.85,0.3939876741044676,inertial,2
2259.1256465511246,0.85,0.4025222324340778,inertial,2
3528.8392540952773,0.85,0.3972986408136111,inertial,2
5908.575710388764,0.85,0.4413440637599153,inertial,2
9670.9065723296,0.85,0.4242584162698963,inertial,2
15104.555805191516,0.85,0.452658841162588,inertial,2
25126.85905467909,0.85,0.4017547577362536,inertial,2
36788.61000112155,0.85,0.4071205997463853,inertial,2
57755.70190935342,0.85,0.4430809692892191,inertial,2
98296.3918823567,0.85,0.398635700749486,inertial,2
148694.51625206173,0.85,0.4342321468650675,inertial,2
241782.1133714104,0.85,0.4323829570806501,inertial,2
389957.6778277733,0.85,0.4507179079552599,inertial,2
647574.699458272,0.85,0.3900735302310943,inertial,2
1041527.6710363016,0.85,0.4172683796963877,inertial,2
